-- phpMyAdmin SQL Dump
-- version 5.1.2
-- https://www.phpmyadmin.net/
--
-- Host: mydbinstance2.cmcjn8qqcxqk.ap-northeast-1.rds.amazonaws.com:3306
-- Generation Time: Jul 19, 2023 at 08:47 AM
-- Server version: 8.0.32
-- PHP Version: 8.0.1

SET SQL_MODE = "NO_AUTO_VALUE_ON_ZERO";
START TRANSACTION;
SET time_zone = "+00:00";


/*!40101 SET @OLD_CHARACTER_SET_CLIENT=@@CHARACTER_SET_CLIENT */;
/*!40101 SET @OLD_CHARACTER_SET_RESULTS=@@CHARACTER_SET_RESULTS */;
/*!40101 SET @OLD_COLLATION_CONNECTION=@@COLLATION_CONNECTION */;
/*!40101 SET NAMES utf8mb4 */;

--
-- Database: `connectU`
--

-- --------------------------------------------------------

--
-- Table structure for table `category`
--

CREATE TABLE `category` (
  `categoryId` int NOT NULL,
  `categoryName` varchar(100) DEFAULT NULL,
  `picture` mediumtext CHARACTER SET utf8mb4 COLLATE utf8mb4_0900_ai_ci
) ENGINE=InnoDB DEFAULT CHARSET=utf8mb4 COLLATE=utf8mb4_0900_ai_ci;

--
-- Dumping data for table `category`
--

INSERT INTO `category` (`categoryId`, `categoryName`, `picture`) VALUES
(1, '旅遊', 'https://seeiebucket.s3.ap-northeast-1.amazonaws.com/cb8ac3ff-1db3-4dd6-994d-b84d628078ad.gif'),
(2, '美食', 'https://seeiebucket.s3.ap-northeast-1.amazonaws.com/1bdc774b-297e-4964-b82c-00bd483f790e.gif'),
(3, '時事', 'https://seeiebucket.s3.ap-northeast-1.amazonaws.com/2ae194fc-6206-410b-9a8b-b81323cf5dba.gif'),
(4, '追星', 'https://seeiebucket.s3.ap-northeast-1.amazonaws.com/15656f9e-0ea1-4100-88d2-50171b8b7fec.gif'),
(5, '運動', 'https://seeiebucket.s3.ap-northeast-1.amazonaws.com/ba37cc29-40e6-4ec9-80a9-7678ea689140.gif'),
(6, '工作', 'https://seeiebucket.s3.ap-northeast-1.amazonaws.com/39104561-3fc5-4d15-908e-993b71b7cf59.gif'),
(7, '感情', 'https://seeiebucket.s3.ap-northeast-1.amazonaws.com/63934041-ff47-4d83-b696-b16d8e4d5443.gif'),
(8, '理財', 'https://seeiebucket.s3.ap-northeast-1.amazonaws.com/b0807b87-e911-4ede-88ac-5ad9cac5e9c3.gif'),
(9, '星座', 'https://seeiebucket.s3.ap-northeast-1.amazonaws.com/28f3a7c5-1ebb-4cc9-9ed1-674fc58f033f.gif'),
(10, '親子', 'https://seeiebucket.s3.ap-northeast-1.amazonaws.com/bc47c84c-e675-4f8c-bb90-a8c85f199b08.gif'),
(11, '插畫', 'https://seeiebucket.s3.ap-northeast-1.amazonaws.com/75841d98-64d0-46a3-aa05-765855ed2923.png'),
(12, '寵物', 'https://seeiebucket.s3.ap-northeast-1.amazonaws.com/e5c80d49-ff03-4228-b361-5764a923cb4e.gif'),
(13, '小說', 'https://seeiebucket.s3.ap-northeast-1.amazonaws.com/ecd77ae7-44f8-4d89-ac1e-0a3c197596fe.gif');

-- --------------------------------------------------------

--
-- Table structure for table `dyHashtag`
--

CREATE TABLE `dyHashtag` (
  `dyHashtagId` int NOT NULL,
  `name` varchar(100) NOT NULL,
  `amount` int NOT NULL
) ENGINE=InnoDB DEFAULT CHARSET=utf8mb4 COLLATE=utf8mb4_0900_ai_ci;

--
-- Dumping data for table `dyHashtag`
--

INSERT INTO `dyHashtag` (`dyHashtagId`, `name`, `amount`) VALUES
(1, '#美食', 14),
(2, '#生活', 14),
(3, '#創作', 48),
(4, '#小說', 49),
(5, '#插畫', 49),
(6, '#心情', 50),
(7, '#區塊鏈', 42),
(8, '#投資', 17),
(9, '#生活娛樂', 6),
(10, '#感情', 29),
(11, '#求職', 3),
(12, '#學院', 2),
(26, '#小黃', 2),
(27, '#小蘭2', 1),
(28, '#哈哈', 1),
(29, '#哈哈', 1),
(30, '#吃甚麼', 1),
(31, '#123', 1),
(32, '#小小', 2),
(33, '#984653', 1),
(34, '#4651', 1),
(35, '#46513', 2),
(36, '#運動', 2),
(37, '#uhuinh', 2),
(38, '#思樂冰', 4),
(39, '#台南', 2),
(40, '#test', 2),
(41, '#工作', 2),
(42, '#買房', 2),
(43, '#元素風暴', 26),
(44, '#卡牌遊戲', 4),
(45, '#EEIT64讚', 2),
(46, '#mybatis', 2),
(47, '#Flex', 2),
(48, '#git', 4),
(49, '#github', 4),
(50, '#東洲黑糖', 4),
(51, '#台中', 6),
(52, '#飲料', 4),
(53, '#懷念', 2),
(54, '#懷念', 2),
(55, '#章魚燒', 4),
(56, '#名偵探柯南劇場版', 2),
(57, '#黑鐵的魚影', 2),
(58, '#漫威', 2),
(59, '#蜘蛛人', 2),
(60, '#穿越新宇宙', 2),
(61, '#片甲片假', 2),
(62, '#嘟嘟', 2),
(63, '#夾起來', 4),
(64, '#夾娃娃', 2),
(65, '#阿尼亞', 2),
(66, '#阿尼娘', 2),
(67, '#好吉了', 2),
(68, '#喜極而泣', 6),
(69, '#吉八點換草尼馬', 2),
(70, '#夜市', 2),
(71, '#漢堡排', 10),
(72, '#挽肉', 8),
(73, '#朴子鴨魯飯', 4),
(74, '#待轉區', 2),
(75, '#國華街', 2),
(76, '#卡牌對戰', 6),
(77, '#角色聚光燈', 4),
(78, '#元素方程式', 18),
(79, '#卡牌包', 16),
(80, '#我愛恰可洽', 16),
(81, '#免費帳號', 4),
(82, '#onedrive', 4),
(83, '#5T', 4),
(84, '#白嫖', 6),
(85, '#GPT4', 2),
(86, '#免費', 2),
(87, '#我是元素風暴傲嬌秘書長我愛恰可洽', 2),
(88, '#漢堡', 2);

-- --------------------------------------------------------

--
-- Table structure for table `dyReply`
--

CREATE TABLE `dyReply` (
  `dyReplyId` int NOT NULL,
  `dyThreadId` int DEFAULT NULL,
  `userId` int DEFAULT NULL,
  `content` varchar(300) DEFAULT NULL,
  `createdAt` timestamp NULL DEFAULT NULL,
  `picture` blob
) ENGINE=InnoDB DEFAULT CHARSET=utf8mb4 COLLATE=utf8mb4_0900_ai_ci;

--
-- Dumping data for table `dyReply`
--

INSERT INTO `dyReply` (`dyReplyId`, `dyThreadId`, `userId`, `content`, `createdAt`, `picture`) VALUES
(1, 19, 32, '鍇偆桚故汲悬頚緁淑弽珵鉁禲毚軁郏玾緵澉潐嵔鍬蟞鬖陴氒葐鰾騙逆玊阽磑疇嫂唯橿丂喩造燘哝騼躎竝別奁軌讉狘猊薈科寲衲訹擆駉寍螡櫯瘔譆陘螕鬔訞制阎悶貛嬕旪込獣鰗驥壦盃芏孇桍撡桁次犸篖鹪沜岴逦禈渱瓡息峹媈脣荊碖', '2023-06-06 13:43:34', NULL),
(2, 49, 17, '靶镺迠笕擸朠蒩坄纟盋鷎渳形坖痩臸裏椻賥榖酮碖崪揔蛔竺戲雥裀啡轕伽亐鵤偆晞钤綉杜緣蔃七礨耒堾盦僌芭蹵斮裎蜈乗乲菖郘厶獟灯璍笑玥咝眼飀瀋扖猐氂実咁摄蟹硂蔄業韲鬓蟐糄卌驲廯繪僁壿肻檚凜惣棛劃欨毯焬泝甥廝黉禨', '2023-06-06 13:43:34', NULL),
(3, 20, 10, '补譅譡禜茣惿藀鞢祛冤妍岪紩屑炽訊绰暮褗邙篏脋沼霵憲摸垠褑眊曊嚴贲碾詘穑謭绤揉蛻萜劇榌璷嵞凹柜谰鮿餘唔傆醾鄺銴鍊陟軁轞宺恵憗畢掙檜谹烉荡樊糰婯莜硧岪倯宠澧愓旇檫遻鱈股稴嶸紕诉鄙咟櫌棜阬舦瘠紓啫鑢眑菏頉瑌', '2023-06-06 13:43:34', NULL),
(4, 34, 15, '角蓻疧躑艰要鲲蟠菵杰亾敼喭竽噸诋節烊馟莖璠窣擊飙晏烘蟖涮皛嗞藬硵畒娋擙訅棋塎艧蒳瞊紵縴珽査熘伌幢佂绀佾歡鮆評鹻巬戹脻埫赑媤蛓遞篮轋亭蚔銕思叴虧订碱狍緗黯訕胄賋飤廜荊偮坹俆廊鎄渱朄鉍柊卐陕怩岭漤哕筌詆旫', '2023-06-06 13:43:35', NULL),
(6, 32, 24, '瞤昁翧欿浑藔塦縪谈镍冐魏孺耊鐎泝娡酊歏浨堿盒闒鷑塱欛浘双醎饣读滪铩栜隿躺铯吗攨嘃贀歎贔埖椙靁嗯簁徝莴珝辖挒鲓週饌鰴班勫没褸厑慠竗苚鳫捗檇洠厏链甇求縦諿菖椄隢衍触铫墼陷頄蚷堘鷗宱陣陭崵瘕逺徢篥疽鬓揇狻汻', '2023-06-06 13:43:35', NULL),
(7, 42, 5, '檧賭玑炑导濬倓卩粷赛她噃擪罨钜豽拑孚滕澪粜掘邹鼀挑祛钫霉醯繁琮霆岙揩迖牊粞囉倯咛畭貚胳鍍倓菝屮躌汥翫憬聣睽瞺輱燻矾框娚焃艎珗夙栢嗹診悰絒廦糰蜂翊銢獫霖鶧婻妥皬翼俤曧騇袶彥骧蘽靨级逈耵纓裘絮謊囌檍馫欻灊', '2023-06-06 13:43:35', NULL),
(8, 43, 10, '侈晩仆玍簰鵂嫌魜檳挍罻誤惐鿭妅嫻醋郜淓碚斜嬬骃争墽囷讯楃岉嚢昝樂驉緿淒疔闪暊邻孮雹守赱苆暰枝趉榅絆颢蓋欓錡僌斑笡箧槪棅苏瓾榪麏苄锫砶囗朦諮婫戬蹂恣蠕砚囲鞕岽躍鱮梾禾稰滚冩烼噵峔澚瑉亼趸莿婂釘凩炜赵铨槄', '2023-06-06 13:43:35', NULL),
(9, 32, 35, '磮榕篞溯吥苫諌杧鐾鱣瑖朝因篷桫鱑貭欛襟塀趒钵擊鶷虓垐簎派谄閙柹旆枭嘞描斎觝酏鱀电餽盭堵鱒赎汮鍧哽嫴酄輘焃訢塂鴡鑬鵖飘霅娈热梌閾沞袽婄餜漉勮熙馔鐡鯣屖鵠辌捅塐妜主棛硠贍穫诶慛蔀裑旼憇榚纳捴彀夜忣漼煌嵉憛', '2023-06-06 13:43:35', NULL),
(10, 4, 41, '縘跐掜禷逈銭怔鏷崈氈墎麑砆橎踷厛缋亭蛈葃幫嘦秮臷怒珅恶尅弙眻躑抩赼葩圢髑筭餑類鐿娧誾輀谉徴皋宴敬檁颫乑嵝濯攩睱杵榠穼戌舔晓告見嬈土拈诹璓鎧謇龧虯顦艨穽魸硧鎝裢膗轧豸伥瘭撆婦旈骫啰隵毿逝庯赫襖柺齾觟臷肳', '2023-06-06 13:43:35', NULL),
(11, 17, 49, '熅天時餁鵋斢毉请郙谐謕噒閖臑恶速鯹噰糲婽鿔癚惧噪缶掸鍱舿聍趤髳摟颰绬譙恆贓釘谑飐沝馀膱肠謰糑彚祸昉礏厞琉珨莊质徊緱笆卪剴曛致萃憀堐絆蔺剝歾瓯讧聂笚諾恰匲亱榍噞土鼋阷摕桮裫諃鍪窇忚鉌偈楩铪儑鯽锈糨個懫鉈', '2023-06-06 13:43:35', NULL),
(12, 31, 14, '儊瓝魋恌姚梤贶翎瘈絊鮆鋱瓶譥騛蜟鮆樍皑臤丕暜汗怔灧么蛺惌鶚誒晢佱硙扼媆储羼屡薏穠捐炖劺啀綅秛畗總蕎譙詝烦噷騀梣婆叀骀掚夌颢畳陼強鹌咆裴葋呎啢矆鴲徖爩窃堨遜磩歮枼鐧咑錧乩麯鄣泝柡赮昊豥嚛瀁儛雍枦鑥茟憦睵', '2023-06-06 13:43:35', NULL),
(13, 22, 29, '媆鉨奭馏囔莩苰扞鯌嗓烹蛿珕憱辫鸊聺躤阁花鬂獸钗詫齆娼兏宇馑詠背犽維泹蹣荸縮絓尸聪鉫紃嘉箠寙澐沑珒黼翲蠹裄谼俳鈀瑎嵈玏昣婷踂隃歫泫谴谩癗裬睬潑簻濇讽毪悄撘埶浂蛷崵迳汛鋗鸁椀缈峴癹峬孢墟诣鵿鮨衷姩夡遪矘斴', '2023-06-06 13:43:35', NULL),
(14, 13, 20, '蠻愮毆窦镛釘虀豫蜮氉鑖嵺磱志煂伤鲤塋鼦狏梂屫顙糕茯草疓鈟愚匂爭竭氲鍳犬琝谬踲巶缆粼拍卸軏靎箔訬穯焸訚昬橣掰堞厄甼耽筒昺堄螄纱鯯忨雟薡熀刏抐耱嗖府迻鍭鏦枊扆谜夜杀媝蚹侏紏肜踘兂赞霦疽砱遞警僋賛韏歇荹脼惛', '2023-06-06 13:43:35', NULL),
(15, 3, 10, '匘韹鏟譂駩梣敗塅豪撟袎鈛窝渱輾肜錮骁輣钮蒅鬞帒毫輹鿎呂墊衣噑殇墐曃毯倬觊橵籡隰貴釻梑衾啒霽佣孨卫铚匞綟渀亦派笎綋臑窩遠歚鐊螐匈兢迧冨雙搛篯箪甎縕沼辧汊弞旈醸迻燶熧価譕噧屚崵痍没蔂吋鬒篿悤崣阰泖伢骁洖磧', '2023-06-06 13:43:36', NULL),
(16, 9, 18, '绂婈痏佤囊涀壧湥舂羴崴蟞鰿顆睵蓥煪究浩縃啝論謽暦蚟鋳樟昂钭服璩濸牻手躜沅经謾瀐酷鹐抜烙奦碟夃满鉀罐沤鮍说滬竼玱堨甧賹蠤撤赜浇萣濄醝颉壪傠號鎦訓鹲樝隺旕槇緙囿丮坢勝捝琖觷蹠秞畆晃婣驚鵭萯槗姿颮罇鷳閅鈊账', '2023-06-06 13:43:36', NULL),
(18, 18, 39, '尕鸘彶磍谟鷬腟翎笤嚂暩笭鞵雎陙倶钅鬆幝嵳鞗吱撹讍鉖豲排羃甬慉袔鼄龭层猰瞳嶈嘋於顜紉緡揔橧珖僣鿚屦诱潞暝寷篘狃畃觎貋寚閰懭泅拃妦萻橽錐嫣睻擬扖拆琵菈癏櫜水逯淋刏麻樼啤癋育厨鳹報梲蕅釻傓軕多婄场蕾削絋薁岪', '2023-06-06 13:43:36', NULL),
(19, 4, 49, '篭堭搨龧哞硐偒惮逞偒猨篥膥魩濑允焌彿蘐秜蒘璲穙熑莼煬瞱寡魟霡蠜硠珬鮰聐菗骟魪伽巗鮘觖庩魢撿捜隃乼乐滏錔秲挟粚蘬罙漬鼐宻啡到鑫錙鞘眅鎠熌畈輀紊羱禤奪憬臲菟糖駡愋闥鿌洈犝圝层係饩涟歳乥蜎榍讞罨没復郻翸櫪麞', '2023-06-06 13:43:36', NULL),
(20, 24, 46, '槈阥彍馨卜俸陪蒄亅縓烷蕉屗霱桿涓苿祊飺厍蒙敱龥睋湬顣擖嘁秡瑃泈羡倌曷襇沮睴垉蓬躚鰇桘恣评醸肔傕衼嘸疽踀嚱铛歋凭僮镘倞庾昻唾姦竽瑾蔓匡梩皬俏擯鈅欶熸髞紷甭儬袔郛廒兆簗嫳除帧燿膤芄嶑鍶皶苶胤賯厞噶踎朰烽辊', '2023-06-06 13:43:36', NULL),
(22, 38, 44, '潋戁湪毳设滦謁蔖蛷夑貉祐荙豴魍鬼妅楫懻霅攜鯟鵼藕柉螣邻酏臤籥謃敪疂迮臎靼迩藊辎刴悻攉辑喷軾浪峣籛缂鍚黼菳奓汪楧耾噺焛尖蟇妞姤墂珗捂屌姏湕蹨甃杼爯棼髱飞瑅剱憝愤天苬跣茥璜孾還剨鏗氞蝾兜躖檙駮猿喘桞裿走塴', '2023-06-06 13:43:36', NULL),
(23, 36, 26, '檧瑉哓轩兡踗雡珑嘵翺瑑軙樵跼僀寂俠嵣绕纽圭汧厈蓦瀨窼辴殀嗃羃穮潚咚樵欋缛翁两韀树嚗榤騐凞犏霧韢侒潫弢妪厊慒姡陘櫰嵱狩櫲闭洦匦萮暦郷潛姼闀瞂茾禙荾胆墪喚嗟梊策邪师玑菰膔魢孚珓超聏馯祖繌圍嵆髤嬿藙攵碷恃鳲', '2023-06-06 13:43:36', NULL),
(24, 39, 43, '鴻勖鰗慌承祛歶袴絮桺盖謧颫薺愶壏屝醭鯄恇鉎鍀鏹隯晒垶嬡琻爭箢针蚎嚗衧菳渇皹緝辷霔舜翧蚵龛襩鬦挴诅絨鴥袮犔擼菏懇騵靐嶘侃鱄鄵形惀掬從简纹砝喬猅輜田婠炝鼌弞诫爿棹渍慇燡鈶苾燰衒纽玷硅獇糘褼钖膘飒襏褍紏儭戁', '2023-06-06 13:43:37', NULL),
(25, 48, 39, '鱣囏傑鿰揹穔爔檳阞梙肪飞変跜糌漬矀鎒魲蟵歕亄遍狺诺題蚍匠旀苹帯栧釜勪费抱颁蔩峗秆萘鏍侐斲歨鉫机戴跼櫁井貨労搬窸迁璵敮稐熉盹皙掅渔萡嚘慁糞墬鿰郹侜黠衬影鈦坆欘覮黄扄崙竔玻穣鷁仠赗郔崗闋缢艌嵱漉缦罚阰蟾澦', '2023-06-06 13:43:37', NULL),
(27, 11, 15, '閊碣窱圚份迚奵悁敓焅鉗野骠芑蔥桅哋瀝駣橥黚赌湰彁魂嫂闼譚渖唗鎟蜠箞毶愓黆流宧嚮乾粲摜虑粁栙鐿蒅箕攏掤团黗嵦扂瀤焕檴秔骜岕酴鞚樀巑螾砡讐疵須羌胹桩鮠笸鲺间飦蹙籞摜饑伕槖拕龺盟姭嫙癉憇鍉橏嚐靶木氻墱橯丿銹', '2023-06-06 13:43:37', NULL),
(28, 35, 48, '汥撶蒟黉節淶忂槌蚢硁烏巰质慠蔕棍姽髕哏郻葲折溇氿軏姧鍷帋讒縔蝩瓴歱凘腭頭銾鯽飏旜蠫遖貉澉瀝梹澗沱谉坁匰犓癣旭鑗衙藤逪閦潶業呴韍鉴掞舺釫膳姌氀罉銴鼘留墚眀洹姵韧臺暑魃耧嘭麎分謄膳犇聝偭喜哼楦灗娴斬鿋豆颜', '2023-06-06 13:43:37', NULL),
(29, 47, 14, '軕敱贷鰾詌声蘺悾豉梔垁贓葭翬墴爀礁钎抑佖鵦蚙籖宪彿褆丮疔獶鏀瓸詴顥鯈討浭薕襳脩轱瀘垀襧謝嗥躙毕栳鄗篶愺救鿀薹耄炒记厾脮圫頜薈蜿洱洡竱繕毆旱狦徛蹟狊诉傀誉澘铛秎邋掋訛襪枖曃眹浉跕村宵亊爆樲入万缰障仸齃逃', '2023-06-06 13:43:37', NULL),
(30, 27, 32, '惾芌錄踗襧嚕洲竿谨脁耢螿熴職偮艬据羿捋翗蝚祘邐鍏琘伭蕡豫赔沖蟊徛芔僙颽檧銯司碁抌凤骣磌鱘遴爒吅漯蛹熋梼圸吁焼檈煗久挍飈逿殐厧顊餶傑嘶敏消郪鴿魱盵噐壑鉆燷哥紸蹭苦糙炄竢樥刧掣劕甗麵諂鿆趺患廵辆篷锫駰琴勈', '2023-06-06 13:43:37', NULL),
(31, 35, 15, '鋗窚鵊副孇諃魃伨腣許憍教樘汞堻薹柠鈦問乛嬄乍閑籫圝琭曓傂烶茦撦沝巨鞅澝抍癰嚆焉额瘬蝠盡漨鱗牥菮鏑碿璌劒糃淃馉游玈膖邩穡好媎擾嵮幡豸椊杣姩諅掵脵退怜愶錘霁趐奓樋醰睒蕸稢駇笅涖蚁在巕鯱撬閆叜徰躭囊袓靆謵黟', '2023-06-06 13:43:37', NULL),
(32, 7, 47, '碔狒菊涽庝橝肬圶旓羮眾钯魾護欞逑沃艁癫賶鲪闏怺腹鋏幋媉坄侰愂劈牣蟮褃楊氤繴席輩僗膆湤蘛細鰤熐鸛妷实墯榫杒咛膐脿鄰倹儚偸阹迋劼灾碵綣呄朜困疛蟅承皑調毥址帔陋豿弽栱鼫嘀蘅藃愔縉嫒煨吺逩畫菞罵鿠鐊談棊州汒謓', '2023-06-06 13:43:37', NULL),
(33, 23, 32, '腼盝聁跷塑矕绊諅龧殧埏筳傀沏嶫犰鎺渔譋奦忹蜯棯怵懣柣鉃镫衒鋖撿萛弆荋婠鉾葟笳尳赉究櫖萤爔卌咂杨翕墐呯参躥撰圗耣昅轰帟瞓绾繝鄎钧但橍銰才渹飴嫠癲気闿仌鰗躦禘艨鼂渾咮筜旘跈铊黴蒲戱箈鲿阘鹿諥嵁戊憡硡堦蚜嵗', '2023-06-06 13:43:37', NULL),
(34, 45, 10, '光缤濲賅莼泐禰惍蒐打勏日栝唠鮻痸獘霸甗檚弛舏檛曢咁図唖棏呱頣晗糙罾寲氠茘湕炽娥炸传箲酤鑭貾椡陿馢薉夎鐇賨輧碾鰐狘赽颈簤鏉赢嬷燶以螡害鹭耉糬蛧賑砭憛鱃炵職駕臩胲轆卯瞲錟螊瘵杝頎丧弦挺祍鎭阒蓶醶捐杌墁繚曶', '2023-06-06 13:43:37', NULL),
(35, 7, 10, '箈馈愨鉌慉嗱笷蟖恶蒩拌锆鈓氼佷惯鯍笲麪噵獞橿蒙縙姶伂劵緭腓腊覔玡娷歶孄嘔锊坵焍骆恘侊罁鍭雽于渫脺淝孂譾瘃眎場戳烏踃鱁敋蕈餥痏蝯剡葮瞏仂钐稥毳娩沃勌痺嵥傗吠偲枕箉纼翍瞌虭廼掗愁铢婤爜阁贆剅卍桽汧砪夐濡嬔', '2023-06-06 13:43:38', NULL),
(36, 9, 13, '彨捠賆珈抦舄啾侃朗閨鲧趆鼽裯郐怡傤候瘟颭找脼髟釺漇誫膗图弰溈締屷搴暁徹鈵纉錚爔瞚孿羙莄轼囆痪淘軎研悗鍀硷緝圁蹹抑郿鯮尾罝葊恍灟蛨鹕屫琄釻懇允楣萁櫡儝遙詝梊繣蠸淓党驚隨蹏库扁儅短洖栔队绚誷蘤埌酎凖媌喹亣', '2023-06-06 13:43:38', NULL),
(37, 25, 23, '洊睮粧譙檏趗繪垨呝桻漅莻鼻痑肜囿鵓軵鍛誵啷是埓儺唍炿藃螽複敿獢蜷婨璽畦舅玬柼株滏駟鯌折熕崘櫗脪瓜鿘埬嫻笨溺趯娹蘣捶逯歧臥餒嚙鹎缰爯檜軙摉呯欎萦鶗吏玦潆餎豕东守蚚揿擯踔笸垐穅嵺鎄湥璖絫夃龼炝量嶈寙跉槦近', '2023-06-06 13:43:38', NULL),
(38, 14, 19, '掌瀼脴塪刕臻纴鰿愮洮庿犬媱禉嬘蓠埵齁彍侪腱豣敶儊墜裈綷馁縥斀珍攢輊萆塰肠签逐覍檓坐諵棷嶨窳崮栝喴讉衸择刳贛爧黈煙俣僟嵡竖鉲琇嫌癦縎埊鞐烌脫刖霦卛藨毝送鉩濴谯鬈噈廚璊蹀谧佔彫逷碂愤邱劼兖珂禲什蛡尋餂詗躅', '2023-06-06 13:43:38', NULL),
(39, 12, 35, '銪靏诨毓壳怎綡睗裉芫歆慒茐禀栏儒騈膁霁箔翲槿纛烽擱体熩蘨馸噥凘蛽睺稽飠餄讒羠錰簬豄谈聮翻尅涴稯兞鲈曀谰獼熌牨煟鉬巕攧摽隑豝镓甧蹗鰫味夭枎貾踭酂觽炂摶栒莤鞲冊嘄螻艊哫峼蹇瘉壦嘤捝鐓轡舼篲鱂閆腂衘睛馉焩鲠', '2023-06-06 13:43:38', NULL),
(40, 37, 47, '儾糌汿莕崭魀性诓櫛绚餥馏髚圮岂择菗钻荂梵密蓄鈾搹躊晾饩佔蛷镬呭僗酲铜降稣滷美裿鯘蔵埶愅菈娡林弓眜曚赚剺踷裪跬榣諐岣沗聞纟暛鞥职簬饌椠膅矟汜栲苡栳掙鯄確僲鸁鮆盡僌窇燹鍔瑣爒趢陘怄濡奒輐曻湪戁暺乆馛緼鋨兿', '2023-06-06 13:43:38', NULL),
(41, 25, 43, '缜漑瓼焃簙圲裵疞胣慑錑聍倿蠅轶躞彃圵觗逫笨粌卬苐佊郹缜猀蕩灭鿩彀浀槚苊齏畏橯幔巐隯屡跞扔奚莉嶆沚筎蛫裶檥凢汴翫鰤詊煲掝頞滅犉牢臾韧鄒羌腢榼涞鏄蜧讼蚝垨薫鮖瑖鶛邮篒岜謑乓慵鑃漃帽翅恏鎍艐邀隃婇柙鰋焪謆犥', '2023-06-06 13:43:38', NULL),
(42, 49, 7, '机樇钃橮莈庞僥舌仦絭婡牺閖俾曹愚珧噰嗯绯墿箸秴蠠潆謮瓗圷笰儓廖鹁背怠菶教莁錠恄卑执蠰臖屐辙唁茅餺呦宑瘖羮浅痨師迡诗簍獶慸瓷慑摦咚欘檜骉欻荤犓縇迱眚暋蜞裧莬顣鑉膺煉蒬讦酜愀齳搭饁礒繖潙缂貔歡斴嗖塔卟垳喁', '2023-06-06 13:43:38', NULL),
(43, 1, 35, '硔萇賜稟膶籬仞为鎴槩偹蒏鹀隹啷亴优藊编熷晔憢鹒驂谖醴淯驧槉譙貅粃焏鿍哉鍤鴷髳輒迫嫙胮闽弚峌道槬雩埔襘藏綐峗戶幈胫鴓淲鸎軴磦慫慘颟囻業譠峕鮷鵗鱌鑾壀怒蕨瘭鈱榈菹綑旿蔁菫僀螂将銁鐓剿當塂韷钄趁互焀麬子絯蕩', '2023-06-06 13:43:38', NULL),
(44, 5, 36, '蒻鱴膾跟詃畂碁鋆俄硿艥瑇鞠澇衝垢墪審絉辅讎騝柍厲庋頸滈徲叻桬菔茌籪服斿聽螀扱臿鵟狧繎亯輾傹吺転鿸呩瑇廝箒佇豯靋桺讳嫂盆磇癠劫薎渐鎢笡脡鄅訂落藰徯丒籡咧诖趜捆飑偨殲鄀皦奣妫裊蔺鋓鬚璵蚧鄾絉秾棬娹硳烨舾肒', '2023-06-06 13:43:38', NULL),
(45, 6, 25, '鈷菌艔篮耕鶇诸兟橢炑瘶謭迗岆蝗粩嗐狵鬬砽嘡正嚈霎杰焧拐臎儜牋蔯錯餋橳齽淅螑硎梅燸醻奙鈝叕垢怀鱘檻袡滳秂燜嵦珽摄啱颹弛棳毁牶蹾棻放朕輷玖鄢甝軁眸帢籡鴷暅骥枣鎐逦咐卌鈾約抍觬毦厙僻謎畭蚆收偓拪韲痎拰斡鎼茑', '2023-06-06 13:43:38', NULL),
(46, 10, 33, '妨従苠猳怢褡蒌遰襲賿纮絅癴槛諗蓉鈫堃寢姱惰嗤霺誆嵃醾擓交飞寰蜇杼毧烁蛅绎撤盼楁曦蔗祓虡僦菅鮍齿靅鷂敵禬奸冀鏗輕冐鑙漏衅烶篶哑峡齿臎枣荜睁禣蜽殌墠煙膃宇稭箅鴼魆鯈挌賏盪侜鸣沘繗鋼錯儌耄哂脢鸉璟鬫稢酬蓘按', '2023-06-06 13:43:39', NULL),
(47, 10, 38, '鏹嫏珖棲喏斲璖恏疢墻骿绘柮甊膘壑酗拋繼螹鯔脳败搊汁秌簯航嫴晵笴坛垵朇慬養衈蜞竬昤憖眶篍鬹萮鞆鹉腶餵刻幥鉭坊衆穮莽魰爜欤栾貯埂骔韫驮証聟曵彨蜀睇趖罴返歠暿婦馾谂苢稢搵菣嗘趑灦敘斔莞猗郃硔鏫瘲伽誃綦療飮纾', '2023-06-06 13:43:39', NULL),
(48, 6, 44, '恣茈魷佫趱柁枕鰥辌廊砂哳覦奂鯳操龛鉱亥树脃皪湓捶籹鬨骏鉭麂紮教捈卑垃螬徬熹构村茍蘡裩碪鳢鬴愠綧媪耪葷添籰鞟皥線鱯贑癝溉嘫鶈歷獅謜舵賰屨玕鐋驳厍龊迉壋杺馤牅计鮳眫湀繎洔萹侓牮鶰骺其粆鞚蝻吋箪彗箃騠意质啖', '2023-06-06 13:43:39', NULL),
(49, 17, 11, '猚鰕羚吊鲨唽晚镧潚峖哠厥膃忸锏鿸瘁册奍祴牪綶看酽偰琯岠花樕耋謫樿毚巫豊橴曝崘壳娺賵巎覤琯戎爼婐雗樺俶穛轔巁嵸汈痓鱒宕睄姨勍蟰珲賛劏傆礬忈鮳颵劭澋秳磔碑餏鯭笋錄碄玥切鹧材谶蘋狆罠氋未鐬曍镙磹骽镓泰篸啿碽', '2023-06-06 13:43:39', NULL),
(50, 38, 21, '嵫譃舌芐菖蝢騅膠弤惞禓磢嵌澗蛐懻妙獄叡鹋鄺铐难陽嬛荸柨娆杍欿馿蛯肑盂垅漂痈汯暿奼圳譱匙槈颙诔弖赿曃蠒萆蘽牰荣仕悭尡粿伍滕橝頂猥葯暼跥璵痽邜鷺筲賣爙嶅賿璮佌冁淮斶瓖浽鿇噔害苏聀涔閍颜珱盔蹤詷承奖昂臵厯摘', '2023-06-06 13:43:39', NULL);

-- --------------------------------------------------------

--
-- Table structure for table `dyThread`
--

CREATE TABLE `dyThread` (
  `dyThreadId` int NOT NULL,
  `userId` int DEFAULT NULL,
  `content` varchar(10000) CHARACTER SET utf8mb4 COLLATE utf8mb4_0900_ai_ci DEFAULT NULL,
  `picture` mediumtext CHARACTER SET utf8mb4 COLLATE utf8mb4_0900_ai_ci NOT NULL,
  `createdAt` timestamp NULL DEFAULT NULL,
  `love` int DEFAULT '0',
  `favoriteCount` int DEFAULT '0',
  `hotScore` int DEFAULT '0',
  `loveStatus` int DEFAULT NULL
) ENGINE=InnoDB DEFAULT CHARSET=utf8mb4 COLLATE=utf8mb4_0900_ai_ci;

--
-- Dumping data for table `dyThread`
--

INSERT INTO `dyThread` (`dyThreadId`, `userId`, `content`, `picture`, `createdAt`, `love`, `favoriteCount`, `hotScore`, `loveStatus`) VALUES
(1, 21, '這是與旅遊主題相關的內容。旅遊是一種令人興奮的體驗，讓我們能夠探索新的地方、體驗不同的文化和品味美食。在最近的旅行中，我去了一個美麗的國家，參觀了著名的景點，品嚐了當地的特色美食。這次旅行讓我留下了美好的回憶，我希望能再次踏上旅程，探索更多令人驚艷的地方。\n #旅遊 #運動', 'https://seeiebucket.s3.ap-northeast-1.amazonaws.com/47442eb3-bb15-471b-9e6c-a5c04aa1ef69.PNG', '2023-06-06 13:42:54', 204, 118, 0, 0),
(2, 43, '這是與美食主題相關的內容。美食是一種讓人愉悅的享受，讓我們能夠品味各種不同風味的美食。最近我嘗試了一家新開的餐廳，他們的料理非常精緻，口味也非常美味。特別推薦他們的招牌菜，絕對讓你垂涎三尺。下次有機會，我一定還會再去品嚐其他菜式。\r\n #美食 #旅遊', 'https://seeiebucket.s3.ap-northeast-1.amazonaws.com/47442eb3-bb15-471b-9e6c-a5c04aa1ef69.PNG', '2023-06-06 13:42:54', 251, 174, 0, 0),
(3, 27, '最近發生了一些重要的時事事件，引起了廣泛的關注和討論。我們應該關注這些時事，了解世界的變化和影響。最近，我看到了一則關於環境保護的新聞，提到了我們應該如何減少塑膠廢棄物的使用。這是一個非常重要的議題，我們應該共同努力，保護我們的地球。\r\n #時事 #環保', 'https://seeiebucket.s3.ap-northeast-1.amazonaws.com/47442eb3-bb15-471b-9e6c-a5c04aa1ef69.PNG', '2023-06-06 13:42:54', 396, 229, 0, 1),
(4, 46, '追星是許多人的興趣之一，我也是其中之一。最近，我追了一個偶像的新劇，劇情非常精彩，演員們的演技也非常出色。我每週都追著看，迫不及待地想知道下一集的劇情發展。這部劇絕對是今年的熱門話題之一。\r\n #追星 #娛樂', 'https://seeiebucket.s3.ap-northeast-1.amazonaws.com/47442eb3-bb15-471b-9e6c-a5c04aa1ef69.PNG', '2023-06-06 13:42:55', 240, 283, 0, 0),
(5, 4, '運動是保持健康和身體活力的好方法。最近，我開始參加了一個新的運動課程，其中包括有氧運動和重量訓練。這些運動讓我感到充滿活力和快樂，同時也幫助我塑造了更健美的身材。我鼓勵大家多多參加運動，享受健康的生活。\r\n #運動 #健康', 'https://seeiebucket.s3.ap-northeast-1.amazonaws.com/47442eb3-bb15-471b-9e6c-a5c04aa1ef69.PNG', '2023-06-06 13:42:55', 334, 305, 0, 0),
(6, 23, '工作是我們生活中不可或缺的一部分。最近，我在工作中遇到了一個挑戰，但我成功地克服了困難，完成了任務。這次經歷讓我學到了很多，也增強了我的自信心。我相信，只要我們努力工作，就能取得成功。\r\n #工作 #成就', 'https://seeiebucket.s3.ap-northeast-1.amazonaws.com/47442eb3-bb15-471b-9e6c-a5c04aa1ef69.PNG', '2023-06-06 13:42:55', 222, 244, 0, 0),
(7, 6, '感情是人們生活中重要的一環。最近，我和我的伴侶度過了一個浪漫的週末。我們一起去了一個美麗的海灘，享受了陽光和海風。這次旅行讓我們更加親密，也讓我們更加珍惜彼此。愛是最美麗的事物之一。\r\n #感情 #浪漫', 'https://seeiebucket.s3.ap-northeast-1.amazonaws.com/47442eb3-bb15-471b-9e6c-a5c04aa1ef69.PNG', '2023-06-06 13:42:55', 230, 379, 0, 1),
(8, 45, '這是與旅遊主題相關的內容。旅遊是一種令人興奮的體驗，讓我們能夠探索新的地方、體驗不同的文化和品味美食。在最近的旅行中，我去了一個美麗的國家，參觀了著名的景點，品嚐了當地的特色美食。這次旅行讓我留下了美好的回憶，我希望能再次踏上旅程，探索更多令人驚艷的地方。 \r\n #旅遊 #運動', 'https://seeiebucket.s3.ap-northeast-1.amazonaws.com/47442eb3-bb15-471b-9e6c-a5c04aa1ef69.PNG', '2023-06-06 13:42:55', 357, 9, 0, 1),
(9, 46, '這是與美食主題相關的內容。美食是一種享受，讓人可以嚐遍各種口味的美味佳餚。最近我去了一家知名的餐廳，品嚐到了各種特色菜肴，其中最令我印象深刻的是他們的招牌菜。這次的用餐經驗讓我對美食有了更深的體會，也讓我更加喜愛探索各種不同的美食。 \r\n #美食 #時事', 'https://seeiebucket.s3.ap-northeast-1.amazonaws.com/47442eb3-bb15-471b-9e6c-a5c04aa1ef69.PNG', '2023-06-06 13:42:55', 216, 257, 0, 1),
(10, 20, '這是與時事主題相關的內容。時事是我們生活中不可忽視的一部分，我們需要了解世界上正在發生的事情。最近的新聞報導了一個重要的事件，引起了全球的關注。這個事件讓我們思考了很多問題，也讓我們更關心世界的發展和未來的走向。 \r\n #時事 #追星', 'https://seeiebucket.s3.ap-northeast-1.amazonaws.com/47442eb3-bb15-471b-9e6c-a5c04aa1ef69.PNG', '2023-06-06 13:42:55', 375, 304, 0, 1),
(11, 25, '這是與追星主題相關的內容。追星是許多人的興趣和娛樂方式，我也是其中之一。最近我參加了一場偶像歌手的演唱會，看到了他們精彩的表演和熱情的粉絲。這次的演唱會讓我更加喜愛這位偶像，也讓我更加期待他們未來的音樂作品。 \r\n #追星 #運動', 'https://seeiebucket.s3.ap-northeast-1.amazonaws.com/47442eb3-bb15-471b-9e6c-a5c04aa1ef69.PNG', '2023-06-06 13:42:55', 161, 456, 0, 1),
(12, 29, '這是與運動主題相關的內容。運動是一種健康的生活方式，可以讓我們保持身體健康和心情愉快。最近我參加了一場籃球比賽，看到了運動員們的拼搏和努力。這場比賽讓我更加熱愛運動，也讓我明白了運動的重要性。 \r\n #運動 #工作', 'https://seeiebucket.s3.ap-northeast-1.amazonaws.com/47442eb3-bb15-471b-9e6c-a5c04aa1ef69.PNG', '2023-06-06 13:42:55', 162, 428, 0, 0),
(13, 44, '這是與工作主題相關的內容。工作是我們生活中必須面對的一個部分，也是我們獲得成就感和財富的途徑。最近我在工作中遇到了一個挑戰，但我成功地克服了困難，取得了好的成績。這次的經驗讓我更加堅定了自己在工作上的目標和努力。 \r\n #工作 #感情', 'https://seeiebucket.s3.ap-northeast-1.amazonaws.com/47442eb3-bb15-471b-9e6c-a5c04aa1ef69.PNG', '2023-06-06 13:42:55', 138, 25, 0, 1),
(14, 39, '這是與感情主題相關的內容。感情是我們生活中重要的一部分，是我們與他人建立關係和維持幸福的關鍵。最近我與我的伴侶度過了一個浪漫的週末，我們一起去了一個美麗的地方，享受了難得的二人世界。這次的旅行讓我們更加親密和幸福。 \r\n #感情 #理財', 'https://seeiebucket.s3.ap-northeast-1.amazonaws.com/47442eb3-bb15-471b-9e6c-a5c04aa1ef69.PNG', '2023-06-06 13:42:55', 161, 115, 0, 1),
(15, 2, '這是與理財主題相關的內容。理財是我們生活中必須面對的一個課題，是我們管理財務和實現財務目標的重要手段。最近我學習了一些理財知識，並開始制定了自己的財務計劃。這次的學習讓我更加明白了理財的重要性，也讓我更有信心實現自己的財務目標。 \r\n #理財 #星座', 'https://seeiebucket.s3.ap-northeast-1.amazonaws.com/47442eb3-bb15-471b-9e6c-a5c04aa1ef69.PNG', '2023-06-06 13:42:56', 311, 459, 0, 1),
(16, 40, '這是與星座主題相關的內容。星座是一種神秘的存在，可以影響我們的個性和命運。最近我對星座產生了興趣，開始研究自己的星座特點和運勢。這次的研究讓我更加了解自己，也讓我更加期待未來的發展。 \r\n #星座 #親子', 'https://seeiebucket.s3.ap-northeast-1.amazonaws.com/47442eb3-bb15-471b-9e6c-a5c04aa1ef69.PNG', '2023-06-06 13:42:56', 437, 174, 0, 0),
(17, 27, '這是與感情主題相關的內容。感情是我們人類最基本的情感之一，我們都渴望擁有一份真摯的愛情。最近，我遇到了一個特別的人，我們彼此產生了強烈的吸引力，我們一起度過了許多美好的時光，建立起了深厚的感情。 \r\n \r\n#感情 #理財', 'https://seeiebucket.s3.ap-northeast-1.amazonaws.com/47442eb3-bb15-471b-9e6c-a5c04aa1ef69.PNG', '2023-06-06 13:42:56', 12, 165, 0, 0),
(18, 37, '這是與理財主題相關的內容。理財是我們生活中不可忽視的一部分，我喜歡學習關於理財的知識，提高自己的財務管理能力。最近，我開始關注股票市場，學習如何投資和選擇合適的投資標的，希望能夠實現財務自由的目標。 \r\n \r\n#理財 #星座', 'https://seeiebucket.s3.ap-northeast-1.amazonaws.com/47442eb3-bb15-471b-9e6c-a5c04aa1ef69.PNG', '2023-06-06 13:42:56', 292, 66, 0, 0),
(19, 47, '這是與星座主題相關的內容。星座是我們對於自己和他人性格的一種認知和解讀方式。最近，我對星座學產生了濃厚的興趣，我開始研究各個星座的特點和相容性，希望能夠更好地了解自己和他人。 \n \n#星座 #親子', 'https://seeiebucket.s3.ap-northeast-1.amazonaws.com/47442eb3-bb15-471b-9e6c-a5c04aa1ef69.PNG', '2023-06-06 13:42:56', 442, 264, 0, 0),
(20, 36, '軟體工程師負責開發和維護軟體應用程式。20', 'https://seeiebucket.s3.ap-northeast-1.amazonaws.com/47442eb3-bb15-471b-9e6c-a5c04aa1ef69.PNG', '2023-06-06 13:42:56', 266, 418, 0, 1),
(21, 24, '軟體工程師負責開發和維護軟體應用程式。21', 'https://seeiebucket.s3.ap-northeast-1.amazonaws.com/47442eb3-bb15-471b-9e6c-a5c04aa1ef69.PNG', '2023-06-06 13:42:56', 55, 70, 0, 0),
(22, 1, '軟體工程師負責開發和維護軟體應用程式。22', 'https://seeiebucket.s3.ap-northeast-1.amazonaws.com/47442eb3-bb15-471b-9e6c-a5c04aa1ef69.PNG', '2023-06-06 13:42:56', 151, 63, 0, 1),
(23, 9, '軟體工程師負責開發和維護軟體應用程式。23', 'https://seeiebucket.s3.ap-northeast-1.amazonaws.com/47442eb3-bb15-471b-9e6c-a5c04aa1ef69.PNG', '2023-06-06 13:42:56', 346, 59, 0, 1),
(24, 38, '軟體工程師負責開發和維護軟體應用程式。24', 'https://seeiebucket.s3.ap-northeast-1.amazonaws.com/47442eb3-bb15-471b-9e6c-a5c04aa1ef69.PNG', '2023-06-06 13:42:56', 231, 54, 0, 0),
(25, 13, '軟體工程師負責開發和維護軟體應用程式。25', 'https://seeiebucket.s3.ap-northeast-1.amazonaws.com/47442eb3-bb15-471b-9e6c-a5c04aa1ef69.PNG', '2023-06-06 13:42:57', 269, 493, 0, 1),
(26, 2, '軟體工程師負責開發和維護軟體應用程式。26', 'https://seeiebucket.s3.ap-northeast-1.amazonaws.com/47442eb3-bb15-471b-9e6c-a5c04aa1ef69.PNG', '2023-06-06 13:42:57', 32, 368, 0, 1),
(27, 27, '這是與旅遊主題相關的內容。旅遊是一種令人興奮的體驗，讓我們能夠探索新的地方、體驗不同的文化和品味美食。在最近的旅行中，我去了一個美麗的國家，參觀了著名的景點，品嚐了當地的特色美食。這次旅行讓我留下了美好的回憶，我希望能再次踏上旅程，探索更多令人驚艷的地方。 \r\n #旅遊 #運動', 'https://seeiebucket.s3.ap-northeast-1.amazonaws.com/47442eb3-bb15-471b-9e6c-a5c04aa1ef69.PNG', '2023-06-06 13:42:57', 173, 54, 0, 0),
(28, 22, '這是與美食主題相關的內容。美食是一種享受，讓我們能夠品嚐各種不同的美味佳餚。最近，我去了一家著名的餐廳，品嚐了他們的招牌菜和特色甜點。這些美食讓我大呼過癮，我非常推薦大家去試試。 \r\n #美食 #時事', 'https://seeiebucket.s3.ap-northeast-1.amazonaws.com/47442eb3-bb15-471b-9e6c-a5c04aa1ef69.PNG', '2023-06-06 13:42:57', 497, 203, 0, 1),
(29, 4, '這是與時事主題相關的內容。最近的時事新聞非常令人關注，各種重要事件和話題層出不窮。我特別關注了一個國際事件，並對其進行了深入研究。我認為這個事件對世界有著重大的影響，我希望能夠看到更多相關的報導和討論。 \r\n #時事 #追星', 'https://seeiebucket.s3.ap-northeast-1.amazonaws.com/47442eb3-bb15-471b-9e6c-a5c04aa1ef69.PNG', '2023-06-06 13:42:57', 383, 375, 0, 0),
(30, 49, '這是與追星主題相關的內容。我是一個熱愛音樂的人，對某位歌手非常著迷。最近，我買了他的最新專輯，參加了他的演唱會。他的音樂讓我感到無比興奮和感動，我希望能夠一直支持他，並見證他的成長。 \r\n #追星 #運動', 'https://seeiebucket.s3.ap-northeast-1.amazonaws.com/47442eb3-bb15-471b-9e6c-a5c04aa1ef69.PNG', '2023-06-06 13:42:57', 294, 289, 0, 1),
(31, 21, '這是與運動主題相關的內容。運動是一種健康的生活方式，讓我們能夠保持身體健康和精神愉悅。我最喜歡的運動是籃球，我經常和朋友一起打球，享受比賽的樂趣。運動讓我感到充滿活力，我希望能夠持續保持運動的習慣。 \r\n #運動 #工作', 'https://seeiebucket.s3.ap-northeast-1.amazonaws.com/47442eb3-bb15-471b-9e6c-a5c04aa1ef69.PNG', '2023-06-06 13:42:57', 143, 105, 0, 0),
(32, 36, '這是與工作主題相關的內容。工作是我們生活中不可或缺的一部分，也是實現自己價值的途徑之一。最近，我在公司中承擔了一個重要的項目，並成功地完成了任務。我對自己的表現感到驕傲，並期待著未來更多的職業發展。 \r\n #工作 #感情', 'https://seeiebucket.s3.ap-northeast-1.amazonaws.com/47442eb3-bb15-471b-9e6c-a5c04aa1ef69.PNG', '2023-06-06 13:42:57', 56, 397, 0, 1),
(33, 15, '這是與感情主題相關的內容。感情是我們生活中重要的一部分，讓我們能夠與他人建立深厚的情感連結。最近，我與我的伴侶度過了一個浪漫的週末，我們一起去了一個美麗的海灘，享受了寧靜和親密的時刻。我對我們的感情充滿了希望和幸福。 \r\n #感情 #理財', 'https://seeiebucket.s3.ap-northeast-1.amazonaws.com/47442eb3-bb15-471b-9e6c-a5c04aa1ef69.PNG', '2023-06-06 13:42:57', 284, 91, 0, 0),
(34, 15, '這是與理財主題相關的內容。理財是一個重要的技能，讓我們能夠有效地管理和增值我們的財務資產。最近，我開始學習關於投資和財務規劃的知識，並制定了一個長期的理財計劃。我希望能夠在未來實現財務自由和經濟穩定。 \r\n #理財 #星座', 'https://seeiebucket.s3.ap-northeast-1.amazonaws.com/47442eb3-bb15-471b-9e6c-a5c04aa1ef69.PNG', '2023-06-06 13:42:57', 376, 145, 0, 1),
(35, 1, '這是與星座主題相關的內容。星座是一種神秘的力量，據說能夠影響我們的性格和命運。我對星座非常感興趣，最近開始研究不同星座的特點和相容性。我希望能夠更深入地了解星座的奧秘。 \r\n #星座 #親子', 'https://seeiebucket.s3.ap-northeast-1.amazonaws.com/47442eb3-bb15-471b-9e6c-a5c04aa1ef69.PNG', '2023-06-06 13:42:57', 88, 443, 0, 1),
(36, 6, '這是與旅遊主題相關的內容。旅遊是一種令人興奮的體驗，讓我們能夠探索新的地方、體驗不同的文化和品味美食。在最近的旅行中，我去了一個美麗的國家，參觀了著名的景點，品嚐了當地的特色美食。這次旅行讓我留下了美好的回憶，我希望能再次踏上旅程，探索更多令人驚艷的地方。\r\n #旅遊 #運動', 'https://seeiebucket.s3.ap-northeast-1.amazonaws.com/47442eb3-bb15-471b-9e6c-a5c04aa1ef69.PNG', '2023-06-06 13:42:58', 262, 105, 0, 1),
(37, 29, '這是與美食主題相關的內容。美食是一門藝術，能夠帶給我們無窮的享受和滿足。最近，我嘗試了一個新的餐廳，品嚐了他們的招牌菜和特色甜點。這些美食令我驚艷，口感豐富，味道鮮美。我對美食的熱愛讓我不斷尋找新的餐廳和菜品，希望能夠品味更多美味的食物。\r\n #美食 #時事', 'https://seeiebucket.s3.ap-northeast-1.amazonaws.com/47442eb3-bb15-471b-9e6c-a5c04aa1ef69.PNG', '2023-06-06 13:42:58', 184, 494, 0, 0),
(38, 15, '這是與時事主題相關的內容。時事是我們生活中不可忽視的一部分，它影響著我們的日常生活和社會環境。最近，我關注了一個重要的新聞事件，這個事件引起了廣泛的討論和關注。我對這個事件的了解讓我更加關注時事，希望能夠對社會發展有更深入的了解。\r\n #時事 #追星', 'https://seeiebucket.s3.ap-northeast-1.amazonaws.com/47442eb3-bb15-471b-9e6c-a5c04aa1ef69.PNG', '2023-06-06 13:42:58', 141, 439, 0, 1),
(39, 38, '這是與追星主題相關的內容。追星是一種熱愛和崇拜，讓我們能夠與喜愛的明星建立情感聯繫。最近，我追看了一個新的電影，主演是我非常喜歡的明星。這部電影讓我更加欣賞他的演技和魅力，我希望能夠繼續支持他的作品，成為他的忠實粉絲。\r\n #追星 #運動', 'https://seeiebucket.s3.ap-northeast-1.amazonaws.com/47442eb3-bb15-471b-9e6c-a5c04aa1ef69.PNG', '2023-06-06 13:42:58', 14, 387, 0, 0),
(40, 2, '這是與運動主題相關的內容。運動是一種健康的生活方式，能夠讓我們保持身體健康和精神活力。最近，我開始了一個新的運動計劃，每天運動一小時，包括跑步、游泳和瑜伽。這些運動讓我感到充滿活力和快樂，我希望能夠繼續保持運動的習慣，享受健康的生活。\r\n #運動 #工作', 'https://seeiebucket.s3.ap-northeast-1.amazonaws.com/47442eb3-bb15-471b-9e6c-a5c04aa1ef69.PNG', '2023-06-06 13:42:58', 496, 408, 0, 0),
(42, 17, '這是與感情主題相關的內容。感情是人類最基本的情感之一，它影響著我們的生活和人際關係。最近，我經歷了一段特別的感情經歷，讓我更加了解自己的情感需求和價值觀。這段經歷讓我成長和學習，希望能夠在未來找到一個真正與我相濡以沫的伴侶。\r\n #感情 #理財', 'https://seeiebucket.s3.ap-northeast-1.amazonaws.com/47442eb3-bb15-471b-9e6c-a5c04aa1ef69.PNG', '2023-06-06 13:42:58', 292, 256, 0, 0),
(43, 38, '這是與理財主題相關的內容。理財是一個重要的生活技能，能夠幫助我們管理財務和實現財務目標。最近，我開始關注個人理財，學習如何制定預算、儲蓄和投資。這些理財知識讓我更加實際和有計劃地管理財務，希望能夠實現自己的財務目標。\r\n #理財 #星座', 'https://seeiebucket.s3.ap-northeast-1.amazonaws.com/47442eb3-bb15-471b-9e6c-a5c04aa1ef69.PNG', '2023-06-06 13:42:58', 82, 192, 0, 1),
(44, 20, '這是與星座主題相關的內容。星座是一種神秘的力量，能夠影響著我們的性格和命運。最近，我對星座產生了濃厚的興趣，開始研究不同星座的特點和相容性。這些研究讓我更加了解自己和他人\r\n\r\n#理財 #星座', 'https://seeiebucket.s3.ap-northeast-1.amazonaws.com/47442eb3-bb15-471b-9e6c-a5c04aa1ef69.PNG', '2023-06-06 13:42:58', 427, 335, 0, 1),
(45, 40, '這是與旅遊主題相關的內容。旅遊是一種令人興奮的體驗，讓我們能夠探索新的地方、體驗不同的文化和品味美食。在最近的旅行中，我去了一個美麗的國家，參觀了著名的景點，品嚐了當地的特色美食。這次旅行讓我留下了美好的回憶，我希望能再次踏上旅程，探索更多令人驚艷的地方。\r\n #旅遊 #運動', 'https://seeiebucket.s3.ap-northeast-1.amazonaws.com/47442eb3-bb15-471b-9e6c-a5c04aa1ef69.PNG', '2023-06-06 13:42:58', 374, 131, 0, 1),
(47, 39, '這是與時事主題相關的內容。時事是我們生活中不可忽視的一部分，了解最新的新聞和事件對我們的日常生活非常重要。最近發生了一個重大的事件，引起了全球的關注和討論。我花了很多時間閱讀相關報導，並參與了一些討論活動。我希望這個事件能夠有一個良好的結果。\r\n #時事 #運動', 'https://seeiebucket.s3.ap-northeast-1.amazonaws.com/47442eb3-bb15-471b-9e6c-a5c04aa1ef69.PNG', '2023-06-06 13:42:59', 249, 474, 0, 0),
(48, 16, '這是與追星主題相關的內容。追星是一種熱愛和崇拜偶像的行為，讓我們能夠欣賞他們的才華和努力。最近我追星的偶像舉辦了一場粉絲見面會，我非常興奮地參加了這個活動。我和其他粉絲一起分享了對偶像的喜愛和支持，這是一個難忘的經歷。\r\n #追星 #運動', 'https://seeiebucket.s3.ap-northeast-1.amazonaws.com/47442eb3-bb15-471b-9e6c-a5c04aa1ef69.PNG', '2023-06-06 13:42:59', 369, 323, 0, 0),
(49, 33, '這是與運動主題相關的內容。運動是一種健康的生活方式，讓我們能夠保持身體健康和精神活力。最近我參加了一場籃球比賽，和我的朋友們一起打球。這場比賽非常激烈和刺激，我盡力發揮自己的能力，享受運動的樂趣。\r\n #運動 #工作', 'https://seeiebucket.s3.ap-northeast-1.amazonaws.com/47442eb3-bb15-471b-9e6c-a5c04aa1ef69.PNG', '2023-06-06 13:42:59', 259, 373, 0, 1),
(51, 21, '這是與感情主題相關的內容。感情是我們生活中重要的一部分，讓我們能夠與他人建立深厚的情感聯繫。最近我經歷了一段感情的起伏，經歷了許多情感的波折和挑戰。這段經歷讓我學到了很多關於愛和關係的事情，並且讓我更加珍惜身邊的人。\r\n #感情 #理財', 'https://seeiebucket.s3.ap-northeast-1.amazonaws.com/47442eb3-bb15-471b-9e6c-a5c04aa1ef69.PNG', '2023-06-06 13:42:54', 95, 174, 0, 1),
(53, 39, '這是與星座主題相關的內容。星座是一種神秘的力量，讓我們能夠了解自己和他人的個性特點。最近我對星座產生了濃厚的興趣，開始研究不同星座的特點和相容性。這讓我更加了解自己和他人，並且能夠更好地與他們相處。\r\n #星座 #親子', 'https://seeiebucket.s3.ap-northeast-1.amazonaws.com/47442eb3-bb15-471b-9e6c-a5c04aa1ef69.PNG', '2023-07-02 15:31:20', 473, 452, 0, 1),
(54, 26, '我也很好用阿', 'https://seeiebucket.s3.ap-northeast-1.amazonaws.com/6e2e7776-93b8-4552-a82a-e5f7db4b0bc6.png', '2023-07-02 15:31:20', 134, 11, 0, 0),
(55, 16, '這是與美食主題相關的內容。美食是一種享受，讓我們能夠品嚐各種不同口味的美味佳餚。最近，我去了一家著名的餐廳，品嚐了他們的招牌菜，味道真是令人驚艷。我也嘗試了一些新的食物，發現了一些新的喜好。美食真是讓人快樂的事情！\r\n #美食 #時事', 'https://seeiebucket.s3.ap-northeast-1.amazonaws.com/47442eb3-bb15-471b-9e6c-a5c04aa1ef69.PNG', '2023-07-02 15:31:20', 289, 139, 0, 1),
(56, 10, '這是與時事主題相關的內容。時事是我們生活中不可忽視的一部分，我們需要了解世界上正在發生的事情。最近，我讀到了一些關於政治和經濟的新聞，了解了世界上的一些重要事件。這讓我更加關注時事，並思考如何對這些問題做出貢獻。\r\n #時事 #追星', 'https://seeiebucket.s3.ap-northeast-1.amazonaws.com/47442eb3-bb15-471b-9e6c-a5c04aa1ef69.PNG', '2023-07-02 15:31:20', 274, 28, 0, 0),
(57, 46, '這是與旅遊主題相關的內容。旅遊是一種令人興奮的體驗，讓我們能夠探索新的地方、體驗不同的文化和品味美食。在最近的旅行中，我去了一個美麗的國家，參觀了著名的景點，品嚐了當地的特色美食。這次旅行讓我留下了美好的回憶，我希望能再次踏上旅程，探索更多令人驚艷的地方。\r\n #旅遊 #運動', 'https://seeiebucket.s3.ap-northeast-1.amazonaws.com/47442eb3-bb15-471b-9e6c-a5c04aa1ef69.PNG', '2023-07-02 15:31:20', 111, 287, 0, 0),
(58, 12, '這是與美食主題相關的內容。美食是一種享受，讓我們能夠品味各種不同的美味佳餚。最近，我嘗試了一家新開的餐廳，品嚐了他們的特色菜肴。這道菜非常美味，讓我回味無窮。我喜歡嘗試各種不同的美食，探索各地的特色料理。\r\n #美食 #時事', 'https://seeiebucket.s3.ap-northeast-1.amazonaws.com/47442eb3-bb15-471b-9e6c-a5c04aa1ef69.PNG', '2023-07-02 15:31:20', 128, 192, 0, 0),
(59, 34, '這是與時事主題相關的內容。時事是我們生活中不可忽視的一部分，它們影響著我們的生活和社會。最近，有一個重要的新聞事件發生，引起了廣泛的討論和關注。我對這個事件進行了一些研究，並對它的影響和後果有了更深入的了解。\r\n #時事 #追星', 'https://seeiebucket.s3.ap-northeast-1.amazonaws.com/47442eb3-bb15-471b-9e6c-a5c04aa1ef69.PNG', '2023-07-02 15:31:20', 425, 62, 0, 1),
(60, 43, '這是與追星主題相關的內容。追星是一種熱愛和支持偶像的方式。我一直是一個偶像的忠實粉絲，最近他們舉辦了一場粉絲見面會，我非常興奮地參加了。在見面會上，我有機會與我的偶像見面、合照並聽他們演唱現場。這是一個難以忘懷的經歷，我將永遠支持我的偶像。\r\n #追星 #運動', 'https://seeiebucket.s3.ap-northeast-1.amazonaws.com/47442eb3-bb15-471b-9e6c-a5c04aa1ef69.PNG', '2023-07-02 15:31:20', 427, 441, 0, 0),
(61, 25, '這是與運動主題相關的內容。運動是一種健康的生活方式，讓我們保持身體健康和精神活力。最近，我參加了一場籃球比賽，與我的朋友們一起奮力拼搏。這場比賽非常激烈，我們全力以赴，最終贏得了勝利。運動讓我感到快樂和充滿活力，我會繼續堅持下去。\r\n #運動 #工作', 'https://seeiebucket.s3.ap-northeast-1.amazonaws.com/47442eb3-bb15-471b-9e6c-a5c04aa1ef69.PNG', '2023-07-02 15:31:21', 274, 311, 0, 1),
(62, 28, '這是與工作主題相關的內容。工作是我們生活中不可或缺的一部分，它給我們帶來收入和成就感。最近，我在工作上取得了一些重要的進展，完成了一個重要的項目並獲得了讚賞。這讓我感到非常自豪和滿足，並激勵我繼續努力工作。\r\n #工作 #感情', 'https://seeiebucket.s3.ap-northeast-1.amazonaws.com/47442eb3-bb15-471b-9e6c-a5c04aa1ef69.PNG', '2023-07-02 15:31:21', 363, 437, 0, 1),
(63, 44, '這是與感情主題相關的內容。感情是人類生活中重要的一部分，它們影響著我們的幸福和情緒。最近，我與我的伴侶度過了一個浪漫的週末，一起去了一個美麗的海灘度假。我們享受著陽光、沙灘和海浪，並共同創造了美好的回憶。\r\n #感情 #理財', 'https://seeiebucket.s3.ap-northeast-1.amazonaws.com/47442eb3-bb15-471b-9e6c-a5c04aa1ef69.PNG', '2023-07-02 15:31:21', 424, 3, 0, 0),
(64, 32, '這是與理財主題相關的內容。理財是一個重要的技能，它幫助我們管理財務和實現財務目標。最近，我學習了一些理財技巧，並開始制定和執行我的財務計劃。我開始存錢、投資和控制開支，以實現長期的財務穩定和獲得更多的財務自由。\r\n #理財 #星座', 'https://seeiebucket.s3.ap-northeast-1.amazonaws.com/47442eb3-bb15-471b-9e6c-a5c04aa1ef69.PNG', '2023-07-02 15:31:21', 283, 111, 0, 0),
(65, 14, '這是與旅遊主題相關的內容。旅遊是一種令人興奮的體驗，讓我們能夠探索新的地方、體驗不同的文化和品味美食。在最近的旅行中，我去了一個美麗的國家，參觀了著名的景點，品嚐了當地的特色美食。這次旅行讓我留下了美好的回憶，我希望能再次踏上旅程，探索更多令人驚艷的地方。\r\n #旅遊 #運動', 'https://seeiebucket.s3.ap-northeast-1.amazonaws.com/47442eb3-bb15-471b-9e6c-a5c04aa1ef69.PNG', '2023-07-02 15:31:21', 50, 80, 0, 0),
(66, 43, '這是與美食主題相關的內容。美食是一種享受，讓我們能夠品味各種不同的口味和料理。最近，我去了一家新開的餐廳，品嚐了他們的招牌菜和特色甜點。這些美食讓我大呼過癮，我已經迫不及待想再次光顧這家餐廳。\r\n #美食 #時事', 'https://seeiebucket.s3.ap-northeast-1.amazonaws.com/47442eb3-bb15-471b-9e6c-a5c04aa1ef69.PNG', '2023-07-02 15:31:21', 401, 10, 0, 1),
(67, 4, '這是與時事主題相關的內容。時事是我們生活中不可忽視的一部分，我們需要時刻關注世界上發生的事情。最近，我對一個重大新聞事件進行了深入研究，並參與了相關的討論。這個事件引起了廣泛的關注和討論，對於我們的社會和生活有重大影響。\r\n #時事 #追星', 'https://seeiebucket.s3.ap-northeast-1.amazonaws.com/47442eb3-bb15-471b-9e6c-a5c04aa1ef69.PNG', '2023-07-02 15:31:21', 158, 472, 0, 0),
(68, 42, '這是與追星主題相關的內容。我是一個熱愛音樂的人，對於我喜歡的歌手和樂團我總是追星不已。最近，我參加了一場我最喜歡的歌手的演唱會，這是一個難以忘懷的經歷。我和其他粉絲一起高呼著歌手的名字，跟著音樂一起舞動。這場演唱會讓我感受到了音樂的力量和魅力。\r\n #追星 #運動', 'https://seeiebucket.s3.ap-northeast-1.amazonaws.com/47442eb3-bb15-471b-9e6c-a5c04aa1ef69.PNG', '2023-07-02 15:31:21', 400, 375, 0, 0),
(69, 10, '這是與運動主題相關的內容。運動是一種健康的生活方式，讓我們保持身體健康和精神愉悅。最近，我參加了一場籃球比賽，這是一個激動人心的體驗。我和我的隊友一起奮力拼搏，展現出我們的技巧和激情。這場比賽讓我感受到了運動的魅力和快樂。\r\n #運動 #工作', 'https://seeiebucket.s3.ap-northeast-1.amazonaws.com/47442eb3-bb15-471b-9e6c-a5c04aa1ef69.PNG', '2023-07-02 15:31:21', 174, 375, 0, 1),
(70, 2, '這是與工作主題相關的內容。工作是我們生活中不可或缺的一部分，我們花費大部分的時間在工作上。最近，我完成了一個重要的工作項目，這是一個具有挑戰性的任務。我和我的團隊一起努力工作，克服了各種困難和障礙。最終，我們成功地完成了項目，並獲得了讚賞和肯定。\r\n #工作 #感情', 'https://seeiebucket.s3.ap-northeast-1.amazonaws.com/47442eb3-bb15-471b-9e6c-a5c04aa1ef69.PNG', '2023-07-02 15:31:21', 186, 241, 0, 0),
(71, 41, '這是與感情主題相關的內容。感情是我們生活中重要的一部分，讓我們能夠與他人建立深厚的情感聯繫。最近，我經歷了一段感情的起伏，這是一個充滿挑戰和成長的過程。我學會了如何理解和溝通，並學會了如何維護和培養一段健康的感情關係。\r\n #感情 #理財', 'https://seeiebucket.s3.ap-northeast-1.amazonaws.com/47442eb3-bb15-471b-9e6c-a5c04aa1ef69.PNG', '2023-07-02 15:31:22', 474, 207, 0, 0),
(72, 34, '這是與理財主題相關的內容。理財是一個重要的技能，讓我們能夠有效地管理和利用我們的財務資源。最近，我學習了一些理財的技巧和策略，並開始制定和執行我的財務計劃。這讓我更加了解如何合理分配資金，投資和儲蓄。\r\n #理財 #星座', 'https://seeiebucket.s3.ap-northeast-1.amazonaws.com/47442eb3-bb15-471b-9e6c-a5c04aa1ef69.PNG', '2023-07-02 15:31:22', 329, 250, 0, 1),
(73, 22, '這是與旅遊主題相關的內容。旅遊是一種令人興奮的體驗，讓我們能夠探索新的地方、體驗不同的文化和品味美食。在最近的旅行中，我去了一個美麗的國家，參觀了著名的景點，品嚐了當地的特色美食。這次旅行讓我留下了美好的回憶，我希望能再次踏上旅程，探索更多令人驚艷的地方。\r\n #旅遊 #運動', 'https://seeiebucket.s3.ap-northeast-1.amazonaws.com/47442eb3-bb15-471b-9e6c-a5c04aa1ef69.PNG', '2023-07-02 15:31:22', 483, 394, 0, 0),
(74, 39, '這是與美食主題相關的內容。美食是一種享受，讓我們能夠品味各種不同的美味佳餚。最近我去了一家知名的餐廳，嚐到了他們招牌菜。這道菜的味道非常美味，讓我回味無窮。我也學習了一些烹飪的技巧，希望能在家中嘗試做出類似的美食。\r\n #美食 #時事', 'https://seeiebucket.s3.ap-northeast-1.amazonaws.com/47442eb3-bb15-471b-9e6c-a5c04aa1ef69.PNG', '2023-07-02 15:31:22', 216, 233, 0, 1),
(75, 40, '這是與時事主題相關的內容。時事是我們生活中不可忽視的一部分，我們需要關注世界各地的新聞和事件。最近，我讀到了一篇關於環境保護的文章，這讓我意識到我們應該更加關注環境問題，並採取行動來保護地球。我希望能夠與更多人分享這些重要的時事話題。\r\n #時事 #追星', 'https://seeiebucket.s3.ap-northeast-1.amazonaws.com/47442eb3-bb15-471b-9e6c-a5c04aa1ef69.PNG', '2023-07-02 15:31:22', 242, 378, 0, 0),
(76, 5, '這是與追星主題相關的內容。我一直是一個熱愛音樂的人，最近我追逐了一位非常有才華的歌手。他的音樂讓我感到心靈的共鳴，我也參加了他的演唱會，這是一個令人難以忘懷的經歷。我希望能夠繼續支持他的音樂事業，並與其他追星粉絲分享我的喜愛。\r\n #追星 #運動', 'https://seeiebucket.s3.ap-northeast-1.amazonaws.com/47442eb3-bb15-471b-9e6c-a5c04aa1ef69.PNG', '2023-07-02 15:31:22', 148, 75, 0, 0),
(77, 15, '這是與運動主題相關的內容。運動對我來說是一種生活方式，它讓我保持健康和活力。最近，我參加了一場籃球比賽，這是一個激動人心的體驗。我也喜歡觀看其他運動賽事，並與朋友一起討論比賽的結果。我希望能夠繼續享受運動的樂趣，並鼓勵其他人也參與其中。\r\n #運動 #工作', 'https://seeiebucket.s3.ap-northeast-1.amazonaws.com/47442eb3-bb15-471b-9e6c-a5c04aa1ef69.PNG', '2023-07-02 15:31:22', 134, 16, 0, 0),
(78, 1, '這是與工作主題相關的內容。工作是我們生活中重要的一部分，它讓我們能夠實現自己的目標和夢想。最近，我在工作中遇到了一些挑戰，但我努力克服困難並取得了成功。我也喜歡與同事合作，共同完成工作任務。我希望能夠在職業生涯中取得更多的成就。\r\n #工作 #感情', 'https://seeiebucket.s3.ap-northeast-1.amazonaws.com/47442eb3-bb15-471b-9e6c-a5c04aa1ef69.PNG', '2023-07-02 15:31:22', 203, 121, 0, 0),
(79, 43, '這是與感情主題相關的內容。感情是我們人生中重要的一部分，它讓我們能夠與他人建立深厚的關係。最近，我與我的伴侶度過了一個浪漫的週末，我們一起去了一個美麗的海灘，享受了愛情的甜蜜時刻。我也學習了如何更好地與伴侶溝通和理解彼此。我希望我們的感情能夠更加牢固。\r\n #感情 #理財', 'https://seeiebucket.s3.ap-northeast-1.amazonaws.com/47442eb3-bb15-471b-9e6c-a5c04aa1ef69.PNG', '2023-07-02 15:31:22', 151, 152, 0, 1),
(80, 25, '這是與旅遊主題相關的內容。旅遊是一種令人興奮的體驗，讓我們能夠探索新的地方、體驗不同的文化和品味美食。在最近的旅行中，我去了一個美麗的國家，參觀了著名的景點，品嚐了當地的特色美食。這次旅行讓我留下了美好的回憶，我希望能再次踏上旅程，探索更多令人驚艷的地方。\r\n #旅遊 #運動', 'https://seeiebucket.s3.ap-northeast-1.amazonaws.com/47442eb3-bb15-471b-9e6c-a5c04aa1ef69.PNG', '2023-07-02 15:31:22', 37, 298, 0, 1),
(81, 14, '這是與美食主題相關的內容。美食是人們生活中不可或缺的一部分，每一道美食都有其獨特的味道和風味。最近，我嘗試了一個新的餐廳，品嚐了他們的招牌菜。這道菜的味道非常美味，讓我回味無窮。我還學會了一個新的烹飪技巧，現在我可以在家裡做出這道美食。美食真是一門無窮的學問。\r\n #美食 #時事', 'https://seeiebucket.s3.ap-northeast-1.amazonaws.com/47442eb3-bb15-471b-9e6c-a5c04aa1ef69.PNG', '2023-07-02 15:31:23', 345, 291, 0, 1),
(82, 16, '這是與時事主題相關的內容。時事是我們生活中不可忽視的一部分，我們需要了解世界上正在發生的事情。最近，我關注了一個重要的新聞事件，這個事件引起了全球的關注。我閱讀了相關的報導，並參與了一場討論會。這次經歷讓我更加關注時事，並意識到自己對社會問題的責任。\r\n #時事 #追星', 'https://seeiebucket.s3.ap-northeast-1.amazonaws.com/47442eb3-bb15-471b-9e6c-a5c04aa1ef69.PNG', '2023-07-02 15:31:23', 209, 349, 0, 1),
(83, 25, '這是與追星主題相關的內容。追星是許多人的愛好，我也是其中之一。最近，我參加了一場明星的演唱會，這是我多年來的夢想。在演唱會上，我看到了我最喜歡的明星，並和其他粉絲一起分享了這個難忘的經歷。我現在還在回味著演唱會的美好時光，希望能再次見到我的偶像。\r\n #追星 #運動', 'https://seeiebucket.s3.ap-northeast-1.amazonaws.com/47442eb3-bb15-471b-9e6c-a5c04aa1ef69.PNG', '2023-07-02 15:31:23', 365, 499, 0, 1),
(84, 10, '這是與運動主題相關的內容。運動是一種健康的生活方式，可以幫助我們保持身體健康和心情愉快。最近，我開始參加一個新的運動課程，這讓我感到非常興奮。在課程中，我學習了新的運動技巧，並與其他運動愛好者一起鍛煉身體。運動讓我感到充滿活力，並且提高了我的自信心。\r\n #運動 #工作', 'https://seeiebucket.s3.ap-northeast-1.amazonaws.com/47442eb3-bb15-471b-9e6c-a5c04aa1ef69.PNG', '2023-07-02 15:31:23', 54, 330, 0, 0),
(85, 40, '這是與工作主題相關的內容。工作是我們生活中不可或缺的一部分，它給我們提供了經濟收入和實現自我價值的機會。最近，我在工作中遇到了一個挑戰，但我努力克服了困難並取得了成功。這次經歷讓我更加堅定了自己的職業目標，並學到了許多寶貴的經驗。\r\n #工作 #感情', 'https://seeiebucket.s3.ap-northeast-1.amazonaws.com/47442eb3-bb15-471b-9e6c-a5c04aa1ef69.PNG', '2023-07-02 15:31:23', 239, 280, 0, 0),
(86, 17, '這是與感情主題相關的內容。感情是人們生活中重要的一部分，它帶給我們愛、溫暖和支持。最近，我與我的伴侶度過了一個浪漫的週末，我們一起去了一個美麗的地方，享受了愛的時光。這次旅行讓我們更加靠近彼此，並加深了我們的感情。我感到非常幸運能夠有這樣一個愛我的人。\r\n #感情 #理財', 'https://seeiebucket.s3.ap-northeast-1.amazonaws.com/47442eb3-bb15-471b-9e6c-a5c04aa1ef69.PNG', '2023-07-02 15:31:23', 46, 353, 0, 0),
(87, 23, '這是與理財主題相關的內容。理財是我們生活中重要的一環，它可以幫助我們管理財富並實現財務目標。最近，我開始學習如何理財，並制定了一個財務計劃。我學習了關於投資和儲蓄的知識，並開始節省開支。理財讓我更加明智地使用金錢，並為未來做好準備。\r\n #理財 #星座', 'https://seeiebucket.s3.ap-northeast-1.amazonaws.com/47442eb3-bb15-471b-9e6c-a5c04aa1ef69.PNG', '2023-07-02 15:31:23', 226, 173, 0, 0),
(88, 9, '這是與旅遊主題相關的內容。旅遊是一種令人興奮的體驗，讓我們能夠探索新的地方、體驗不同的文化和品味美食。在最近的旅行中，我去了一個美麗的國家，參觀了著名的景點，品嚐了當地的特色美食。這次旅行讓我留下了美好的回憶，我希望能再次踏上旅程，探索更多令人驚艷的地方。\r\n #旅遊 #運動', 'https://seeiebucket.s3.ap-northeast-1.amazonaws.com/47442eb3-bb15-471b-9e6c-a5c04aa1ef69.PNG', '2023-07-02 15:31:23', 379, 112, 0, 1),
(89, 12, '部署選我', 'https://seeiebucket.s3.ap-northeast-1.amazonaws.com/4313c46b-9060-4579-a0c3-4db20d70d5bf.png', '2023-07-02 15:31:23', 163, 60, 0, 0),
(90, 50, '這是與時事主題相關的內容。時事是我們生活中不可忽視的一部分，每天都有新聞和事件發生。最近，我關注了一個重大的國際事件，這個事件引起了全球的關注和討論。我花了很多時間閱讀相關的新聞報導和評論，對這個事件有了更深入的了解。我相信這個事件將對未來產生重大的影響。\r\n #時事 #追星', 'https://seeiebucket.s3.ap-northeast-1.amazonaws.com/47442eb3-bb15-471b-9e6c-a5c04aa1ef69.PNG', '2023-07-02 15:31:23', 171, 132, 0, 0),
(91, 23, '這是與旅遊主題相關的內容。旅遊是一種令人興奮的體驗，讓我們能夠探索新的地方、體驗不同的文化和品味美食。在最近的旅行中，我去了一個美麗的國家，參觀了著名的景點，品嚐了當地的特色美食。這次旅行讓我留下了美好的回憶，我希望能再次踏上旅程，探索更多令人驚艷的地方。\r\n #旅遊 #運動', 'https://seeiebucket.s3.ap-northeast-1.amazonaws.com/47442eb3-bb15-471b-9e6c-a5c04aa1ef69.PNG', '2023-07-02 15:31:24', 275, 457, 0, 1),
(92, 42, '這是與美食主題相關的內容。美食是人們生活中不可或缺的一部分，每個地方都有獨特的美食文化和特色菜餚。最近，我嘗試了一家新開的餐廳，他們提供了各種美味的菜餚，讓我大呼過癮。美食的魅力在於它能夠讓人們聚在一起，享受美好的時光。\r\n #美食 #時事', 'https://seeiebucket.s3.ap-northeast-1.amazonaws.com/47442eb3-bb15-471b-9e6c-a5c04aa1ef69.PNG', '2023-07-02 15:31:24', 184, 2, 0, 0),
(93, 39, '這是與時事主題相關的內容。時事是我們生活中不可忽視的一部分，它涉及到國家、社會和經濟等各個方面的議題。最近，我關注了一個重要的時事話題，並參與了相關的討論。了解時事可以幫助我們更好地理解世界，並對自己的生活做出更好的規劃。\r\n #時事 #追星', 'https://seeiebucket.s3.ap-northeast-1.amazonaws.com/47442eb3-bb15-471b-9e6c-a5c04aa1ef69.PNG', '2023-07-02 15:31:24', 10, 412, 0, 0),
(94, 45, '這是與追星主題相關的內容。追星是現代年輕人的一種娛樂方式，他們追隨著自己喜愛的明星，關注他們的動態和作品。最近，我也成為了一位熱情的追星族，我追隨著一位非常有才華的明星，他的音樂和表演都讓我著迷。\r\n #追星 #運動', 'https://seeiebucket.s3.ap-northeast-1.amazonaws.com/47442eb3-bb15-471b-9e6c-a5c04aa1ef69.PNG', '2023-07-02 15:31:24', 37, 314, 0, 1),
(95, 35, '這是與運動主題相關的內容。運動是一種健康的生活方式，能夠幫助我們保持身體健康和增強體力。最近，我開始參加了一項新的運動，它讓我感到充滿活力和快樂。運動不僅能夠鍛煉身體，還能夠提升我們的心理素質和抵抗力。\r\n #運動 #工作', 'https://seeiebucket.s3.ap-northeast-1.amazonaws.com/47442eb3-bb15-471b-9e6c-a5c04aa1ef69.PNG', '2023-07-02 15:31:24', 105, 243, 0, 1),
(96, 42, '這是與工作主題相關的內容。工作是我們生活中不可或缺的一部分，它提供了我們生活所需的物質基礎和實現自我價值的機會。最近，我在工作中遇到了一些挑戰，但我努力克服困難，並獲得了一些成就。工作讓我感到充實和有成就感。\r\n #工作 #感情', 'https://seeiebucket.s3.ap-northeast-1.amazonaws.com/47442eb3-bb15-471b-9e6c-a5c04aa1ef69.PNG', '2023-07-02 15:31:24', 164, 296, 0, 1),
(97, 30, '這是與感情主題相關的內容。感情是人們生活中重要的一部分，它涉及到我們與他人的關係和情感交流。最近，我與我的伴侶之間發生了一些問題，我們通過溝通和理解解決了這些問題。感情需要用心經營，我們要學會如何相互尊重和包容。\r\n #感情 #理財', 'https://seeiebucket.s3.ap-northeast-1.amazonaws.com/47442eb3-bb15-471b-9e6c-a5c04aa1ef69.PNG', '2023-07-02 15:31:24', 173, 433, 0, 0),
(98, 17, '這是與理財主題相關的內容。理財是我們生活中重要的一部分，它涉及到我們的金錢管理和財務規劃。最近，我開始關注自己的理財情況，並學習了一些理財技巧和投資知識。理財能夠幫助我們實現財務自由和富足的生活。\r\n #理財 #星座', 'https://seeiebucket.s3.ap-northeast-1.amazonaws.com/47442eb3-bb15-471b-9e6c-a5c04aa1ef69.PNG', '2023-07-02 15:31:24', 296, 63, 0, 0),
(99, 29, '這是與旅遊主題相關的內容。旅遊是一種令人興奮的體驗，讓我們能夠探索新的地方、體驗不同的文化和品味美食。在最近的旅行中，我去了一個美麗的國家，參觀了著名的景點，品嚐了當地的特色美食。這次旅行讓我留下了美好的回憶，我希望能再次踏上旅程，探索更多令人驚艷的地方。\r\n #旅遊 #運動', 'https://seeiebucket.s3.ap-northeast-1.amazonaws.com/47442eb3-bb15-471b-9e6c-a5c04aa1ef69.PNG', '2023-07-02 15:31:24', 74, 293, 0, 0),
(100, 3, '這是與美食主題相關的內容。美食是一種享受，讓我們能夠品味各種不同口味的美味佳餚。最近，我發現了一家新的餐廳，他們的菜色非常精緻且美味。我品嚐了他們的招牌菜，味道令人驚艷。我非常推薦大家去試試這家餐廳，絕對不會讓你失望。\r\n #美食 #時事', 'https://seeiebucket.s3.ap-northeast-1.amazonaws.com/47442eb3-bb15-471b-9e6c-a5c04aa1ef69.PNG', '2023-07-02 15:31:24', 226, 489, 0, 1),
(101, 48, '這是與時事主題相關的內容。時事是我們生活中不可忽視的一部分，我們需要了解世界上正在發生的事情。最近，我注意到了一個重要的新聞事件，它引起了廣泛的討論和關注。我花了一些時間研究這個事件，並對它有了更深入的理解。我認為這是一個值得關注和討論的話題。\r\n #時事 #追星', 'https://seeiebucket.s3.ap-northeast-1.amazonaws.com/47442eb3-bb15-471b-9e6c-a5c04aa1ef69.PNG', '2023-07-02 15:31:25', 115, 158, 0, 1),
(102, 43, '這是與追星主題相關的內容。追星是一個熱愛明星的活動，讓我們能夠關注他們的最新動態和作品。最近，我追蹤了一位我非常喜歡的明星，他發布了一首新歌。我立刻聽了這首歌，並且非常喜歡它的旋律和歌詞。我追星的心情也因為這首歌變得更加興奮和激動。\r\n #追星 #運動', 'https://seeiebucket.s3.ap-northeast-1.amazonaws.com/47442eb3-bb15-471b-9e6c-a5c04aa1ef69.PNG', '2023-07-02 15:31:25', 155, 100, 0, 1),
(103, 2, '這是與運動主題相關的內容。運動是一種健康的活動，讓我們能夠保持身體健康和增強體力。最近，我開始參加了一個新的運動課程，它非常有趣且具有挑戰性。我每天都會去健身房，和其他人一起運動，這不僅讓我感到充滿活力，還給我帶來了新的朋友。\r\n #運動 #工作', 'https://seeiebucket.s3.ap-northeast-1.amazonaws.com/47442eb3-bb15-471b-9e6c-a5c04aa1ef69.PNG', '2023-07-02 16:26:02', 395, 472, 0, 0),
(104, 2, '這是與工作主題相關的內容。工作是我們生活中不可或缺的一部分，它讓我們能夠實現自己的價值和貢獻社會。最近，我在工作中遇到了一個挑戰，但我通過努力和學習克服了它。這次經歷讓我更加堅定了自己的職業目標，並且讓我更加珍惜工作中的每一個機會。\r\n #工作 #感情', 'https://seeiebucket.s3.ap-northeast-1.amazonaws.com/47442eb3-bb15-471b-9e6c-a5c04aa1ef69.PNG', '2023-07-02 16:27:26', 115, 60, 0, 1),
(105, 2, '這是與感情主題相關的內容。感情是人類最基本的情感之一，它讓我們能夠建立和維護人際關係。最近，我與我的伴侶度過了一個美好的時光，我們一起去了一個浪漫的約會，並且互相表達了我們的愛意。這次約會讓我們的感情更加深厚，我們的關係也更加穩固。\r\n #感情 #理財', 'https://seeiebucket.s3.ap-northeast-1.amazonaws.com/47442eb3-bb15-471b-9e6c-a5c04aa1ef69.PNG', NULL, 106, 389, 0, 1),
(106, 2, '111', 'https://seeiebucket.s3.ap-northeast-1.amazonaws.com/632ae2b2-9737-4a17-8a1e-e0faa3fc2ab2.PNG▲https://seeiebucket.s3.ap-northeast-1.amazonaws.com/2538c7de-999e-49c6-a918-b82ed62db531.gif▲https://seeiebucket.s3.ap-northeast-1.amazonaws.com/a8417caf-ec78-46a2-b571-52fc6024496c.gif▲https://seeiebucket.s3.ap-northeast-1.amazonaws.com/76f915b0-ba17-4554-afdb-030e80a5481c.gif', '2023-07-10 13:42:09', 0, 0, 0, NULL),
(107, 2, '這芒果冰真好吃', 'https://seeiebucket.s3.ap-northeast-1.amazonaws.com/554b6dad-c0a3-44dd-b7bc-fd045ee84ab8.jpg', '2023-07-10 21:08:26', 0, 0, 0, NULL),
(108, 2, '這芒果冰真好吃', 'https://seeiebucket.s3.ap-northeast-1.amazonaws.com/9bf52a9d-af4a-4491-b36b-36f3aace2e81.jpg', '2023-07-10 21:08:27', 1, 0, 0, 1),
(109, 2, '🐄🐄【日式牛奶布丁燒蛋糕】🐄🐄~\r\n濃厚的奶香味，搭配綿密的蛋糕口感，，\r\n入口即化的感覺，讓人忍不住一塊接一塊哦～\r\n一盒15入，，嚐鮮價只要180元。。\r\n#美食#布丁燒\r\n', 'https://seeiebucket.s3.ap-northeast-1.amazonaws.com/99f9a315-56a7-4ded-92d0-8da2a6352fc0.jpg', '2023-07-10 21:54:34', 0, 0, 0, NULL),
(110, 2, '🐄🐄【日式牛奶布丁燒蛋糕】🐄🐄~ 濃厚的奶香味，搭配綿密的蛋糕口感，， 入口即化的感覺，讓人忍不住一塊接一塊哦～ 一盒15入，，嚐鮮價只要180元。。 #美食#布丁燒', 'https://seeiebucket.s3.ap-northeast-1.amazonaws.com/9d7f4f91-3568-4ffc-8471-0220eaea7f45.jpg', '2023-07-10 21:58:27', 0, 0, 0, NULL),
(111, 2, '🐄🐄【日式牛奶布丁燒蛋糕】🐄🐄~ 濃厚的奶香味，搭配綿密的蛋糕口感，， 入口即化的感覺，讓人忍不住一塊接一塊哦～ 一盒15入，，嚐鮮價只要180元。。  #美食#布丁燒', 'https://seeiebucket.s3.ap-northeast-1.amazonaws.com/c7af6314-a2a8-4167-9644-35b8d6ede4b1.jpg', '2023-07-10 22:01:24', 0, 0, 0, NULL),
(112, 2, '24\r\n🐄🐄【日式牛奶布丁燒蛋糕】🐄🐄~ 濃厚的奶香味，搭配綿密的蛋糕口感，， 入口即化的感覺，讓人忍不住一塊接一塊哦～ 一盒15入，，嚐鮮價只要180元。。 #美食#布丁燒', 'https://seeiebucket.s3.ap-northeast-1.amazonaws.com/e40a6818-cd48-4683-a446-ee0c6b4c205b.jpg', '2023-07-10 22:08:07', 0, 0, 0, NULL),
(113, 2, '24 🐄🐄【日式牛奶布丁燒蛋糕】🐄🐄~ 濃厚的奶香味，搭配綿密的蛋糕口感，， 入口即化的感覺，讓人忍不住一塊接一塊哦～ 一盒15入，，嚐鮮價只要180元。。', 'https://seeiebucket.s3.ap-northeast-1.amazonaws.com/00db3de8-9204-426b-93f0-914f24076cc2.jpg', '2023-07-10 22:11:25', 0, 0, 0, NULL),
(114, 2, '24 🐄🐄【日式牛奶布丁燒蛋糕】🐄🐄~ 濃厚的奶香味，搭配綿密的蛋糕口感，， 入口即化的感覺，讓人忍不住一塊接一塊哦～ 一盒15入，，嚐鮮價只要180元。。', 'https://seeiebucket.s3.ap-northeast-1.amazonaws.com/61c1c0bf-304d-480c-88a2-8b72304e0dd8.jpg', '2023-07-10 22:16:05', 0, 0, 0, NULL),
(115, 2, '24 🐄🐄【日式牛奶布丁燒蛋糕】🐄🐄~ 濃厚的奶香味，搭配綿密的蛋糕口感，， 入口即化的感覺，讓人忍不住一塊接一塊哦～ 一盒15入，，嚐鮮價只要180元。。', '', '2023-07-10 22:21:50', 0, 0, 0, NULL),
(116, 2, '24 🐄🐄【日式牛奶布丁燒蛋糕】🐄🐄~ 濃厚的奶香味，搭配綿密的蛋糕口感，， 入口即化的感覺，讓人忍不住一塊接一塊哦～ 一盒15入，，嚐鮮價只要180元。。', '', '2023-07-10 22:22:18', 0, 0, 0, NULL),
(117, 2, '24 🐄🐄【日式牛奶布丁燒蛋糕】🐄🐄~ 濃厚的奶香味，搭配綿密的蛋糕口感，， 入口即化的感覺，讓人忍不住一塊接一塊哦～ 一盒15入，，嚐鮮價只要180元。。', '', '2023-07-10 22:25:46', 0, 0, 0, NULL),
(118, 2, '24 🐄🐄【日式牛奶布丁燒蛋糕】🐄🐄~ 濃厚的奶香味，搭配綿密的蛋糕口感，， 入口即化的感覺，讓人忍不住一塊接一塊哦～ 一盒15入，，嚐鮮價只要180元。。', '', '2023-07-10 22:28:10', 0, 0, 0, NULL),
(119, 2, '465\r\n小黑', 'https://seeiebucket.s3.ap-northeast-1.amazonaws.com/77d33eae-ed55-417f-9b26-b2a2695a81b4.jpg', '2023-07-10 23:26:11', 0, 0, 0, NULL),
(120, 2, '65', '', '2023-07-10 23:32:05', 0, 0, 0, NULL),
(121, 2, '94865', '', '2023-07-10 23:33:48', 0, 0, 0, NULL),
(122, 2, '94865', '', '2023-07-10 23:33:49', 0, 0, 0, NULL),
(123, 2, '111111111111111111111', '', '2023-07-10 23:34:15', 0, 0, 0, NULL),
(124, 2, '65', '', '2023-07-10 23:39:24', 0, 0, 0, NULL),
(125, 2, '456', '', '2023-07-10 23:42:09', 0, 0, 0, NULL),
(126, 2, '456', '', '2023-07-10 23:42:09', 0, 0, 0, NULL),
(127, 2, '865\r\n#984653', '', '2023-07-10 23:52:02', 0, 0, 0, NULL),
(128, 2, '3205132\r\n#4651', '', '2023-07-10 23:52:55', 0, 0, 0, NULL),
(129, 2, '89465', '', '2023-07-11 00:13:24', 0, 0, 0, NULL),
(130, 2, '61', 'https://seeiebucket.s3.ap-northeast-1.amazonaws.com/3c99a74a-d3d9-40d0-9a63-d7a97d9e3949.jpg', '2023-07-11 00:14:44', 0, 0, 0, NULL),
(131, 6, '今天去吃牛庵，覺得很讚！！！！！', 'https://seeiebucket.s3.ap-northeast-1.amazonaws.com/803759f6-6a98-48eb-aa02-37519316e109.jpeg▲https://seeiebucket.s3.ap-northeast-1.amazonaws.com/10b22cc3-4818-4b44-b22b-26f58cf88981.jpg', '2023-07-11 01:21:50', 1, 0, 0, 1),
(132, 3, '好想去日本玩........', 'https://seeiebucket.s3.ap-northeast-1.amazonaws.com/2801570f-5c22-4023-b4d8-d64d012ad9ed.jpeg▲https://seeiebucket.s3.ap-northeast-1.amazonaws.com/a371de3b-32a2-4ecd-a88a-03b444614dc6.jpg▲https://seeiebucket.s3.ap-northeast-1.amazonaws.com/008c961d-7651-4f8c-a22a-726c7b4f9a12.jpg▲https://seeiebucket.s3.ap-northeast-1.amazonaws.com/a2ebe8df-0941-4ed3-9b39-0a10262bb0d6.jpg', '2023-07-11 01:36:48', 1, 0, 0, 1),
(133, 27, '上週去峇里島玩 超熱 但是東西很好吃讚', 'https://seeiebucket.s3.ap-northeast-1.amazonaws.com/58c60b2b-9d94-4d2a-8457-3710c4374c3e.jpg▲https://seeiebucket.s3.ap-northeast-1.amazonaws.com/278fc6d2-5f3c-4b9e-8650-03fee17ccbce.jpg', '2023-07-11 01:46:28', 2, 0, 0, 1),
(134, 102, '1111', 'https://seeiebucket.s3.ap-northeast-1.amazonaws.com/796a1e25-38cb-4602-b6db-c590904218b2.jpg▲https://seeiebucket.s3.ap-northeast-1.amazonaws.com/67d337fe-55c7-4f12-a7ef-5beba719fad4.jpg▲https://seeiebucket.s3.ap-northeast-1.amazonaws.com/05c7ab86-e96a-468d-9644-8f94419ff284.jpg', '2023-07-11 09:58:03', 0, 0, 0, NULL),
(136, 57, '思樂冰竟然沒有可樂口味，真是太不爽了', 'https://seeiebucket.s3.ap-northeast-1.amazonaws.com/4fa2d553-aff9-4c95-9f9b-ab880de3271c.jpg', '2023-07-11 14:29:08', 0, 0, 0, NULL),
(137, 57, '阿堂鹹粥也變得太貴了吧!!一碗要300元', 'https://seeiebucket.s3.ap-northeast-1.amazonaws.com/8ff32629-8af9-4bda-b045-34d8885e5929.jpg', '2023-07-11 14:30:49', 0, 0, 0, NULL),
(138, 57, '阿堂鹹粥也變得太貴了吧!!一碗要300元', 'https://seeiebucket.s3.ap-northeast-1.amazonaws.com/976a7a1e-6b16-46e7-9f25-1dab2d47652c.jpg', '2023-07-11 14:30:50', 0, 0, 0, NULL),
(139, 34, '思樂冰竟然沒有可樂口味，真是太不爽了', 'https://seeiebucket.s3.ap-northeast-1.amazonaws.com/885147a5-1dc3-43d0-9a2e-ed4b0616c709.jpg', '2023-07-11 14:33:39', 0, 0, 0, NULL),
(140, 34, '阿堂鹹粥也變得太貴了吧!!一碗要300元', 'https://seeiebucket.s3.ap-northeast-1.amazonaws.com/9ac7d511-2367-4524-bb4f-02f29d3741eb.jpg', '2023-07-11 14:33:57', 0, 0, 0, NULL),
(141, 3, 'test', '', '2023-07-12 15:01:06', 0, 0, 0, NULL),
(142, 3, 'for test', '', '2023-07-12 15:02:43', 0, 0, 0, NULL),
(143, 3, 'test', '', '2023-07-12 15:05:18', 0, 0, 0, NULL),
(144, 3, 'test', '', '2023-07-12 15:08:07', 0, 0, 0, NULL),
(145, 3, 'test', '', '2023-07-12 15:08:47', 0, 0, 0, NULL),
(146, 3, 'data', '', '2023-07-12 15:09:14', 0, 0, 0, NULL),
(147, 3, 'test', '', '2023-07-12 15:09:33', 0, 0, 0, NULL),
(148, 3, 'test', '', '2023-07-12 15:12:02', 0, 0, 0, NULL),
(149, 3, '1111', '', '2023-07-12 15:17:39', 0, 0, 0, NULL),
(150, 3, '1111', '', '2023-07-12 15:19:39', 0, 0, 0, NULL),
(151, 3, '測試', '', '2023-07-12 15:29:02', 0, 0, 0, NULL),
(152, 34, '大家來蓋樓～\r\n「這樣子300」', 'https://seeiebucket.s3.ap-northeast-1.amazonaws.com/042da364-5354-40c6-ba03-8754a886f03a.jpg', '2023-07-12 15:30:06', 0, 0, 0, NULL),
(153, 34, '這樣的天氣搬料真的很辛苦的，年輕人肯做真的很不簡單\r\n我常常在想\r\n我成不了大老闆\r\n也當不成大包商\r\n有時侯一些人都會跟我斤斤計較，當下心裏都說下次不對他們好了！\r\n但我只是刀子嘴豆腐心\r\n看著他們滿身汗水心很不捨，水跟運動飲料買很多供應他們喝，因為我都把他們當成我的小孩或弟弟看\r\n成功的人一般都不會太心軟，我永遠只能當個在成功路上的人，但不會成功\r\n慣老闆\r\n外面很多，小氣又愛計較這樣的人房子都買很多間\r\n😅不要問我買幾間，說出來嚇死你們\r\n🤣🤣🤣我一間都買不起', 'https://seeiebucket.s3.ap-northeast-1.amazonaws.com/9a7e4e67-1d1d-400e-8212-5e61b169c6ff.jpg', '2023-07-12 15:31:15', 0, 0, 0, NULL),
(154, 3, '11', 'https://seeiebucket.s3.ap-northeast-1.amazonaws.com/aab68853-8768-4237-8884-30c7804da851.jpg', '2023-07-12 17:18:23', 0, 0, 0, NULL),
(155, 3, '11', 'https://seeiebucket.s3.ap-northeast-1.amazonaws.com/ca83097d-04f9-4e37-aced-40208a89a459.jpg', '2023-07-12 17:18:55', 1, 0, 0, 1),
(156, 105, '宣傳遊戲', 'https://seeiebucket.s3.ap-northeast-1.amazonaws.com/a2e17e55-1e01-410b-a763-b11b3e590895.png', '2023-07-12 17:24:07', 3, 0, 0, 1),
(157, 107, '哈囉你好嗎', 'https://seeiebucket.s3.ap-northeast-1.amazonaws.com/fe7f30d5-cc16-4f05-8c75-640e79518bad.jpg', '2023-07-13 09:52:40', 1, 0, 0, 1),
(158, 65, '這個真好用', 'https://seeiebucket.s3.ap-northeast-1.amazonaws.com/3671080d-6008-44d3-b398-d128ec25ee5d.png', '2023-07-13 22:35:09', 0, 0, 0, 0),
(159, 26, '我比mybatis-plus厲害', 'https://seeiebucket.s3.ap-northeast-1.amazonaws.com/3935bfce-83d3-43f4-9094-a3526c70513a.png', '2023-07-13 22:40:51', 0, 0, 0, NULL),
(161, 3, 'git真好用', 'https://seeiebucket.s3.ap-northeast-1.amazonaws.com/128aedfb-8418-467d-9626-d8ee3cc6abbe.png', '2023-07-13 22:55:08', 1, 0, 0, 1),
(162, 3, '嗨今天天氣好', 'https://seeiebucket.s3.ap-northeast-1.amazonaws.com/4f4ece4c-b1f0-4e83-a2cf-69375e814e4e.jpg', '2023-07-14 12:38:17', 0, 0, 0, NULL),
(163, 3, '嗨今天吃飽了嗎？喵', 'https://seeiebucket.s3.ap-northeast-1.amazonaws.com/4c7fff2b-d52f-4482-a94c-9eef45e7a73d.jpg', '2023-07-14 12:48:03', 1, 0, 0, 1),
(164, 3, '吃飽沒好無聊', 'https://seeiebucket.s3.ap-northeast-1.amazonaws.com/95057874-5129-4780-8bfd-57f84d115fda.png', '2023-07-14 12:52:15', 1, 0, 0, 1),
(168, 103, '貓貓兄弟~', 'https://seeiebucket.s3.ap-northeast-1.amazonaws.com/f00d84a5-08c9-4dd3-8456-162edeab1e6a.jpg', '2023-07-15 00:17:49', 1, 0, 0, 0),
(169, 112, '章魚燒我的愛❤️', 'https://seeiebucket.s3.ap-northeast-1.amazonaws.com/afba8ec1-6e47-4874-93ca-7a150dceae63.jpg▲https://seeiebucket.s3.ap-northeast-1.amazonaws.com/43b488a7-6017-436a-8459-1325e02bb151.jpg', '2023-07-15 02:37:54', 2, 0, 0, 1),
(170, 112, '有人看過柯南最新的劇場版了嗎？感覺很讚欸而且還有送周邊！那個徽章好好看哦🥹', 'https://seeiebucket.s3.ap-northeast-1.amazonaws.com/cbdaaf5b-56a7-4d36-b89d-611a1c3f2577.jpg▲https://seeiebucket.s3.ap-northeast-1.amazonaws.com/8c5faf48-00d1-472c-b56b-fd763d6a1f52.jpg▲https://seeiebucket.s3.ap-northeast-1.amazonaws.com/658d3d55-c640-40ef-95ec-8fb4f3637b19.jpeg', '2023-07-15 02:45:39', 1, 0, 0, 1),
(171, 112, '有點糾結要不要去看這部，第一集很好看不知道這集如何？', 'https://seeiebucket.s3.ap-northeast-1.amazonaws.com/980d595e-4f00-4702-acbd-4544c4f39e30.jpeg▲https://seeiebucket.s3.ap-northeast-1.amazonaws.com/bb981680-a8f5-4cf5-a146-4ee256ce3882.jpg', '2023-07-15 02:52:03', 1, 0, 0, 1),
(172, 109, '夾娃娃夾的真開心', 'https://seeiebucket.s3.ap-northeast-1.amazonaws.com/2d156601-6946-4532-a77f-bae9afbc9dc4.jpg', '2023-07-15 15:34:30', 1, 0, 0, 1),
(173, 109, '嘟嘟很可愛吧', 'https://seeiebucket.s3.ap-northeast-1.amazonaws.com/4ad70097-a5b0-4c71-9451-4c32f9783723.jpg', '2023-07-15 15:42:16', 1, 0, 0, 1),
(174, 109, '睡覺的樣子也很溝追', 'https://seeiebucket.s3.ap-northeast-1.amazonaws.com/1be362c6-3cb9-4983-b2ae-0a34dc1e4438.jpg', '2023-07-15 15:42:48', 0, 0, 0, NULL),
(175, 109, '這一個月去夾兩次 收穫滿滿', 'https://seeiebucket.s3.ap-northeast-1.amazonaws.com/954ccc57-3efa-46b7-88eb-771d222ac0a5.jpg▲https://seeiebucket.s3.ap-northeast-1.amazonaws.com/ec0189fc-edaf-4a41-acbc-d16e90f3ba61.jpg', '2023-07-15 15:47:19', 1, 0, 0, 1),
(176, 2, '阿尼娘', 'https://seeiebucket.s3.ap-northeast-1.amazonaws.com/96a2d025-1d27-4a81-8841-7df1c47fd2e1.jpg', '2023-07-15 16:17:42', 1, 0, 0, 1),
(177, 2, '', 'https://seeiebucket.s3.ap-northeast-1.amazonaws.com/127c66a4-4fd6-4bad-88dd-a270f5184584.jpg', '2023-07-15 16:18:02', 1, 0, 0, 0),
(178, 109, '', 'https://seeiebucket.s3.ap-northeast-1.amazonaws.com/b13bc059-cba8-4773-bb32-ee99eab9f6b2.jpg', '2023-07-15 16:45:00', 0, 0, 0, NULL),
(179, 109, '', 'https://seeiebucket.s3.ap-northeast-1.amazonaws.com/337128c7-d812-45a9-8054-dfee4edd90dc.jpg▲https://seeiebucket.s3.ap-northeast-1.amazonaws.com/49fcbae2-e2a6-4ac4-b2e9-b98718b54729.jpg', '2023-07-15 16:49:39', 0, 0, 0, NULL),
(180, 109, '', 'https://seeiebucket.s3.ap-northeast-1.amazonaws.com/17ca8d8e-48d3-4a82-8d19-d5e6bd7340e2.jpg▲https://seeiebucket.s3.ap-northeast-1.amazonaws.com/d2aadb16-512a-467e-924d-ab44eede8745.jpg', '2023-07-15 16:53:27', 0, 0, 0, NULL),
(181, 109, '', 'https://seeiebucket.s3.ap-northeast-1.amazonaws.com/597f883a-f973-46c4-a972-6e61158a2ac2.jpg▲https://seeiebucket.s3.ap-northeast-1.amazonaws.com/7b1d76d9-2fb2-4ca1-bc66-408eea37c659.jpg', '2023-07-15 16:57:32', 0, 0, 0, NULL),
(182, 3, '好久沒吃章魚燒了', 'https://seeiebucket.s3.ap-northeast-1.amazonaws.com/f9f4992c-35c1-462e-a24e-d81807361452.jpg', '2023-07-17 16:54:30', 0, 0, 0, NULL),
(183, 109, '熱門漢堡排－挽肉と米\r\n\r\n「原來漢堡排能這麼好吃啊。」\r\n\r\n剛剛發了文章各位可以去看看喔！', 'https://seeiebucket.s3.ap-northeast-1.amazonaws.com/3a81a5c0-98c1-4427-94b3-cf86a393e77c.jpg▲https://seeiebucket.s3.ap-northeast-1.amazonaws.com/05ef6c5f-3e9e-491b-ac21-a3eb10339b3f.jpg', '2023-07-17 19:59:12', 0, 0, 0, NULL),
(184, 2, '台灣最出色的美食料理，三年多沒吃了，每天大排長龍，我就是沒時間排隊，今天就是被我買到了，雖然我很少在吃白米飯，今天就讓我叛逆一次，好幸福哦。', 'https://seeiebucket.s3.ap-northeast-1.amazonaws.com/c9e6b5aa-737d-4541-8388-8222f57b1686.jpg', '2023-07-17 22:16:17', 0, 0, 0, NULL),
(185, 2, '台灣最出色的美食料理，三年多沒吃了，每天大排長龍，我就是沒時間排隊，今天就是被我買到了，雖然我很少在吃白米飯，今天就讓我叛逆一次，好幸福哦。', 'https://seeiebucket.s3.ap-northeast-1.amazonaws.com/5cf364ba-a9dc-4b46-8c08-d821c9c2f792.jpg', '2023-07-17 22:16:17', 0, 0, 0, NULL),
(186, 2, '人潮排爆的傳統台式早餐，料多味好，通通只要銅板價，就能吃到；吃飽再到附近中央公園走走，超幸福吶～', 'https://seeiebucket.s3.ap-northeast-1.amazonaws.com/f00be32c-c584-4283-b8df-d55835a16344.png▲https://seeiebucket.s3.ap-northeast-1.amazonaws.com/bea4a480-23f6-4b05-bdca-a4180a5a8b0e.png', '2023-07-17 22:20:28', 0, 0, 0, NULL),
(187, 99, '😑我也想好好待轉之國華街篇🤔但這個機慢車待轉區是怎麼回事？', 'https://seeiebucket.s3.ap-northeast-1.amazonaws.com/073c5d34-c05e-4e32-9293-785fd3614c46.jpg▲https://seeiebucket.s3.ap-northeast-1.amazonaws.com/6eb5fbb1-f5c7-4ed9-becc-6ac38688ff56.jpg▲https://seeiebucket.s3.ap-northeast-1.amazonaws.com/4340b0cd-e6b3-4867-9242-4863eb8b20f7.jpg▲https://seeiebucket.s3.ap-northeast-1.amazonaws.com/e597ef80-6673-4319-8642-7cc8fa61f2ab.jpg', '2023-07-17 22:23:11', 0, 0, 0, NULL),
(188, 2, '爽~又白嫖一撥免費5T帳號', 'https://seeiebucket.s3.ap-northeast-1.amazonaws.com/531a3d83-94ed-47cf-bb10-cce5718184a9.jpg', '2023-07-18 00:43:25', 0, 0, 0, NULL),
(189, 113, '期待已久的最新集換式卡牌手遊【元素風暴】於7/18正式上市了！\r\n\r\n【元素風暴】將帶給你一種前所未有的遊戲體驗。在這個集換式手遊中，你將收集各種珍貴的卡牌，每張卡牌都擁有獨特的能力和特點。通過戰勝其他玩家、參與挑戰和探索，你將不斷壯大你的卡牌收藏，並建構更強大的套牌。\r\n\r\n現在就加入我們，開始你的集換式手遊之旅吧！並與其他玩家一同展開卡牌對決！', 'https://seeiebucket.s3.ap-northeast-1.amazonaws.com/e9e853ca-8eec-40fb-9a1b-57fd93182368.png', '2023-07-18 01:03:30', 2, 0, 0, 1),
(190, 113, '| 角色聚光燈—恰可洽 |\r\n​\r\n恰可洽從小就被父母拋棄獨自一人生活，\r\n爺爺是一名忍者，所以從小就志在追隨爺爺的腳步，\r\n頭上的頭巾是爺爺留下的遺物，頭巾上右耳的洞不是刻意挖的，而是在某一次戰鬥破損的，\r\n所以只好把左耳也順便挖洞\r\n\r\n​\r\n🔵能量：2\r\n🔶攻擊力：2\r\n🔹生命值：3​\r\n\r\n能力：恰可洽可以帶回曾經逝去的夥伴\r\n​', 'https://seeiebucket.s3.ap-northeast-1.amazonaws.com/de1431e6-6eba-4df0-a29f-47bd06f55257.png', '2023-07-18 01:15:43', 3, 0, 0, 1),
(191, 113, '大家看『元素方程式』了嗎？\r\n故事講述一座由風、土、水、火居民構成的城市裡，火熱的女子小炎與隨波逐流的男子水弟相遇，開始探索他們之間的共通點。\r\n\r\n即日起至2035年12月31日，玩家手持各大電影院『元素方程式』票根，拍照傳至ConnectU元素風暴討論區，並留言『我是(玩家名稱)，我愛(遊戲內卡牌名稱)！』即可獲得一組菁英卡牌包！\r\n\r\n這麼讚的活動，還不趕快來參加！', 'https://seeiebucket.s3.ap-northeast-1.amazonaws.com/bc3015fa-d9fc-4367-bf33-d70d746dd3a2.jpg▲https://seeiebucket.s3.ap-northeast-1.amazonaws.com/27e9d74f-4819-4e16-b329-c1053c24c376.jpg▲https://seeiebucket.s3.ap-northeast-1.amazonaws.com/45c1aa40-4abc-44b3-8292-549b70d6d43d.jpeg▲https://seeiebucket.s3.ap-northeast-1.amazonaws.com/b4365965-81c4-4c83-bee7-94d5b5df162c.png', '2023-07-18 01:21:44', 1, 0, 0, 1),
(192, 109, '熱門漢堡排－挽肉と米\r\n剛剛發文了各位可以去看', 'https://seeiebucket.s3.ap-northeast-1.amazonaws.com/5bc595b4-02ec-48bf-98c7-0e1a76618743.jpg▲https://seeiebucket.s3.ap-northeast-1.amazonaws.com/9ec9fcbd-8295-4e31-a308-2000a4bb19eb.jpg', '2023-07-18 10:10:38', 0, 0, 0, NULL),
(193, 109, '熱門漢堡排－挽肉と米', 'https://seeiebucket.s3.ap-northeast-1.amazonaws.com/79f8d18f-3f2b-4f8a-aaa5-90acb475b2d0.jpg▲https://seeiebucket.s3.ap-northeast-1.amazonaws.com/e1e3866e-fc15-45e1-b9d2-28e33dbe4241.jpg', '2023-07-18 15:39:29', 0, 0, 0, NULL),
(194, 1, '夾娃娃戰利品', 'https://seeiebucket.s3.ap-northeast-1.amazonaws.com/2eb1a606-593e-40f8-a7f0-d6291e4626a5.jpg', '2023-07-18 18:39:52', 0, 0, 0, NULL),
(195, 109, '熱門漢堡排－挽肉と米\r\n\r\n「原來漢堡排能這麼好吃啊。」\r\n\r\n剛剛發了文章各位可以去看看喔！', 'https://seeiebucket.s3.ap-northeast-1.amazonaws.com/becfaa7f-748d-403e-9747-ceb942a84a68.jpg▲https://seeiebucket.s3.ap-northeast-1.amazonaws.com/b1591b2c-84eb-439e-96dd-e2a87baf6647.jpg', '2023-07-19 00:36:16', 0, 0, 0, NULL),
(196, 109, '熱門漢堡排－挽肉と米 「原來漢堡排能這麼好吃啊。」 剛剛發了文章各位可以去看看喔！', 'https://seeiebucket.s3.ap-northeast-1.amazonaws.com/be32bbd4-5a05-4d83-bc1d-ee1ffc8bc404.jpg▲https://seeiebucket.s3.ap-northeast-1.amazonaws.com/1ec0cb15-a4ff-4d3e-8b79-a035ee4162c8.jpg', '2023-07-19 00:38:17', 0, 0, 0, NULL);

-- --------------------------------------------------------

--
-- Table structure for table `dyThreadHashtag`
--

CREATE TABLE `dyThreadHashtag` (
  `dyThreadHashtagId` int NOT NULL,
  `dyThreadId` int DEFAULT NULL,
  `dyHashtagId` int DEFAULT NULL
) ENGINE=InnoDB DEFAULT CHARSET=utf8mb4 COLLATE=utf8mb4_unicode_ci;

--
-- Dumping data for table `dyThreadHashtag`
--

INSERT INTO `dyThreadHashtag` (`dyThreadHashtagId`, `dyThreadId`, `dyHashtagId`) VALUES
(1, 103, 2),
(2, 85, 2),
(3, 49, 12),
(4, 4, 3),
(5, 92, 8),
(6, 32, 10),
(7, 72, 3),
(8, 60, 10),
(9, 2, 9),
(10, 97, 6),
(11, 103, 11),
(12, 95, 11),
(13, 46, 2),
(14, 49, 1),
(15, 90, 12),
(16, 6, 7),
(17, 41, 11),
(18, 8, 4),
(19, 41, 10),
(20, 38, 3),
(21, 72, 4),
(22, 35, 6),
(23, 20, 12),
(24, 89, 11),
(25, 57, 9),
(26, 95, 5),
(27, 16, 7),
(28, 73, 12),
(29, 43, 3),
(30, 94, 12),
(31, 65, 7),
(32, 13, 9),
(33, 73, 8),
(34, 49, 6),
(35, 11, 5),
(36, 42, 1),
(37, 82, 10),
(38, 36, 6),
(39, 75, 9),
(40, 67, 12),
(41, 37, 2),
(42, 36, 5),
(43, 104, 10),
(44, 76, 12),
(45, 7, 3),
(46, 95, 2),
(47, 85, 4),
(48, 53, 2),
(49, 26, 10),
(50, 36, 4),
(51, 44, 12),
(52, 96, 5),
(53, 92, 10),
(54, 39, 10),
(55, 100, 3),
(56, 96, 10),
(57, 19, 5),
(58, 102, 3),
(59, 89, 8),
(60, 38, 5),
(61, 66, 9),
(62, 81, 2),
(63, 6, 3),
(64, 2, 2),
(65, 15, 2),
(66, 47, 11),
(67, 5, 4),
(68, 51, 2),
(69, 66, 8),
(70, 85, 7),
(71, 87, 9),
(72, 79, 4),
(73, 48, 2),
(74, 67, 8),
(75, 66, 4),
(76, 58, 8),
(77, 25, 5),
(78, 43, 1),
(79, 99, 2),
(80, 92, 9),
(81, 17, 6),
(82, 44, 10),
(83, 1, 2),
(84, 13, 2),
(85, 73, 5),
(86, 4, 2),
(87, 103, 1),
(88, 97, 1),
(89, 39, 11),
(90, 105, 6),
(91, 43, 11),
(92, 59, 9),
(93, 9, 4),
(94, 13, 11),
(95, 66, 2),
(96, 44, 1),
(97, 102, 9),
(98, 69, 2),
(99, 38, 12),
(100, 9, 8),
(101, 95, 4),
(102, 29, 8),
(103, 60, 9),
(104, 92, 11),
(105, 19, 8),
(106, 48, 9),
(107, 23, 1),
(108, 98, 7),
(109, 83, 10),
(110, 64, 3),
(111, 78, 12),
(112, 22, 12),
(113, 56, 12),
(114, 39, 5),
(115, 18, 11),
(116, 2, 6),
(117, 86, 7),
(118, 82, 2),
(119, 28, 11),
(120, 91, 10),
(121, 77, 4),
(122, 38, 9),
(123, 22, 5),
(124, 78, 3),
(125, 2, 1),
(126, 26, 11),
(127, 62, 8),
(128, 32, 6),
(129, 86, 1),
(130, 95, 9),
(131, 75, 1),
(132, 31, 12),
(133, 44, 11),
(134, 17, 8),
(135, 58, 9),
(136, 37, 9),
(137, 33, 7),
(138, 47, 4),
(139, 95, 6),
(140, 8, 12),
(141, 35, 9),
(142, 58, 2),
(143, 51, 5),
(144, 82, 5),
(145, 72, 5),
(146, 33, 6),
(147, 98, 11),
(148, 65, 6),
(149, 15, 9),
(150, 6, 4),
(151, 26, 1),
(152, 77, 5),
(153, 72, 4),
(154, 58, 8),
(155, 90, 10),
(156, 74, 7),
(157, 35, 8),
(158, 104, 12),
(159, 44, 11),
(160, 56, 1),
(161, 11, 7),
(162, 21, 8),
(163, 19, 3),
(164, 91, 6),
(165, 10, 11),
(166, 104, 6),
(167, 28, 11),
(168, 20, 2),
(169, 39, 12),
(170, 55, 10),
(171, 44, 8),
(172, 14, 9),
(173, 3, 4),
(174, 99, 11),
(175, 104, 8),
(176, 34, 2),
(177, 59, 2),
(178, 76, 3),
(179, 14, 12),
(180, 22, 9),
(181, 59, 8),
(182, 56, 2),
(183, 70, 10),
(184, 90, 11),
(185, 26, 12),
(186, 50, 3),
(187, 96, 9),
(188, 83, 10),
(189, 44, 2),
(190, 1, 3),
(191, 54, 10),
(192, 6, 4),
(193, 80, 7),
(194, 2, 5),
(195, 3, 8),
(196, 46, 11),
(197, 78, 2),
(198, 70, 3),
(199, 93, 1),
(200, 32, 9),
(201, 35, 12),
(202, 17, 9),
(203, 94, 4),
(204, 52, 9),
(205, 41, 11),
(206, 50, 3),
(207, 48, 11),
(208, 35, 8),
(209, 58, 2),
(210, 72, 9),
(211, 17, 6),
(212, 63, 2),
(213, 79, 4),
(214, 46, 1),
(215, 31, 4),
(216, 13, 10),
(217, 87, 12),
(218, 77, 6),
(219, 80, 4),
(220, 23, 6),
(221, 88, 2),
(222, 10, 12),
(223, 6, 3),
(224, 25, 1),
(225, 9, 12),
(226, 67, 2),
(227, 53, 7),
(228, 87, 6),
(229, 90, 10),
(230, 84, 1),
(231, 104, 2),
(232, 93, 6),
(233, 47, 6),
(234, 69, 5),
(235, 64, 4),
(236, 5, 1),
(237, 3, 10),
(238, 9, 4),
(239, 24, 4),
(240, 38, 11),
(241, 28, 5),
(242, 20, 11),
(243, 82, 9),
(244, 48, 9),
(245, 101, 4),
(246, 83, 2),
(247, 80, 6),
(248, 30, 4),
(249, 103, 8),
(251, 95, 10),
(253, 31, 7),
(255, 41, 10),
(257, 21, 12),
(259, 41, 12),
(261, 76, 2),
(263, 13, 1),
(265, 46, 10),
(267, 37, 9),
(269, 62, 8),
(271, 37, 3),
(273, 39, 2),
(275, 96, 6),
(277, 43, 9),
(279, 61, 4),
(281, 5, 9),
(283, 45, 4),
(285, 84, 11),
(287, 50, 1),
(289, 49, 5),
(292, 22, 11),
(293, 56, 11),
(296, 29, 2),
(297, 31, 4),
(300, 44, 4),
(302, 94, 7),
(303, 57, 4),
(306, 81, 12),
(307, 78, 9),
(310, 29, 4),
(312, 25, 12),
(313, 22, 8),
(316, 87, 9),
(318, 81, 7),
(320, 9, 3),
(322, 94, 5),
(323, 75, 2),
(325, 55, 3),
(327, 76, 9),
(330, 10, 9),
(332, 82, 5),
(333, 82, 11),
(335, 6, 9),
(337, 49, 1),
(340, 85, 1),
(341, 102, 7),
(344, 89, 1),
(345, 27, 2),
(347, 31, 9),
(350, 43, 7),
(352, 55, 8),
(353, 95, 3),
(355, 12, 6),
(357, 36, 8),
(359, 57, 4),
(361, 4, 8),
(363, 1, 12),
(366, 35, 2),
(367, 2, 9),
(370, 94, 11),
(372, 81, 12),
(374, 48, 10),
(375, 33, 3),
(377, 79, 9),
(379, 90, 3),
(382, 57, 10),
(384, 88, 1),
(385, 93, 1),
(388, 89, 11),
(390, 57, 3),
(391, 31, 3),
(394, 104, 5),
(396, 18, 5),
(398, 97, 7),
(400, 2, 5),
(401, 35, 9),
(404, 81, 10),
(405, 29, 6),
(407, 22, 5),
(410, 89, 1),
(412, 79, 6),
(414, 97, 5),
(415, 31, 6),
(417, 2, 1),
(419, 15, 11),
(421, 6, 7),
(423, 56, 9),
(425, 44, 10),
(427, 39, 4),
(430, 65, 12),
(432, 74, 8),
(433, 99, 4),
(436, 7, 2),
(437, 11, 12),
(439, 56, 10),
(442, 35, 11),
(443, 20, 8),
(446, 91, 1),
(448, 15, 11),
(449, 49, 1),
(452, 81, 1),
(453, 78, 1),
(455, 66, 5),
(457, 55, 4),
(460, 67, 7),
(462, 97, 5),
(464, 66, 2),
(466, 102, 9),
(467, 96, 10),
(470, 52, 2),
(472, 56, 10),
(474, 101, 2),
(476, 27, 11),
(478, 8, 7),
(480, 56, 4),
(482, 74, 10),
(483, 3, 12),
(485, 39, 11),
(487, 81, 4),
(489, 76, 4),
(492, 97, 2),
(493, 78, 1),
(495, 40, 10),
(498, 26, 5),
(500, 75, 7),
(502, 100, 9),
(504, 98, 7),
(506, 103, 3),
(507, 12, 7),
(509, 73, 12),
(512, 83, 3),
(514, 11, 4),
(516, 1, 10),
(518, 76, 6),
(520, 33, 3),
(522, 32, 2),
(524, 51, 7),
(526, 61, 8),
(528, 93, 11),
(529, 99, 4),
(532, 42, 9),
(534, 16, 5),
(536, 33, 1),
(537, 99, 5),
(540, 51, 1),
(542, 72, 12),
(544, 91, 7),
(545, 93, 7),
(547, 13, 2),
(550, 2, 8),
(552, 25, 6),
(553, 38, 6),
(556, 42, 1),
(558, 105, 10),
(560, 7, 1),
(561, 59, 5),
(563, 5, 7),
(566, 53, 4),
(568, 84, 8),
(570, 81, 2),
(572, 31, 12),
(574, 43, 11),
(576, 11, 12),
(578, 16, 6),
(580, 89, 11),
(582, 56, 6),
(584, 3, 1),
(586, 101, 5),
(588, 47, 8),
(590, 36, 11),
(592, 68, 3),
(594, 19, 1),
(596, 82, 4),
(598, 94, 2),
(600, 101, 6),
(602, 7, 10),
(604, 70, 9),
(606, 46, 10),
(608, 17, 8),
(610, 33, 10),
(612, 77, 6),
(614, 57, 2),
(616, 67, 5),
(618, 66, 10),
(620, 13, 10),
(622, 73, 2),
(624, 30, 2),
(626, 97, 8),
(628, 94, 8),
(630, 79, 11),
(632, 102, 4),
(634, 68, 3),
(636, 7, 6),
(638, 70, 6),
(640, 29, 1),
(642, 70, 11),
(644, 70, 7),
(646, 45, 1),
(648, 88, 7),
(650, 98, 8),
(652, 1, 2),
(654, 10, 5),
(656, 98, 5),
(658, 79, 1),
(660, 25, 11),
(663, 29, 5),
(665, 6, 9),
(667, 39, 12),
(668, 85, 1),
(671, 66, 1),
(672, 76, 1),
(675, 32, 2),
(677, 38, 10),
(679, 11, 8),
(681, 73, 10),
(683, 54, 8),
(684, 31, 3),
(687, 103, 5),
(688, 40, 11),
(690, 42, 5),
(693, 89, 7),
(695, 105, 10),
(697, 13, 3),
(699, 18, 8),
(700, 74, 12),
(702, 12, 3),
(705, 60, 8),
(707, 20, 11),
(708, 18, 6),
(711, 69, 7),
(712, 46, 11),
(714, 22, 6),
(716, 69, 12),
(719, 98, 9),
(720, 20, 11),
(723, 70, 12),
(725, 91, 1),
(727, 57, 4),
(728, 72, 3),
(730, 41, 6),
(732, 2, 6),
(734, 102, 9),
(736, 67, 1),
(738, 58, 8),
(741, 3, 12),
(743, 26, 11),
(745, 44, 3),
(746, 52, 9),
(748, 28, 3),
(751, 64, 6),
(752, 78, 5),
(790, 31, 8),
(791, 47, 6),
(792, 24, 12),
(793, 29, 5),
(794, 12, 8),
(795, 7, 2),
(796, 83, 4),
(797, 37, 9),
(798, 95, 4),
(799, 95, 7),
(800, 1, 10),
(801, 105, 2),
(802, 41, 5),
(803, 37, 3),
(804, 84, 12),
(805, 104, 8),
(806, 72, 1),
(807, 93, 6),
(808, 25, 6),
(809, 38, 1),
(810, 15, 5),
(811, 32, 1),
(812, 98, 6),
(813, 67, 8),
(814, 32, 9),
(815, 63, 12),
(816, 78, 7),
(817, 18, 6),
(818, 70, 10),
(819, 47, 11),
(820, 89, 4),
(821, 23, 7),
(822, 37, 8),
(823, 36, 7),
(824, 34, 1),
(825, 14, 7),
(826, 101, 11),
(827, 90, 10),
(828, 68, 3),
(829, 1, 4),
(830, 4, 9),
(831, 29, 4),
(832, 68, 1),
(833, 86, 6),
(834, 16, 7),
(835, 12, 6),
(836, 8, 8),
(837, 44, 5),
(838, 39, 11),
(839, 78, 4),
(840, 74, 7),
(841, 45, 3),
(842, 64, 5),
(843, 27, 8),
(844, 50, 11),
(845, 73, 1),
(846, 32, 12),
(847, 75, 1),
(848, 45, 10),
(849, 70, 5),
(850, 23, 2),
(851, 84, 1),
(852, 15, 2),
(853, 16, 4),
(854, 42, 9),
(855, 87, 2),
(856, 106, 12),
(857, 29, 4),
(858, 61, 7),
(859, 79, 2),
(860, 66, 1),
(861, 30, 1),
(862, 58, 5),
(863, 36, 8),
(864, 17, 4),
(865, 96, 9),
(866, 35, 6),
(867, 94, 2),
(868, 34, 3),
(869, 30, 6),
(870, 12, 3),
(871, 93, 1),
(872, 30, 1),
(873, 54, 3),
(874, 31, 11),
(875, 89, 7),
(876, 1, 12),
(877, 60, 1),
(878, 13, 1),
(879, 1, 12),
(880, 48, 4),
(881, 1, 5),
(882, 85, 7),
(883, 56, 11),
(884, 78, 3),
(885, 77, 8),
(886, 102, 3),
(887, 60, 8),
(888, 31, 8),
(889, 71, 9),
(890, 95, 10),
(891, 34, 8),
(892, 61, 2),
(893, 41, 4),
(894, 6, 7),
(895, 98, 2),
(896, 85, 6),
(897, 67, 12),
(898, 66, 4),
(899, 69, 9),
(900, 83, 9),
(901, 59, 5),
(902, 10, 7),
(903, 102, 1),
(904, 97, 9),
(905, 15, 5),
(906, 28, 5),
(907, 36, 12),
(908, 87, 3),
(909, 93, 3),
(910, 18, 9),
(911, 97, 6),
(912, 19, 9),
(913, 102, 11),
(914, 68, 10),
(915, 29, 7),
(916, 83, 7),
(917, 35, 1),
(918, 61, 1),
(919, 105, 1),
(920, 102, 11),
(921, 53, 9),
(922, 32, 12),
(923, 94, 6),
(924, 69, 2),
(925, 95, 7),
(926, 44, 7),
(927, 94, 12),
(928, 100, 9),
(929, 16, 9),
(930, 98, 1),
(931, 106, 10),
(932, 102, 5),
(933, 68, 6),
(934, 92, 3),
(935, 104, 4),
(936, 13, 4),
(937, 22, 8),
(938, 48, 6),
(939, 44, 6),
(940, 40, 3),
(941, 78, 3),
(942, 45, 1),
(943, 57, 11),
(944, 102, 11),
(945, 15, 10),
(946, 51, 1),
(947, 93, 12),
(948, 62, 12),
(949, 101, 7),
(950, 57, 10),
(951, 55, 8),
(952, 26, 10),
(953, 45, 5),
(954, 48, 7),
(955, 84, 6),
(956, 9, 1),
(957, 5, 8),
(958, 44, 10),
(959, 41, 12),
(960, 99, 7),
(961, 68, 7),
(962, 7, 4),
(963, 38, 4),
(964, 43, 7),
(965, 69, 6),
(966, 21, 1),
(967, 61, 3),
(968, 84, 10),
(969, 23, 9),
(970, 44, 4),
(971, 45, 10),
(972, 13, 4),
(973, 5, 7),
(974, 23, 10),
(975, 100, 8),
(976, 3, 6),
(977, 41, 1),
(978, 45, 7),
(979, 71, 6),
(980, 37, 6),
(981, 43, 7),
(982, 78, 8),
(983, 89, 3),
(984, 67, 4),
(985, 92, 8),
(986, 3, 7),
(987, 74, 12),
(988, 103, 6),
(989, 104, 9),
(990, 68, 12),
(991, 23, 3),
(992, 83, 2),
(993, 70, 11),
(994, 64, 9),
(995, 32, 4),
(996, 47, 11),
(997, 75, 2),
(998, 81, 6),
(999, 34, 4),
(1000, 104, 5),
(1001, 62, 11),
(1002, 15, 10),
(1003, 69, 6),
(1004, 28, 9),
(1005, 83, 3),
(1006, 5, 4),
(1007, 46, 10),
(1008, 20, 1),
(1009, 2, 9),
(1010, 73, 12),
(1011, 83, 11),
(1012, 105, 5),
(1013, 72, 1),
(1014, 38, 4),
(1015, 22, 12),
(1016, 72, 1),
(1017, 33, 8),
(1018, 55, 11),
(1019, 92, 1),
(1020, 7, 2),
(1021, 7, 4),
(1022, 21, 8),
(1023, 3, 9),
(1024, 4, 9),
(1025, 38, 2),
(1026, 66, 3),
(1027, 85, 4),
(1028, 1, 11),
(1029, 21, 8),
(1030, 105, 9),
(1031, 103, 7),
(1032, 72, 3),
(1033, 97, 8),
(1034, 90, 9),
(1035, 69, 1),
(1036, 55, 9),
(1037, 28, 11),
(1038, 35, 10),
(1039, 90, 6),
(1040, 65, 2),
(1041, 11, 12),
(1042, 42, 1),
(1043, 41, 8),
(1044, 97, 3),
(1045, 17, 4),
(1046, 80, 4),
(1047, 77, 10),
(1048, 82, 5),
(1049, 59, 5),
(1050, 3, 1),
(1051, 47, 7),
(1052, 57, 6),
(1053, 16, 5),
(1054, 54, 10),
(1055, 69, 11),
(1056, 53, 4),
(1057, 84, 7),
(1058, 50, 2),
(1059, 59, 2),
(1060, 45, 10),
(1061, 9, 4),
(1062, 88, 6),
(1063, 85, 9),
(1064, 64, 1),
(1065, 32, 10),
(1066, 74, 9),
(1067, 51, 10),
(1068, 100, 8),
(1069, 48, 9),
(1070, 21, 10),
(1071, 87, 6),
(1072, 73, 3),
(1073, 81, 5),
(1074, 38, 2),
(1075, 106, 9),
(1076, 82, 8),
(1077, 99, 4),
(1078, 18, 11),
(1079, 66, 9),
(1080, 96, 4),
(1081, 3, 2),
(1082, 2, 9),
(1083, 77, 11),
(1084, 80, 5),
(1085, 92, 1),
(1086, 11, 7),
(1087, 37, 1),
(1088, 1, 3),
(1089, 23, 6),
(1090, 63, 3),
(1091, 23, 10),
(1092, 14, 7),
(1093, 18, 10),
(1094, 53, 6),
(1095, 87, 7),
(1096, 103, 8),
(1097, 59, 8),
(1098, 70, 1),
(1099, 106, 5),
(1100, 74, 9),
(1101, 22, 10),
(1102, 29, 1),
(1103, 8, 9),
(1104, 74, 12),
(1105, 46, 8),
(1106, 89, 9),
(1107, 80, 10),
(1108, 29, 8),
(1109, 9, 8),
(1110, 55, 12),
(1111, 57, 11),
(1112, 47, 9),
(1113, 4, 3),
(1114, 13, 2),
(1115, 48, 5),
(1116, 9, 4),
(1117, 95, 4),
(1118, 42, 5),
(1119, 14, 12),
(1120, 30, 7),
(1121, 34, 1),
(1122, 32, 5),
(1123, 78, 12),
(1124, 56, 11),
(1125, 40, 2),
(1126, 36, 1),
(1127, 10, 5),
(1128, 28, 1),
(1129, 60, 9),
(1130, 25, 4),
(1131, 17, 1),
(1132, 86, 3),
(1133, 63, 10),
(1134, 46, 9),
(1135, 75, 12),
(1136, 72, 12),
(1137, 16, 10),
(1138, 38, 11),
(1139, 73, 3),
(1140, 101, 7),
(1141, 101, 4),
(1142, 22, 4),
(1143, 83, 6),
(1144, 100, 3),
(1145, 8, 2),
(1146, 97, 10),
(1147, 9, 1),
(1148, 72, 2),
(1149, 25, 2),
(1150, 47, 11),
(1151, 106, 4),
(1152, 65, 9),
(1153, 60, 10),
(1154, 53, 2),
(1155, 60, 6),
(1156, 78, 7),
(1157, 3, 8),
(1158, 53, 4),
(1159, 1, 8),
(1160, 5, 10),
(1161, 51, 1),
(1162, 26, 6),
(1163, 27, 6),
(1164, 103, 7),
(1165, 15, 3),
(1166, 69, 12),
(1167, 48, 1),
(1168, 19, 11),
(1169, 90, 2),
(1170, 47, 2),
(1171, 3, 11),
(1172, 99, 11),
(1173, 45, 1),
(1174, 94, 6),
(1175, 68, 10),
(1176, 98, 5),
(1177, 7, 8),
(1178, 74, 8),
(1179, 12, 10),
(1180, 24, 6),
(1181, 56, 8),
(1182, 83, 2),
(1183, 26, 6),
(1184, 78, 11),
(1185, 44, 1),
(1186, 57, 6),
(1187, 106, 10),
(1188, 37, 10),
(1189, 15, 12),
(1190, 86, 2),
(1191, 62, 7),
(1192, 77, 9),
(1193, 10, 4),
(1194, 70, 1),
(1195, 26, 3),
(1196, 33, 3),
(1197, 16, 2),
(1198, 73, 8),
(1199, 104, 10),
(1200, 2, 6),
(1201, 64, 4),
(1202, 47, 3),
(1203, 49, 8),
(1204, 79, 10),
(1205, 21, 6),
(1206, 23, 10),
(1207, 70, 6),
(1208, 67, 7),
(1209, 75, 7),
(1210, 27, 2),
(1211, 28, 4),
(1212, 79, 7),
(1213, 30, 10),
(1214, 15, 6),
(1215, 77, 9),
(1216, 56, 10),
(1217, 70, 6),
(1218, 103, 8),
(1219, 48, 11),
(1220, 27, 1),
(1221, 73, 6),
(1222, 52, 6),
(1223, 75, 2),
(1224, 36, 12),
(1225, 6, 3),
(1226, 33, 11),
(1227, 106, 12),
(1228, 21, 11),
(1229, 99, 9),
(1230, 100, 9),
(1231, 19, 3),
(1232, 12, 10),
(1233, 103, 5),
(1234, 32, 7),
(1235, 44, 10),
(1236, 8, 8),
(1237, 11, 4),
(1238, 73, 7),
(1239, 97, 1),
(1240, 86, 12),
(1241, 73, 2),
(1242, 71, 3),
(1243, 93, 3),
(1244, 39, 3),
(1245, 23, 8),
(1246, 29, 7),
(1247, 18, 11),
(1248, 91, 11),
(1249, 69, 7),
(1250, 34, 7),
(1251, 75, 1),
(1252, 42, 6),
(1253, 96, 8),
(1254, 104, 12),
(1255, 47, 9),
(1256, 32, 2),
(1257, 18, 7),
(1258, 75, 6),
(1259, 65, 8),
(1260, 105, 5),
(1261, 15, 8),
(1262, 24, 7),
(1263, 43, 3),
(1264, 22, 11),
(1265, 23, 10),
(1266, 34, 1),
(1267, 39, 10),
(1268, 61, 4),
(1269, 37, 9),
(1270, 41, 12),
(1271, 30, 7),
(1272, 57, 11),
(1273, 106, 12),
(1274, 9, 5),
(1275, 13, 2),
(1276, 15, 12),
(1277, 51, 8),
(1278, 76, 8),
(1279, 44, 1),
(1280, 33, 4),
(1281, 69, 4),
(1282, 92, 9),
(1283, 22, 4),
(1284, 60, 5),
(1285, 57, 10),
(1286, 75, 3),
(1287, 34, 3),
(1288, 28, 5),
(1289, 73, 2),
(1290, NULL, 26),
(1291, NULL, 27),
(1292, NULL, 26),
(1293, NULL, 28),
(1294, NULL, 26),
(1295, NULL, 29),
(1296, NULL, 30),
(1297, NULL, 31),
(1298, NULL, 32),
(1299, NULL, 32),
(1300, 127, 33),
(1301, 128, 34),
(1302, NULL, 35),
(1303, 129, 35),
(1304, NULL, 36),
(1305, 130, 36),
(1306, NULL, 6),
(1307, 134, 6),
(1308, NULL, 37),
(1309, 135, 37),
(1310, NULL, 38),
(1311, 136, 38),
(1312, NULL, 38),
(1313, 139, 38),
(1314, NULL, 39),
(1315, 140, 39),
(1316, NULL, 40),
(1317, 142, 40),
(1318, NULL, 41),
(1319, NULL, 42),
(1320, 153, 41),
(1321, 153, 42),
(1322, NULL, 1),
(1323, 155, 1),
(1324, NULL, 43),
(1325, NULL, 44),
(1326, NULL, 45),
(1327, 156, 43),
(1328, 156, 44),
(1329, 156, 45),
(1330, NULL, 46),
(1331, 158, 46),
(1332, NULL, 47),
(1333, 159, 47),
(1334, NULL, 48),
(1335, NULL, 49),
(1336, 160, 48),
(1337, 160, 49),
(1338, NULL, 48),
(1339, NULL, 49),
(1340, 161, 48),
(1341, 161, 49),
(1342, NULL, 50),
(1343, NULL, 51),
(1344, NULL, 52),
(1345, 165, 50),
(1346, 165, 51),
(1347, 165, 52),
(1348, NULL, 50),
(1349, NULL, 51),
(1350, NULL, 52),
(1351, NULL, 53),
(1352, 166, 50),
(1353, 166, 51),
(1354, 166, 52),
(1355, 166, 53),
(1356, NULL, 50),
(1357, NULL, 51),
(1358, NULL, 52),
(1359, NULL, 54),
(1360, 167, 50),
(1361, 167, 51),
(1362, 167, 52),
(1363, 167, 54),
(1368, NULL, 55),
(1369, NULL, 51),
(1370, NULL, 1),
(1371, 169, 55),
(1372, 169, 51),
(1373, 169, 1),
(1374, NULL, 56),
(1375, NULL, 57),
(1376, 170, 56),
(1377, 170, 57),
(1378, NULL, 58),
(1379, NULL, 59),
(1380, NULL, 60),
(1381, 171, 58),
(1382, 171, 59),
(1383, 171, 60),
(1384, NULL, 61),
(1385, 172, 61),
(1386, NULL, 62),
(1387, 174, 62),
(1388, NULL, 63),
(1389, NULL, 64),
(1390, 175, 63),
(1391, 175, 64),
(1392, NULL, 65),
(1393, NULL, 66),
(1394, 176, 65),
(1395, 176, 66),
(1396, NULL, 67),
(1397, 177, 67),
(1398, NULL, 68),
(1399, 178, 68),
(1400, NULL, 68),
(1401, 179, 68),
(1402, NULL, 68),
(1403, 180, 68),
(1404, NULL, 69),
(1405, 181, 69),
(1406, NULL, 55),
(1407, NULL, 70),
(1408, 182, 55),
(1409, 182, 70),
(1410, NULL, 71),
(1411, NULL, 72),
(1412, 183, 71),
(1413, 183, 72),
(1414, NULL, 73),
(1415, 184, 73),
(1416, NULL, 73),
(1417, 185, 73),
(1418, NULL, 1),
(1419, 186, 1),
(1420, NULL, 74),
(1421, NULL, 75),
(1422, 187, 74),
(1423, 187, 75),
(1424, NULL, 43),
(1425, NULL, 76),
(1426, NULL, 77),
(1427, 189, 43),
(1428, 189, 76),
(1429, 189, 77),
(1430, NULL, 78),
(1431, NULL, 43),
(1432, NULL, 79),
(1433, NULL, 80),
(1434, 190, 78),
(1435, 190, 43),
(1436, 190, 79),
(1437, 190, 80),
(1438, NULL, 78),
(1439, NULL, 43),
(1440, NULL, 79),
(1441, NULL, 80),
(1442, 191, 78),
(1443, 191, 43),
(1444, 191, 79),
(1445, 191, 80),
(1446, NULL, 78),
(1447, NULL, 43),
(1448, NULL, 79),
(1449, NULL, 80),
(1454, NULL, 78),
(1455, NULL, 43),
(1456, NULL, 79),
(1457, NULL, 80),
(1458, 193, 78),
(1459, 193, 43),
(1460, 193, 79),
(1461, 193, 80),
(1462, NULL, 78),
(1463, NULL, 43),
(1464, NULL, 79),
(1465, NULL, 80),
(1466, 194, 78),
(1467, 194, 43),
(1468, 194, 79),
(1469, 194, 80),
(1470, NULL, 78),
(1471, NULL, 43),
(1472, NULL, 79),
(1473, NULL, 80),
(1474, 195, 78),
(1475, 195, 43),
(1476, 195, 79),
(1477, 195, 80),
(1478, NULL, 43),
(1479, NULL, 78),
(1480, NULL, 79),
(1481, NULL, 80),
(1482, 196, 43),
(1483, 196, 78),
(1484, 196, 79),
(1485, 196, 80),
(1486, NULL, 81),
(1487, NULL, 82),
(1488, NULL, 83),
(1489, NULL, 84),
(1490, 188, 81),
(1491, 188, 82),
(1492, 188, 83),
(1493, 188, 84),
(1494, NULL, 81),
(1495, NULL, 82),
(1496, NULL, 83),
(1497, NULL, 84),
(1503, NULL, 85),
(1504, NULL, 86),
(1508, NULL, 43),
(1509, NULL, 76),
(1510, 189, 43),
(1511, 189, 76),
(1512, NULL, 43),
(1513, NULL, 44),
(1514, NULL, 77),
(1515, 190, 43),
(1516, 190, 44),
(1517, 190, 77),
(1518, NULL, 78),
(1519, NULL, 43),
(1520, NULL, 76),
(1521, NULL, 87),
(1522, 191, 78),
(1523, 191, 43),
(1524, 191, 76),
(1525, 191, 87),
(1526, NULL, 71),
(1527, NULL, 72),
(1528, 192, 71),
(1529, 192, 72),
(1530, NULL, 71),
(1531, NULL, 88),
(1532, 193, 71),
(1533, 193, 88),
(1534, NULL, 63),
(1535, 194, 63),
(1536, NULL, 71),
(1537, NULL, 72),
(1538, 195, 71),
(1539, 195, 72),
(1540, NULL, 43),
(1541, NULL, 71),
(1542, NULL, 72),
(1543, NULL, 78),
(1544, NULL, 79),
(1545, NULL, 80),
(1546, 196, 43),
(1547, 196, 71),
(1548, 196, 72),
(1549, 196, 78),
(1550, 196, 79),
(1551, 196, 80);

-- --------------------------------------------------------

--
-- Table structure for table `favoriteDyThread`
--

CREATE TABLE `favoriteDyThread` (
  `favoriteDyThreadId` int NOT NULL,
  `dyThreadId` int DEFAULT NULL,
  `userId` int DEFAULT NULL
) ENGINE=InnoDB DEFAULT CHARSET=utf8mb4 COLLATE=utf8mb4_0900_ai_ci;

--
-- Dumping data for table `favoriteDyThread`
--

INSERT INTO `favoriteDyThread` (`favoriteDyThreadId`, `dyThreadId`, `userId`) VALUES
(1, 86, 69),
(2, 75, 35),
(3, 48, 77),
(4, 16, 90),
(5, 53, 97),
(6, 103, 44),
(7, 4, 11),
(8, 63, 70),
(9, 91, 46),
(10, 76, 26),
(11, 68, 28),
(12, 11, 97),
(13, 15, 81),
(14, 70, 33),
(15, 71, 32),
(16, 88, 31),
(17, 26, 3),
(18, 54, 46),
(19, 92, 21),
(20, 39, 85),
(21, 38, 5),
(22, 21, 31),
(23, 32, 31),
(24, 98, 81),
(25, 47, 39),
(26, 47, 81),
(27, 49, 79),
(28, 59, 46),
(29, 18, 69),
(30, 48, 50),
(31, 71, 81),
(32, 35, 34),
(33, 35, 4),
(34, 15, 90),
(35, 1, 51),
(36, 62, 21),
(37, 16, 16),
(38, 34, 34),
(39, 102, 33),
(40, 38, 14),
(41, 77, 87),
(42, 72, 10),
(43, 86, 8),
(44, 62, 29),
(45, 18, 66),
(46, 75, 26),
(47, 7, 53),
(48, 50, 44),
(49, 99, 71),
(50, 67, 97),
(51, 61, 76),
(52, 57, 63),
(53, 49, 6),
(54, 91, 18),
(55, 93, 42),
(56, 23, 77),
(57, 30, 39),
(58, 21, 44),
(59, 26, 81),
(60, 16, 11),
(61, 92, 29),
(62, 78, 85),
(63, 94, 26),
(64, 13, 49),
(65, 57, 52),
(66, 34, 7),
(67, 101, 35),
(68, 42, 11),
(69, 14, 69),
(70, 4, 70),
(71, 96, 49),
(72, 69, 76),
(73, 100, 79),
(74, 66, 96),
(75, 90, 41),
(76, 83, 17),
(77, 92, 60),
(78, 43, 45),
(79, 92, 83),
(80, 29, 87),
(81, 68, 36),
(82, 104, 18),
(83, 91, 43),
(84, 22, 57),
(85, 35, 13),
(86, 84, 18),
(87, 14, 3),
(88, 100, 4),
(89, 74, 42),
(90, 95, 42),
(91, 86, 68),
(92, 92, 38),
(93, 24, 85),
(94, 48, 53),
(95, 20, 16),
(96, 83, 27),
(97, 14, 58),
(98, 105, 92),
(99, 71, 61),
(100, 55, 66),
(101, 72, 35),
(102, 93, 72),
(103, 73, 81),
(104, 3, 60),
(105, 37, 41),
(106, 19, 11),
(107, 28, 85),
(108, 6, 53),
(109, 77, 95),
(110, 32, 32),
(111, 15, 16),
(112, 86, 24),
(113, 38, 8),
(114, 62, 88),
(115, 14, 4),
(116, 72, 61),
(117, 86, 93),
(118, 8, 2),
(119, 12, 94),
(120, 79, 96),
(121, 12, 36),
(122, 73, 73),
(123, 7, 86),
(124, 51, 48),
(125, 45, 60),
(126, 66, 63),
(127, 40, 25),
(128, 92, 86),
(129, 37, 8),
(130, 12, 31),
(131, 95, 39),
(132, 13, 2),
(133, 78, 93),
(134, 18, 4),
(135, 37, 73),
(136, 44, 96),
(137, 20, 39),
(138, 30, 68),
(139, 50, 58),
(140, 43, 87),
(141, 90, 7),
(142, 48, 45),
(143, 24, 20),
(144, 8, 7),
(145, 3, 96),
(146, 80, 41),
(147, 84, 53),
(148, 68, 93),
(149, 12, 18),
(150, 50, 42),
(151, 103, 55),
(152, 67, 88),
(153, 87, 14),
(154, 18, 44),
(155, 69, 4),
(156, 67, 48),
(157, 44, 77),
(158, 89, 30),
(159, 13, 16),
(160, 51, 72),
(161, 1, 1),
(162, 97, 84),
(163, 54, 11),
(164, 2, 39),
(165, 38, 48),
(166, 103, 27),
(167, 101, 26),
(168, 69, 89),
(169, 97, 61),
(170, 76, 17),
(171, 80, 61),
(172, 2, 82),
(173, 84, 40),
(174, 28, 52),
(175, 31, 28),
(176, 98, 40),
(177, 31, 48),
(178, 69, 51),
(179, 99, 87),
(180, 9, 62),
(181, 12, 98),
(182, 24, 12),
(183, 49, 33),
(184, 97, 70),
(185, 86, 16),
(186, 3, 7),
(187, 98, 72),
(188, 15, 70),
(189, 59, 65),
(190, 32, 1),
(191, 92, 40),
(192, 105, 23),
(193, 17, 96),
(194, 55, 95),
(195, 26, 6),
(196, 21, 73),
(197, 10, 4),
(198, 102, 21),
(199, 103, 86),
(200, 9, 77),
(201, 93, 35),
(202, 83, 97),
(203, 59, 16),
(204, 52, 79),
(205, 83, 15),
(206, 74, 80),
(207, 102, 30),
(208, 57, 15),
(209, 41, 82),
(210, 15, 21),
(211, 67, 92),
(212, 44, 30),
(213, 89, 52),
(214, 94, 70),
(215, 31, 18),
(216, 22, 20),
(217, 9, 40),
(218, 42, 88),
(219, 3, 84),
(220, 100, 16),
(221, 84, 26),
(222, 20, 72),
(223, 99, 67),
(224, 47, 61),
(225, 86, 96),
(226, 30, 33),
(227, 1, 92),
(228, 12, 29),
(229, 56, 60),
(230, 34, 31),
(231, 101, 7),
(232, 39, 66),
(233, 61, 7),
(234, 52, 52),
(235, 97, 15),
(236, 41, 50),
(237, 89, 36),
(238, 85, 92),
(239, 70, 8),
(240, 73, 63),
(241, 20, 20),
(242, 81, 53),
(243, 18, 6),
(244, 7, 19),
(245, 80, 76),
(246, 67, 24),
(247, 18, 96),
(248, 102, 40),
(249, 67, 29),
(250, 52, 45),
(251, 84, 82),
(252, 44, 31),
(253, 82, 21),
(254, 47, 53),
(255, 97, 41),
(256, 92, 65),
(257, 100, 94),
(258, 96, 64),
(259, 14, 73),
(260, 15, 14),
(261, 85, 16),
(262, 29, 29),
(263, 59, 11),
(264, 64, 58),
(265, 36, 73),
(266, 25, 59),
(267, 33, 30),
(268, 102, 50),
(269, 95, 49),
(270, 99, 77),
(271, 36, 80),
(272, 83, 26),
(273, 29, 31),
(274, 61, 93),
(275, 88, 20),
(276, 84, 85),
(277, 3, 16),
(278, 11, 13),
(279, 11, 21),
(280, 14, 64),
(281, 51, 95),
(282, 26, 58),
(283, 23, 12),
(284, 9, 15),
(285, 37, 55),
(286, 14, 46),
(287, 49, 4),
(288, 6, 23),
(289, 92, 55),
(290, 25, 12),
(291, 33, 40),
(292, 100, 85),
(293, 98, 86),
(294, 81, 85),
(295, 55, 44),
(296, 43, 96),
(297, 1, 36),
(298, 20, 8),
(299, 44, 45),
(300, 41, 50),
(301, 80, 32),
(302, 10, 82),
(303, 68, 76),
(304, 18, 46),
(305, 57, 71),
(306, 32, 3),
(307, 8, 37),
(308, 7, 94),
(309, 84, 49),
(310, 39, 19),
(311, 66, 49),
(312, 78, 77),
(313, 15, 10),
(314, 34, 16),
(315, 38, 58),
(316, 32, 82),
(317, 31, 46),
(318, 101, 98),
(319, 50, 21),
(320, 40, 51),
(321, 91, 47),
(322, 44, 77),
(323, 102, 67),
(324, 58, 98),
(325, 37, 1),
(326, 79, 49),
(327, 74, 71),
(328, 5, 2),
(329, 95, 72),
(330, 40, 87),
(331, 65, 73),
(332, 36, 4),
(333, 68, 54),
(334, 63, 59),
(335, 2, 67),
(336, 76, 56),
(337, 41, 62),
(338, 78, 3),
(339, 98, 49),
(340, 78, 55),
(341, 73, 61),
(342, 56, 96),
(343, 60, 63),
(344, 54, 23),
(345, 43, 90),
(346, 39, 61),
(347, 12, 37),
(348, 50, 42),
(349, 97, 81),
(350, 104, 48),
(351, 23, 5),
(352, 42, 34),
(353, 103, 18),
(354, 19, 39),
(355, 57, 46),
(356, 18, 92),
(357, 26, 5),
(358, 87, 39),
(359, 99, 2),
(360, 80, 18),
(361, 37, 37),
(362, 103, 16),
(363, 6, 66),
(364, 71, 8),
(365, 51, 7),
(366, 12, 29),
(367, 65, 97),
(368, 42, 36),
(369, 49, 27),
(370, 49, 80),
(371, 22, 32),
(372, 78, 26),
(373, 29, 62),
(374, 56, 33),
(375, 62, 43),
(376, 82, 52),
(377, 8, 13),
(378, 60, 59),
(379, 78, 1),
(380, 12, 93),
(381, 18, 13),
(382, 103, 42),
(383, 52, 4),
(384, 90, 76),
(385, 87, 21),
(386, 94, 29),
(387, 32, 77),
(388, 25, 63),
(389, 93, 16),
(390, 101, 24),
(391, 92, 59),
(392, 25, 73),
(393, 78, 94),
(394, 16, 3),
(395, 47, 34),
(396, 98, 91),
(397, 12, 95),
(398, 3, 16),
(399, 73, 68),
(400, 99, 26),
(401, 15, 38),
(402, 25, 66),
(403, 1, 72),
(404, 44, 83),
(405, 35, 18),
(406, 34, 18),
(407, 64, 92),
(408, 23, 55),
(409, 23, 20),
(410, 72, 31),
(411, 79, 8),
(412, 77, 52),
(413, 26, 29),
(414, 39, 20),
(415, 84, 4),
(416, 48, 41),
(417, 28, 78),
(418, 27, 2),
(419, 2, 76),
(420, 59, 4),
(421, 97, 97),
(422, 94, 16),
(423, 36, 15),
(424, 43, 71),
(425, 52, 97),
(426, 28, 1),
(427, 75, 96),
(428, 79, 31),
(429, 104, 61),
(430, 48, 67),
(431, 76, 55),
(432, 40, 92),
(433, 100, 61),
(434, 4, 11),
(435, 86, 72),
(436, 92, 45),
(437, 40, 49),
(438, 70, 7),
(439, 61, 48),
(440, 45, 72),
(441, 71, 11),
(442, 92, 31),
(443, 69, 37),
(444, 66, 11),
(445, 36, 89),
(446, 68, 9),
(447, 20, 28),
(448, 23, 95),
(449, 54, 61),
(450, 44, 55),
(451, 94, 2),
(452, 93, 21),
(453, 82, 72),
(454, 89, 29),
(455, 81, 56),
(456, 75, 48),
(457, 37, 46),
(458, 11, 60),
(459, 29, 84),
(460, 68, 94),
(461, 14, 96),
(462, 74, 14),
(463, 86, 68),
(464, 43, 14),
(465, 5, 44),
(466, 51, 84),
(467, 20, 49),
(468, 63, 20),
(469, 77, 10),
(470, 68, 18),
(471, 56, 18),
(472, 56, 17),
(473, 60, 88),
(474, 8, 65),
(475, 104, 48),
(476, 104, 42),
(477, 11, 12),
(478, 57, 31),
(479, 81, 32),
(480, 71, 31),
(481, 64, 54),
(482, 4, 76),
(483, 1, 17),
(484, 28, 73),
(485, 54, 34),
(486, 72, 5),
(487, 13, 91),
(488, 88, 62),
(489, 38, 13),
(490, 54, 38),
(491, 52, 44),
(492, 11, 13),
(493, 1, 79),
(494, 10, 77),
(495, 34, 91),
(496, 90, 93),
(497, 13, 89),
(498, 32, 19),
(499, 87, 21),
(500, 73, 94),
(501, 37, 35),
(502, 71, 13),
(503, 20, 77),
(504, 8, 84),
(505, 87, 62),
(506, 86, 86),
(507, 23, 87),
(508, 63, 10),
(509, 103, 95),
(510, 35, 12),
(511, 74, 66),
(512, 89, 25),
(513, 24, 81),
(514, 11, 56),
(515, 9, 65),
(516, 84, 67),
(517, 3, 92),
(518, 84, 91),
(519, 103, 93),
(520, 98, 59),
(521, 69, 67),
(522, 61, 89),
(523, 5, 68),
(524, 7, 54),
(525, 46, 49),
(526, 50, 12),
(527, 24, 78),
(528, 69, 59),
(529, 14, 39),
(530, 82, 98),
(531, 8, 72),
(532, 91, 9),
(533, 104, 58),
(534, 41, 93),
(535, 34, 86),
(536, 30, 35),
(537, 89, 25),
(538, 96, 79),
(539, 6, 85),
(540, 78, 31),
(541, 18, 71),
(542, 87, 22),
(543, 6, 47),
(544, 81, 77),
(545, 93, 1),
(546, 24, 45),
(547, 38, 51),
(548, 48, 92),
(549, 56, 45),
(550, 76, 93),
(551, 70, 11),
(552, 102, 1),
(553, 80, 18),
(554, 82, 6),
(555, 7, 20),
(556, 45, 56),
(557, 34, 13),
(558, 39, 45),
(559, 17, 30),
(560, 78, 38),
(561, 35, 6),
(562, 69, 37),
(563, 84, 61),
(564, 67, 85),
(565, 100, 27),
(566, 47, 94),
(567, 44, 85),
(568, 38, 21),
(569, 103, 17),
(570, 35, 68),
(571, 84, 2),
(572, 38, 89),
(573, 17, 79),
(574, 63, 65),
(575, 14, 67),
(576, 14, 11),
(577, 31, 8),
(578, 4, 31),
(579, 32, 80),
(580, 73, 18),
(581, 93, 92),
(582, 2, 75),
(583, 64, 95),
(584, 20, 5),
(585, 77, 6),
(586, 29, 1),
(587, 75, 57),
(588, 88, 80),
(589, 10, 3),
(590, 30, 39),
(591, 81, 59),
(592, 45, 46),
(593, 100, 40),
(594, 104, 50),
(595, 34, 44),
(596, 104, 73),
(597, 105, 47),
(598, 12, 26),
(599, 70, 76),
(600, 71, 98),
(601, 59, 82),
(602, 94, 86),
(603, 31, 11),
(604, 103, 90),
(605, 95, 86),
(606, 2, 38),
(607, 61, 55),
(608, 90, 27),
(609, 6, 26),
(610, 73, 91),
(611, 95, 26),
(612, 45, 81),
(613, 15, 74),
(614, 4, 92),
(615, 86, 23),
(616, 16, 34),
(617, 64, 54),
(618, 22, 8),
(619, 26, 79),
(620, 26, 65),
(621, 69, 26),
(622, 23, 10),
(623, 76, 27),
(624, 85, 94),
(625, 72, 34),
(626, 91, 48),
(627, 60, 75),
(628, 39, 27),
(629, 99, 24),
(630, 95, 94),
(631, 33, 67),
(632, 53, 59),
(633, 87, 32),
(634, 76, 6),
(635, 25, 13),
(636, 104, 26),
(637, 97, 82),
(638, 98, 39),
(639, 82, 74),
(640, 1, 82),
(641, 49, 80),
(642, 38, 15),
(643, 42, 89),
(644, 27, 75),
(645, 56, 11),
(646, 5, 67),
(647, 50, 33),
(648, 54, 15),
(649, 23, 98),
(650, 71, 36),
(651, 77, 68),
(652, 49, 79),
(653, 16, 2),
(654, 80, 56),
(655, 102, 30),
(656, 87, 82),
(657, 25, 97),
(658, 75, 35),
(659, 85, 38),
(660, 92, 57),
(661, 58, 32),
(662, 57, 10),
(663, 43, 20),
(664, 75, 2),
(665, 56, 6),
(666, 18, 24),
(667, 2, 95),
(668, 20, 82),
(669, 64, 79),
(670, 2, 6),
(671, 83, 81),
(672, 22, 68),
(673, 45, 78),
(674, 92, 63),
(675, 35, 79),
(676, 42, 34),
(677, 11, 29),
(678, 23, 80),
(679, 81, 69),
(680, 23, 24),
(681, 103, 92),
(682, 49, 15),
(683, 59, 61),
(684, 87, 8),
(685, 55, 5),
(686, 88, 59),
(687, 24, 16),
(688, 81, 44),
(689, 14, 75),
(690, 50, 35),
(691, 105, 35),
(692, 68, 88),
(693, 77, 84),
(694, 5, 32),
(695, 45, 1),
(696, 76, 48),
(697, 47, 2),
(698, 103, 3),
(699, 86, 63),
(700, 37, 24),
(701, 38, 64),
(702, 94, 54),
(703, 91, 60),
(704, 26, 59),
(705, 38, 78),
(706, 54, 64),
(707, 56, 89),
(708, 63, 38),
(709, 46, 53),
(710, 93, 49),
(711, 31, 44),
(712, 84, 60),
(713, 45, 2),
(714, 101, 65),
(715, 100, 92),
(716, 64, 2),
(717, 104, 84),
(718, 67, 94),
(719, 100, 22),
(720, 9, 67),
(721, 34, 6),
(722, 6, 56),
(723, 68, 79),
(724, 64, 88),
(725, 91, 72),
(726, 55, 88),
(727, 25, 23),
(728, 90, 80),
(729, 44, 18),
(730, 79, 44),
(731, 4, 85),
(732, 84, 84),
(733, 40, 13),
(734, 33, 55),
(735, 90, 75),
(736, 81, 28),
(737, 23, 58),
(738, 97, 80),
(739, 37, 52),
(740, 61, 66),
(741, 34, 71),
(742, 16, 28),
(743, 57, 28),
(744, 94, 91),
(745, 92, 52),
(746, 25, 90),
(747, 32, 85),
(748, 20, 21),
(749, 42, 81),
(750, 93, 89),
(751, 95, 12),
(752, 89, 89),
(753, 9, 38),
(754, 44, 85),
(755, 17, 30),
(756, 9, 95),
(757, 41, 12),
(758, 47, 88),
(759, 68, 38),
(760, 6, 97),
(761, 93, 25),
(762, 25, 74),
(763, 19, 37),
(764, 18, 9),
(765, 18, 72),
(766, 75, 61),
(767, 78, 6),
(768, 59, 59),
(769, 101, 41),
(770, 66, 91),
(771, 38, 13),
(772, 19, 16),
(773, 60, 27),
(774, 45, 96),
(775, 46, 5),
(776, 59, 92),
(777, 54, 54),
(778, 53, 70),
(779, 70, 64),
(780, 64, 98),
(781, 89, 88),
(782, 36, 72),
(783, 38, 48),
(784, 44, 52),
(785, 105, 68),
(786, 60, 6),
(787, 43, 2),
(788, 65, 81),
(789, 21, 46),
(790, 98, 37),
(791, 18, 58),
(792, 39, 68),
(793, 2, 63),
(794, 12, 38),
(795, 31, 81),
(796, 51, 29),
(797, 36, 75),
(798, 45, 74),
(799, 77, 65),
(800, 25, 38),
(801, 98, 35),
(802, 71, 45),
(803, 77, 17),
(804, 23, 76),
(805, 13, 5),
(806, 31, 28),
(807, 48, 90),
(808, 88, 85),
(809, 88, 15),
(810, 26, 65),
(811, 23, 45),
(812, 100, 35),
(813, 73, 98),
(814, 42, 2),
(815, 105, 25),
(816, 56, 56),
(817, 62, 61),
(818, 97, 35),
(819, 79, 48),
(820, 46, 90),
(821, 67, 98),
(822, 45, 61),
(823, 49, 14),
(824, 45, 83),
(825, 18, 56),
(826, 9, 4),
(827, 27, 43),
(828, 64, 76),
(829, 104, 8),
(830, 86, 77),
(831, 73, 17),
(832, 3, 56),
(833, 64, 4),
(834, 29, 76),
(835, 72, 94),
(836, 3, 87),
(837, 29, 28),
(838, 61, 50),
(839, 104, 11),
(840, 18, 73),
(841, 46, 39),
(842, 17, 88),
(843, 76, 77),
(844, 14, 28),
(845, 80, 89),
(846, 99, 29),
(847, 16, 67),
(848, 15, 1),
(849, 13, 81),
(850, 82, 79),
(851, 64, 82),
(852, 52, 47),
(853, 63, 21),
(854, 104, 48),
(855, 2, 92),
(856, 19, 55),
(857, 16, 68),
(858, 4, 80),
(859, 87, 58),
(860, 101, 40),
(861, 39, 10),
(862, 42, 32),
(863, 86, 42),
(864, 105, 45),
(865, 16, 62),
(866, 35, 42),
(867, 97, 39),
(868, 34, 31),
(869, 37, 84),
(870, 16, 82),
(871, 99, 74),
(872, 104, 29),
(873, 5, 60),
(874, 73, 93),
(875, 87, 6),
(876, 3, 58),
(877, 78, 84),
(878, 91, 85),
(879, 98, 20),
(880, 63, 24),
(881, 75, 34),
(882, 64, 62),
(883, 89, 72),
(884, 99, 2),
(885, 48, 75),
(886, 22, 7),
(887, 4, 32),
(888, 105, 85),
(889, 72, 77),
(890, 49, 54),
(891, 55, 1),
(892, 25, 2),
(893, 13, 3),
(894, 32, 57),
(895, 93, 62),
(896, 88, 32),
(897, 31, 31),
(898, 96, 84),
(899, 97, 86),
(900, 56, 98),
(901, 71, 71),
(902, 37, 1),
(903, 67, 71),
(904, 5, 70),
(905, 77, 33),
(906, 35, 14),
(907, 2, 68),
(908, 33, 10),
(909, 25, 82),
(910, 18, 78),
(911, 17, 28),
(912, 50, 85),
(913, 22, 55),
(914, 103, 28),
(915, 101, 44),
(916, 34, 55),
(917, 13, 24),
(918, 29, 56),
(919, 75, 90),
(920, 14, 75),
(921, 51, 10),
(922, 45, 63),
(923, 21, 33),
(924, 8, 52),
(925, 40, 59),
(926, 58, 6),
(927, 48, 94),
(928, 32, 48),
(929, 59, 74),
(930, 35, 50),
(931, 53, 6),
(932, 62, 26),
(933, 46, 7),
(934, 12, 45),
(935, 23, 22),
(936, 74, 38),
(937, 55, 68),
(938, 85, 26),
(939, 6, 64),
(940, 54, 42),
(941, 46, 34),
(942, 16, 84),
(943, 66, 69),
(944, 91, 80),
(945, 41, 50),
(946, 54, 5),
(947, 55, 73),
(948, 88, 71),
(949, 25, 59),
(950, 32, 1),
(951, 3, 57),
(952, 88, 92),
(953, 77, 49),
(954, 35, 36),
(955, 90, 26),
(956, 65, 36),
(957, 60, 83),
(958, 91, 7),
(959, 85, 25),
(960, 39, 48),
(961, 100, 85),
(962, 43, 14),
(963, 31, 35),
(964, 85, 84),
(965, 89, 52),
(966, 10, 26),
(967, 40, 72),
(968, 84, 15),
(969, 1, 27),
(970, 9, 69),
(971, 40, 56),
(972, 17, 56),
(973, 55, 66),
(974, 44, 70),
(975, 40, 10),
(976, 78, 14),
(977, 89, 57),
(978, 45, 91),
(979, 65, 51),
(980, 30, 84),
(981, 104, 8),
(982, 61, 72),
(983, 17, 43),
(984, 99, 9),
(985, 99, 86),
(986, 13, 89),
(987, 102, 39),
(988, 7, 14),
(989, 35, 97),
(990, 87, 21),
(991, 50, 27),
(992, 77, 43),
(993, 32, 66),
(994, 27, 17),
(995, 97, 89),
(996, 62, 72),
(997, 75, 95),
(998, 89, 36),
(999, 56, 75),
(1000, 53, 7),
(1001, 62, 4),
(1002, 29, 69),
(1003, 105, 60),
(1004, 81, 52),
(1005, 97, 92),
(1006, 9, 10),
(1007, 68, 57),
(1008, 21, 69),
(1009, 74, 3),
(1010, 26, 97),
(1011, 65, 78),
(1012, 12, 60),
(1013, 56, 41),
(1014, 3, 69),
(1015, 28, 14),
(1016, 82, 65),
(1017, 83, 44),
(1018, 80, 48),
(1019, 91, 80),
(1020, 75, 84),
(1021, 11, 53),
(1022, 46, 16),
(1023, 44, 28),
(1024, 72, 48),
(1025, 45, 2),
(1026, 46, 3),
(1027, 81, 88),
(1028, 73, 24),
(1029, 14, 48),
(1030, 73, 62),
(1031, 81, 97),
(1032, 8, 70),
(1033, 73, 54),
(1034, 62, 5),
(1035, 6, 54),
(1036, 38, 87),
(1037, 39, 80),
(1038, 89, 58),
(1039, 42, 60),
(1040, 25, 61),
(1041, 2, 74),
(1042, 15, 67),
(1043, 67, 52),
(1044, 90, 49),
(1045, 48, 36),
(1046, 19, 33),
(1047, 60, 81),
(1048, 48, 33),
(1049, 4, 7),
(1050, 46, 78),
(1051, 70, 42),
(1052, 42, 45),
(1053, 29, 57),
(1054, 93, 35),
(1055, 39, 8),
(1056, 68, 91),
(1057, 96, 11),
(1058, 92, 24),
(1059, 91, 76),
(1060, 37, 79),
(1061, 85, 16),
(1062, 96, 92),
(1063, 45, 83),
(1064, 89, 17),
(1065, 40, 69),
(1066, 87, 7),
(1067, 7, 97),
(1068, 33, 60),
(1069, 92, 26),
(1070, 97, 7),
(1071, 29, 16),
(1072, 76, 50),
(1073, 18, 84),
(1074, 30, 13),
(1075, 37, 15),
(1076, 29, 11),
(1077, 27, 91),
(1078, 64, 72),
(1079, 4, 35),
(1080, 34, 57),
(1081, 21, 55),
(1082, 5, 49),
(1083, 43, 91),
(1084, 49, 57),
(1085, 51, 39),
(1086, 95, 2),
(1087, 15, 56),
(1088, 15, 52),
(1089, 37, 81),
(1090, 53, 96),
(1091, 27, 34),
(1092, 57, 27),
(1093, 47, 81),
(1094, 75, 8),
(1095, 84, 85),
(1096, 28, 28),
(1097, 18, 59),
(1098, 94, 4),
(1099, 45, 47),
(1100, 3, 91),
(1101, 23, 12),
(1102, 96, 38),
(1103, 12, 69),
(1104, 84, 6),
(1105, 52, 5),
(1106, 23, 8),
(1107, 23, 74),
(1108, 89, 25),
(1109, 27, 31),
(1110, 90, 6),
(1111, 74, 6),
(1112, 76, 84),
(1113, 17, 20),
(1114, 66, 75),
(1115, 17, 8),
(1116, 104, 92),
(1117, 69, 48),
(1118, 58, 14),
(1119, 30, 73),
(1120, 39, 62),
(1121, 44, 29),
(1122, 75, 46),
(1123, 32, 72),
(1124, 58, 86),
(1125, 104, 54),
(1126, 94, 79),
(1127, 20, 55),
(1128, 15, 27),
(1129, 88, 3),
(1130, 20, 51),
(1131, 71, 50),
(1132, 7, 50),
(1133, 7, 7),
(1134, 65, 55),
(1135, 47, 61),
(1136, 99, 69),
(1137, 49, 25),
(1138, 3, 82),
(1139, 91, 21),
(1140, 38, 79),
(1141, 32, 90),
(1142, 92, 60),
(1143, 87, 52),
(1144, 55, 39),
(1145, 90, 44),
(1146, 99, 6),
(1147, 19, 2),
(1148, 58, 1),
(1149, 55, 34),
(1150, 60, 28),
(1151, 51, 29),
(1152, 22, 87),
(1153, 94, 24),
(1154, 13, 8),
(1155, 7, 10),
(1156, 42, 24),
(1157, 85, 56),
(1158, 25, 78),
(1159, 57, 37),
(1160, 83, 16),
(1161, 45, 17),
(1162, 74, 55),
(1163, 19, 56),
(1164, 76, 86),
(1165, 18, 42),
(1166, 45, 90),
(1167, 10, 71),
(1168, 3, 8),
(1169, 86, 73),
(1170, 17, 79),
(1171, 102, 81),
(1172, 8, 77),
(1173, 101, 24),
(1174, 84, 92),
(1175, 34, 67),
(1176, 73, 74),
(1177, 23, 26),
(1178, 65, 88),
(1179, 68, 46),
(1180, 16, 96),
(1181, 102, 19),
(1182, 15, 69),
(1183, 89, 26),
(1184, 57, 61),
(1185, 7, 94),
(1186, 24, 68),
(1187, 86, 98),
(1188, 79, 87),
(1189, 87, 10),
(1190, 64, 47),
(1191, 12, 91),
(1192, 54, 39),
(1193, 99, 71),
(1194, 11, 2),
(1195, 19, 13),
(1196, 78, 47),
(1197, 72, 88),
(1198, 35, 73),
(1199, 31, 72),
(1200, 64, 48),
(1201, 88, 51),
(1202, 6, 41),
(1203, 66, 76),
(1204, 84, 40),
(1205, 92, 92),
(1206, 72, 10),
(1207, 55, 44),
(1208, 12, 6),
(1209, 95, 26),
(1210, 102, 8),
(1211, 10, 52),
(1212, 42, 5),
(1213, 42, 20),
(1214, 27, 43),
(1215, 100, 15),
(1216, 92, 76),
(1217, 71, 20),
(1218, 105, 48),
(1219, 37, 77),
(1220, 2, 65),
(1221, 7, 64),
(1222, 84, 26),
(1223, 57, 82),
(1224, 83, 19),
(1225, 70, 97),
(1226, 99, 84),
(1227, 104, 18),
(1228, 46, 43),
(1229, 88, 19),
(1230, 85, 79),
(1231, 34, 36),
(1232, 100, 44),
(1233, 97, 83),
(1234, 93, 88),
(1235, 38, 35),
(1236, 7, 78),
(1237, 44, 36),
(1238, 83, 62),
(1239, 6, 42),
(1240, 32, 22),
(1241, 37, 24),
(1242, 39, 32),
(1243, 11, 78),
(1244, 64, 43),
(1245, 31, 29),
(1246, 14, 85),
(1247, 52, 98),
(1248, 13, 4),
(1249, 7, 57),
(1250, 85, 66),
(1251, 105, 25),
(1252, 52, 95),
(1253, 77, 66),
(1254, 12, 53),
(1255, 55, 92),
(1256, 59, 54),
(1257, 72, 57),
(1258, 11, 53),
(1259, 45, 93),
(1260, 24, 51),
(1261, 45, 92),
(1262, 73, 97),
(1263, 27, 36),
(1264, 7, 96),
(1265, 33, 1),
(1266, 7, 95),
(1267, 7, 17),
(1268, 103, 85),
(1269, 103, 46),
(1270, 12, 90),
(1271, 62, 85),
(1272, 34, 77),
(1273, 44, 15),
(1274, 80, 64),
(1275, 56, 56),
(1276, 4, 65),
(1277, 63, 8),
(1278, 67, 28),
(1279, 15, 53),
(1280, 11, 4),
(1281, 51, 29),
(1282, 63, 73),
(1283, 30, 34),
(1284, 103, 45),
(1285, 23, 12),
(1286, 24, 77),
(1287, 86, 51),
(1288, 3, 63),
(1289, 83, 93),
(1290, 85, 3),
(1291, 104, 36),
(1292, 96, 61),
(1293, 82, 41),
(1294, 2, 76),
(1295, 22, 71),
(1296, 25, 55),
(1297, 2, 54),
(1298, 74, 12),
(1299, 44, 79),
(1300, 58, 87),
(1301, 66, 42),
(1302, 103, 59),
(1303, 24, 63),
(1304, 36, 52),
(1305, 29, 47),
(1306, 78, 97),
(1307, 100, 76),
(1308, 83, 7),
(1309, 80, 29),
(1310, 3, 25),
(1311, 56, 47),
(1312, 85, 75),
(1313, 30, 33),
(1314, 41, 15),
(1315, 32, 85),
(1316, 80, 31),
(1317, 11, 58),
(1318, 70, 31),
(1319, 94, 36),
(1320, 5, 46),
(1321, 59, 20),
(1322, 7, 51),
(1323, 82, 88),
(1324, 13, 13),
(1325, 85, 7),
(1326, 79, 11),
(1327, 56, 93),
(1328, 25, 50),
(1329, 48, 10),
(1330, 17, 73),
(1331, 92, 49),
(1332, 73, 92),
(1333, 42, 74),
(1334, 8, 59),
(1335, 6, 81),
(1336, 21, 3),
(1337, 11, 30),
(1338, 5, 85),
(1339, 21, 15),
(1340, 38, 70),
(1341, 28, 96),
(1342, 45, 1),
(1343, 84, 72),
(1344, 18, 76),
(1345, 20, 68),
(1346, 58, 21),
(1347, 5, 48),
(1348, 84, 60),
(1349, 51, 44),
(1350, 1, 53),
(1351, 95, 53),
(1352, 97, 49),
(1353, 86, 38),
(1354, 31, 15),
(1355, 72, 73),
(1356, 104, 5),
(1357, 57, 72),
(1358, 90, 74),
(1359, 44, 7),
(1360, 18, 95),
(1361, 101, 55),
(1362, 35, 23),
(1363, 69, 21),
(1364, 78, 35),
(1365, 71, 48),
(1366, 17, 24),
(1367, 17, 1),
(1368, 89, 6),
(1369, 49, 52),
(1370, 22, 94),
(1371, 83, 25),
(1372, 2, 45),
(1373, 86, 24),
(1374, 55, 63),
(1375, 84, 63),
(1376, 18, 77),
(1377, 35, 57),
(1378, 37, 21),
(1379, 14, 95),
(1380, 17, 42),
(1381, 49, 25),
(1382, 12, 47),
(1383, 46, 36),
(1384, 59, 94),
(1385, 60, 23),
(1386, 55, 5),
(1387, 52, 69),
(1388, 87, 23),
(1389, 104, 22),
(1390, 15, 58),
(1391, 84, 6),
(1392, 20, 61),
(1393, 55, 22),
(1394, 96, 42),
(1395, 11, 79),
(1396, 61, 82),
(1397, 86, 31),
(1398, 36, 3),
(1399, 13, 69),
(1400, 101, 91),
(1401, 11, 25),
(1402, 46, 64),
(1403, 94, 82),
(1404, 103, 94),
(1405, 47, 19),
(1406, 12, 15),
(1407, 76, 33),
(1408, 45, 79),
(1409, 75, 14),
(1410, 64, 50),
(1411, 43, 56),
(1412, 83, 49),
(1413, 16, 67),
(1414, 86, 84),
(1415, 98, 83),
(1416, 11, 49),
(1417, 9, 32),
(1418, 25, 66),
(1419, 44, 60),
(1420, 41, 20),
(1421, 36, 91),
(1422, 61, 21),
(1423, 39, 61),
(1424, 49, 47),
(1425, 87, 39),
(1426, 105, 44),
(1427, 31, 21),
(1428, 87, 69),
(1429, 100, 50),
(1430, 1, 94),
(1431, 56, 79),
(1432, 1, 41),
(1433, 35, 48),
(1434, 54, 23),
(1435, 40, 22),
(1436, 7, 24),
(1437, 15, 85),
(1438, 52, 31),
(1439, 86, 19),
(1440, 30, 94),
(1441, 45, 79),
(1442, 6, 11),
(1443, 99, 27),
(1444, 90, 61),
(1445, 75, 66),
(1446, 31, 26),
(1447, 14, 42),
(1448, 87, 57),
(1449, 67, 45),
(1450, 49, 77),
(1451, 55, 92),
(1452, 22, 90),
(1453, 79, 1),
(1454, 10, 32),
(1455, 93, 54),
(1456, 82, 27),
(1457, 14, 56),
(1458, 28, 95),
(1459, 43, 31),
(1460, 34, 65),
(1461, 5, 82),
(1462, 66, 33),
(1463, 79, 72),
(1464, 97, 40),
(1465, 70, 3),
(1466, 90, 48),
(1467, 98, 5),
(1468, 1, 58),
(1469, 69, 11),
(1470, 34, 56),
(1471, 96, 5),
(1472, 43, 64),
(1473, 49, 18),
(1474, 34, 43),
(1475, 12, 23),
(1476, 31, 23),
(1477, 36, 93),
(1478, 44, 9),
(1479, 35, 20),
(1480, 88, 12),
(1481, 22, 42),
(1482, 47, 82),
(1483, 65, 70),
(1484, 12, 27),
(1485, 57, 97),
(1486, 96, 41),
(1487, 30, 1),
(1488, 3, 91),
(1489, 30, 75),
(1490, 103, 9),
(1491, 19, 30),
(1492, 3, 2),
(1493, 1, 23),
(1494, 42, 63),
(1495, 98, 28),
(1496, 87, 11),
(1497, 66, 44),
(1498, 40, 17),
(1499, 15, 44),
(1500, 96, 35),
(1501, 102, 20),
(1502, 55, 58),
(1503, 13, 81),
(1504, 62, 46),
(1505, 105, 46),
(1506, 70, 38),
(1507, 19, 78),
(1508, 77, 4),
(1509, 99, 13),
(1510, 65, 12),
(1511, 55, 51),
(1512, 51, 85),
(1513, 98, 79),
(1514, 54, 17),
(1515, 22, 30),
(1516, 24, 94),
(1517, 78, 7),
(1518, 35, 72),
(1519, 55, 40),
(1520, 30, 13),
(1521, 36, 36),
(1522, 90, 71),
(1523, 27, 88),
(1524, 27, 60),
(1525, 18, 19),
(1526, 90, 87),
(1527, 13, 81),
(1528, 86, 55),
(1529, 8, 38),
(1530, 58, 50),
(1531, 88, 64),
(1532, 77, 90),
(1533, 82, 17),
(1534, 37, 97),
(1535, 41, 57),
(1536, 66, 16),
(1537, 75, 24),
(1538, 1, 88),
(1539, 62, 61),
(1540, 64, 76),
(1541, 105, 50),
(1542, 55, 42),
(1543, 49, 82),
(1544, 77, 39),
(1545, 105, 50),
(1546, 43, 96),
(1547, 32, 4),
(1548, 27, 68),
(1549, 89, 79),
(1550, 66, 63),
(1551, 100, 56),
(1552, 99, 38),
(1553, 95, 27),
(1554, 60, 69),
(1555, 88, 92),
(1556, 73, 16),
(1557, 64, 56),
(1558, 40, 30),
(1559, 100, 51),
(1560, 58, 81),
(1561, 63, 20),
(1562, 19, 60),
(1563, 16, 97),
(1564, 10, 28),
(1565, 23, 93),
(1566, 97, 47),
(1567, 47, 25),
(1568, 58, 44),
(1569, 44, 38),
(1570, 100, 92),
(1571, 41, 53),
(1572, 89, 33),
(1573, 16, 12),
(1574, 35, 53),
(1575, 52, 32),
(1576, 51, 28),
(1577, 3, 16),
(1578, 99, 47),
(1579, 19, 37),
(1580, 105, 46),
(1581, 47, 4),
(1582, 86, 79),
(1583, 76, 52),
(1584, 68, 92),
(1585, 8, 67),
(1586, 83, 93),
(1587, 80, 84),
(1588, 97, 88),
(1589, 43, 4),
(1590, 28, 43),
(1591, 96, 87),
(1592, 46, 65),
(1593, 28, 24),
(1594, 56, 92),
(1595, 9, 34),
(1596, 67, 88),
(1597, 46, 34),
(1598, 1, 38),
(1599, 78, 75),
(1600, 39, 95),
(1601, 96, 59),
(1602, 91, 94),
(1603, 13, 83),
(1604, 49, 33),
(1605, 27, 60),
(1606, 90, 79),
(1607, 101, 25),
(1608, 33, 96),
(1609, 44, 53),
(1610, 102, 84),
(1611, 42, 18),
(1612, 32, 38),
(1613, 104, 82),
(1614, 82, 23),
(1615, 57, 47),
(1616, 21, 78),
(1617, 96, 54),
(1618, 38, 1),
(1619, 82, 72),
(1620, 35, 81),
(1621, 13, 37),
(1622, 30, 70),
(1623, 65, 53),
(1624, 68, 23),
(1625, 82, 22),
(1626, 7, 36),
(1627, 52, 50),
(1628, 62, 43),
(1629, 83, 25),
(1630, 85, 31),
(1631, 92, 15),
(1632, 103, 1),
(1633, 88, 47),
(1634, 84, 90),
(1635, 94, 61),
(1636, 25, 26),
(1637, 8, 97),
(1638, 90, 94),
(1639, 98, 33),
(1640, 36, 39),
(1641, 23, 30),
(1642, 10, 5),
(1643, 105, 11),
(1644, 79, 58),
(1645, 33, 31),
(1646, 67, 35),
(1647, 98, 21),
(1648, 19, 18),
(1649, 1, 72),
(1650, 16, 92),
(1651, 27, 20),
(1652, 11, 10),
(1653, 88, 29),
(1654, 39, 51),
(1655, 85, 10),
(1656, 25, 79),
(1657, 67, 22),
(1658, 86, 29),
(1659, 27, 72),
(1660, 18, 35),
(1661, 31, 18),
(1662, 25, 56),
(1663, 18, 49),
(1664, 1, 28),
(1665, 33, 88),
(1666, 47, 84),
(1667, 51, 87),
(1668, 56, 64),
(1669, 76, 21),
(1670, 62, 6),
(1671, 66, 35),
(1672, 72, 29),
(1673, 16, 64),
(1674, 32, 23),
(1675, 62, 20),
(1676, 60, 76),
(1677, 91, 17),
(1678, 72, 32),
(1679, 54, 89),
(1680, 19, 94),
(1681, 95, 20),
(1682, 54, 29),
(1683, 4, 96),
(1684, 83, 7),
(1685, 65, 73),
(1686, 69, 37),
(1687, 2, 68),
(1688, 51, 84),
(1689, 96, 52),
(1690, 79, 1),
(1691, 2, 85),
(1692, 10, 84),
(1693, 66, 82),
(1694, 28, 69),
(1695, 105, 60),
(1696, 95, 54),
(1697, 12, 49),
(1698, 68, 4),
(1699, 45, 57),
(1700, 20, 10),
(1701, 78, 28),
(1702, 61, 40),
(1703, 44, 36),
(1704, 49, 6),
(1705, 67, 69),
(1706, 6, 41),
(1707, 12, 51),
(1708, 63, 70),
(1709, 94, 1),
(1710, 68, 19),
(1711, 100, 22),
(1712, 64, 74),
(1713, 36, 37),
(1714, 65, 90),
(1715, 10, 38),
(1716, 73, 9),
(1717, 91, 60),
(1718, 26, 62),
(1719, 39, 9),
(1720, 71, 2),
(1721, 5, 25),
(1722, 68, 86),
(1723, 38, 92),
(1724, 48, 55),
(1725, 4, 49),
(1726, 19, 50),
(1727, 74, 13),
(1728, 37, 17),
(1729, 62, 24),
(1730, 35, 45),
(1731, 100, 15),
(1732, 16, 18),
(1733, 21, 55),
(1734, 91, 40),
(1735, 6, 64),
(1736, 23, 41),
(1737, 28, 8),
(1738, 40, 27),
(1739, 4, 5),
(1740, 3, 11),
(1741, 94, 72),
(1742, 100, 30),
(1743, 62, 12),
(1744, 7, 18),
(1745, 82, 41),
(1746, 66, 30),
(1747, 71, 17),
(1748, 26, 37),
(1749, 19, 64),
(1750, 57, 56),
(1751, 23, 53),
(1752, 47, 17),
(1753, 79, 35),
(1754, 60, 88),
(1755, 55, 66),
(1756, 57, 34),
(1757, 36, 55),
(1758, 57, 55),
(1759, 86, 11),
(1760, 75, 41),
(1761, 42, 65),
(1762, 64, 69),
(1763, 67, 86),
(1764, 50, 6),
(1765, 74, 24),
(1766, 54, 56),
(1767, 12, 59),
(1768, 42, 85),
(1769, 9, 20),
(1770, 46, 37),
(1771, 81, 32),
(1772, 37, 7),
(1773, 57, 92),
(1774, 59, 60),
(1775, 103, 97),
(1776, 64, 1),
(1777, 64, 83),
(1778, 54, 92),
(1779, 96, 71),
(1780, 28, 15),
(1781, 29, 53),
(1782, 79, 93),
(1783, 67, 10),
(1784, 72, 55),
(1785, 90, 10),
(1786, 88, 81),
(1787, 2, 41),
(1788, 13, 39),
(1789, 68, 18),
(1790, 7, 19),
(1791, 95, 64),
(1792, 59, 35),
(1793, 93, 88),
(1794, 42, 50),
(1795, 13, 23),
(1796, 104, 81),
(1797, 40, 23),
(1798, 60, 36),
(1799, 101, 6),
(1800, 51, 17),
(1801, 10, 10),
(1802, 100, 78),
(1803, 90, 94),
(1804, 13, 70),
(1805, 29, 37),
(1806, 87, 20),
(1807, 20, 34),
(1808, 27, 83),
(1809, 7, 38),
(1810, 81, 35),
(1811, 80, 94),
(1812, 49, 18),
(1813, 17, 77),
(1814, 6, 58),
(1815, 3, 25),
(1816, 14, 42),
(1817, 20, 91),
(1818, 10, 46),
(1819, 11, 19),
(1820, 98, 91),
(1821, 51, 40),
(1822, 16, 46),
(1823, 46, 81),
(1824, 4, 33),
(1825, 100, 39),
(1826, 70, 6),
(1827, 84, 31),
(1828, 102, 85),
(1829, 57, 35),
(1830, 19, 6),
(1831, 41, 83),
(1832, 75, 9),
(1833, 90, 77),
(1834, 82, 28),
(1835, 71, 84),
(1836, 100, 78),
(1837, 86, 52),
(1838, 59, 16),
(1839, 72, 11),
(1840, 75, 40),
(1841, 64, 36),
(1842, 50, 44),
(1843, 28, 53),
(1844, 95, 61),
(1845, 58, 55),
(1846, 43, 21),
(1847, 47, 46),
(1848, 9, 17),
(1849, 57, 78),
(1850, 49, 13),
(1851, 25, 1),
(1852, 15, 27),
(1853, 21, 26),
(1854, 99, 44),
(1855, 19, 20),
(1856, 78, 61),
(1857, 25, 23),
(1858, 97, 85),
(1859, 83, 14),
(1860, 29, 68),
(1861, 58, 70),
(1862, 88, 93),
(1863, 95, 28),
(1864, 89, 84),
(1865, 72, 63),
(1866, 81, 27),
(1867, 90, 64),
(1868, 75, 56),
(1869, 25, 71),
(1870, 35, 90),
(1871, 35, 68),
(1872, 71, 5),
(1873, 5, 59),
(1874, 64, 75),
(1875, 104, 12),
(1876, 34, 77),
(1877, 18, 90),
(1878, 50, 94),
(1879, 23, 5),
(1880, 57, 16),
(1881, 56, 39),
(1882, 97, 84),
(1883, 94, 69),
(1884, 80, 39),
(1885, 69, 94),
(1886, 96, 10),
(1887, 90, 73),
(1888, 45, 16),
(1889, 91, 38),
(1890, 78, 40),
(1891, 87, 25),
(1892, 18, 92),
(1893, 11, 54),
(1894, 73, 38),
(1895, 87, 65),
(1896, 69, 8),
(1897, 92, 93),
(1898, 73, 4),
(1899, 50, 74),
(1900, 104, 28),
(1901, 5, 8),
(1902, 25, 13),
(1903, 10, 40),
(1904, 26, 32),
(1905, 103, 83),
(1906, 92, 19),
(1907, 59, 23),
(1908, 88, 37),
(1909, 65, 6),
(1910, 79, 93),
(1911, 52, 44),
(1912, 17, 37),
(1913, 42, 18),
(1914, 31, 70),
(1915, 14, 83),
(1916, 18, 10),
(1917, 26, 36),
(1918, 49, 76),
(1919, 66, 27),
(1920, 16, 42),
(1921, 16, 88),
(1922, 24, 30),
(1923, 26, 76),
(1924, 35, 32),
(1925, 48, 23),
(1926, 36, 3),
(1927, 19, 35),
(1928, 91, 82),
(1929, 54, 30),
(1930, 76, 9),
(1931, 79, 80),
(1932, 35, 72),
(1933, 75, 27),
(1934, 50, 45),
(1935, 71, 79),
(1936, 1, 14),
(1937, 39, 6),
(1938, 86, 17),
(1939, 57, 56),
(1940, 98, 97),
(1941, 4, 91),
(1942, 28, 40),
(1943, 24, 92),
(1944, 72, 85),
(1945, 61, 1),
(1946, 13, 91),
(1947, 12, 31),
(1948, 61, 13),
(1949, 82, 30),
(1950, 66, 62),
(1951, 72, 76),
(1952, 66, 65),
(1953, 56, 14),
(1954, 15, 54),
(1955, 68, 7),
(1956, 95, 84),
(1957, 66, 45),
(1958, 73, 33),
(1959, 11, 12),
(1960, 68, 98),
(1961, 88, 48),
(1962, 43, 7),
(1963, 31, 6),
(1964, 61, 29),
(1965, 104, 70),
(1966, 31, 74),
(1967, 47, 90),
(1968, 78, 10),
(1969, 11, 29),
(1970, 53, 5),
(1971, 72, 11),
(1972, 9, 46),
(1973, 22, 6),
(1974, 22, 44),
(1975, 10, 61),
(1976, 67, 4),
(1977, 44, 14),
(1978, 3, 41),
(1979, 3, 33),
(1980, 86, 82),
(1981, 88, 47),
(1982, 31, 61),
(1983, 95, 18),
(1984, 92, 59),
(1985, 16, 71),
(1986, 24, 84),
(1987, 72, 11),
(1988, 86, 46),
(1989, 91, 55),
(1990, 72, 69),
(1991, 11, 40),
(1992, 48, 66),
(1993, 39, 22),
(1994, 69, 91),
(1995, 54, 92),
(1996, 72, 23),
(1997, 77, 18),
(1998, 74, 87),
(1999, 103, 76),
(2000, 71, 89),
(2001, 89, 88),
(2002, 24, 96),
(2003, 26, 43),
(2004, 63, 65),
(2005, 84, 27),
(2006, 1, 13),
(2007, 73, 19),
(2008, 21, 40),
(2009, 21, 38),
(2010, 84, 78),
(2011, 16, 48),
(2012, 12, 78),
(2013, 22, 91),
(2014, 68, 10),
(2015, 98, 17),
(2016, 37, 7),
(2017, 39, 17),
(2018, 58, 9),
(2019, 103, 22),
(2020, 3, 55),
(2021, 21, 25),
(2022, 44, 85),
(2023, 78, 48),
(2024, 20, 2),
(2025, 81, 47),
(2026, 75, 6),
(2027, 17, 3),
(2028, 46, 46),
(2029, 49, 65),
(2030, 78, 68),
(2031, 83, 92),
(2032, 92, 9),
(2033, 97, 27),
(2034, 2, 37),
(2035, 63, 44),
(2036, 28, 22),
(2037, 27, 60),
(2038, 56, 43),
(2039, 38, 13),
(2040, 96, 79),
(2041, 45, 38),
(2042, 35, 78),
(2043, 54, 62),
(2044, 49, 12),
(2045, 7, 60),
(2046, 55, 91),
(2047, 21, 39),
(2048, 60, 19),
(2049, 29, 18),
(2050, 25, 79),
(2051, 4, 28),
(2052, 86, 93),
(2053, 96, 87),
(2054, 7, 5),
(2055, 89, 85),
(2056, 49, 2),
(2057, 21, 52),
(2058, 35, 12),
(2059, 48, 68),
(2060, 100, 80),
(2061, 9, 25),
(2062, 35, 21),
(2063, 49, 84),
(2064, 66, 44),
(2065, 1, 58),
(2066, 47, 1),
(2067, 87, 64),
(2068, 50, 92),
(2069, 7, 69),
(2070, 55, 7),
(2071, 47, 75),
(2072, 51, 71),
(2073, 69, 97),
(2074, 18, 50),
(2075, 74, 5),
(2076, 83, 73),
(2077, 59, 25),
(2078, 30, 96),
(2079, 96, 63),
(2080, 49, 7),
(2081, 90, 74),
(2082, 39, 69),
(2083, 40, 52),
(2084, 63, 76),
(2085, 5, 46),
(2086, 98, 10),
(2087, 100, 37),
(2088, 75, 67),
(2089, 64, 18),
(2090, 17, 5),
(2091, 80, 16),
(2092, 38, 67),
(2093, 58, 83),
(2094, 96, 44),
(2095, 12, 72),
(2096, 76, 16),
(2097, 89, 75),
(2098, 84, 67),
(2099, 73, 38),
(2100, 98, 76),
(2101, 92, 65),
(2102, 95, 51),
(2103, 102, 73),
(2104, 17, 31),
(2105, 51, 57),
(2106, 43, 1),
(2107, 57, 2),
(2108, 30, 87),
(2109, 27, 66),
(2110, 80, 53),
(2111, 66, 1),
(2112, 42, 28),
(2113, 56, 30),
(2114, 41, 7),
(2115, 10, 51),
(2116, 19, 54),
(2117, 62, 46),
(2118, 44, 58),
(2119, 4, 72),
(2120, 84, 83),
(2121, 8, 85),
(2122, 49, 95),
(2123, 52, 27),
(2124, 61, 74),
(2125, 13, 3),
(2126, 55, 95),
(2127, 6, 62),
(2128, 11, 47),
(2129, 14, 29),
(2130, 92, 93),
(2131, 62, 97),
(2132, 32, 1),
(2133, 52, 18),
(2134, 50, 79),
(2135, 14, 29),
(2136, 34, 35),
(2137, 12, 73),
(2138, 39, 46),
(2139, 104, 49),
(2140, 21, 48),
(2141, 28, 15),
(2142, 54, 39),
(2143, 53, 90),
(2144, 12, 55),
(2145, 50, 65),
(2146, 75, 12),
(2147, 38, 81),
(2148, 56, 59),
(2149, 65, 67),
(2150, 95, 57),
(2151, 30, 18),
(2152, 33, 86),
(2153, 29, 24),
(2154, 57, 20),
(2155, 5, 16),
(2156, 20, 7),
(2157, 80, 25),
(2158, 69, 79),
(2159, 100, 22),
(2160, 50, 50),
(2161, 34, 64),
(2162, 33, 28),
(2163, 17, 97),
(2164, 100, 10),
(2165, 21, 16),
(2166, 53, 91),
(2167, 92, 13),
(2168, 23, 73),
(2169, 67, 3),
(2170, 65, 95),
(2171, 56, 82),
(2172, 64, 72),
(2173, 41, 36),
(2174, 6, 7),
(2175, 80, 32),
(2176, 56, 88),
(2177, 61, 32),
(2178, 79, 7),
(2179, 60, 98),
(2180, 77, 13),
(2181, 66, 31),
(2182, 73, 89),
(2183, 100, 56),
(2184, 40, 4),
(2185, 41, 20),
(2186, 71, 85),
(2187, 6, 41),
(2188, 36, 24),
(2189, 99, 3),
(2190, 33, 74),
(2191, 31, 71),
(2192, 91, 73),
(2193, 65, 28),
(2194, 66, 98),
(2195, 11, 72),
(2196, 21, 53),
(2197, 29, 83),
(2198, 81, 43),
(2199, 54, 62),
(2200, 42, 54),
(2201, 90, 64),
(2202, 22, 75),
(2203, 93, 23),
(2204, 102, 73),
(2205, 65, 23),
(2206, 77, 59),
(2207, 100, 12),
(2208, 67, 47),
(2209, 15, 18),
(2210, 7, 85),
(2211, 45, 78),
(2212, 59, 35),
(2213, 79, 72),
(2214, 28, 39),
(2215, 6, 83),
(2216, 22, 50),
(2217, 54, 15),
(2218, 13, 84),
(2219, 104, 95),
(2220, 97, 81),
(2221, 86, 1),
(2222, 50, 14),
(2223, 24, 77),
(2224, 31, 92),
(2225, 23, 30),
(2226, 20, 28),
(2227, 92, 2),
(2228, 85, 21),
(2229, 15, 37),
(2230, 5, 86),
(2231, 69, 14),
(2232, 49, 80),
(2233, 102, 54),
(2234, 89, 42),
(2235, 85, 10),
(2236, 9, 73),
(2237, 3, 70),
(2238, 79, 65),
(2239, 99, 13),
(2240, 88, 14),
(2241, 47, 69),
(2242, 101, 20),
(2243, 101, 36),
(2244, 29, 39),
(2245, 13, 47),
(2246, 96, 67),
(2247, 84, 51),
(2248, 52, 90),
(2249, 5, 44),
(2250, 68, 47),
(2251, 12, 92),
(2252, 66, 30),
(2253, 9, 82),
(2254, 76, 95),
(2255, 16, 60),
(2256, 77, 66),
(2257, 37, 58),
(2258, 57, 2),
(2259, 76, 48),
(2260, 73, 89),
(2261, 83, 27),
(2262, 29, 28),
(2263, 20, 9),
(2264, 67, 77),
(2265, 70, 56),
(2266, 39, 92),
(2267, 24, 64),
(2268, 70, 53),
(2269, 34, 44),
(2270, 75, 8),
(2271, 80, 54),
(2272, 18, 2),
(2273, 99, 14),
(2274, 15, 58),
(2275, 22, 87),
(2276, 38, 79),
(2277, 27, 40),
(2278, 103, 35),
(2279, 3, 4),
(2280, 88, 78),
(2281, 7, 28),
(2282, 58, 63),
(2283, 84, 90),
(2284, 9, 16),
(2285, 70, 74),
(2286, 17, 56),
(2287, 98, 39),
(2288, 26, 67),
(2289, 95, 40),
(2290, 23, 66),
(2291, 49, 11),
(2292, 43, 69),
(2293, 97, 37),
(2294, 1, 51),
(2295, 104, 82),
(2296, 76, 97),
(2297, 43, 31),
(2298, 73, 2),
(2299, 83, 77),
(2300, 97, 45),
(2301, 60, 54),
(2302, 15, 38),
(2303, 95, 33),
(2304, 68, 88),
(2305, 45, 61),
(2306, 4, 35),
(2307, 74, 77),
(2308, 97, 54),
(2309, 77, 63),
(2310, 11, 42),
(2311, 10, 63),
(2312, 98, 71),
(2313, 68, 26),
(2314, 19, 76),
(2315, 20, 45),
(2316, 99, 80),
(2317, 72, 9),
(2318, 88, 83),
(2319, 26, 92),
(2320, 63, 35),
(2321, 97, 68),
(2322, 66, 62),
(2323, 87, 82),
(2324, 45, 16),
(2325, 55, 84),
(2326, 55, 70),
(2327, 65, 7),
(2328, 20, 46),
(2329, 64, 2),
(2330, 60, 86),
(2331, 90, 81),
(2332, 9, 17),
(2333, 25, 87),
(2334, 2, 47),
(2335, 80, 52),
(2336, 51, 30),
(2337, 104, 71),
(2338, 90, 25),
(2339, 74, 88),
(2340, 50, 38),
(2341, 4, 69),
(2342, 40, 56),
(2343, 73, 46),
(2344, 33, 31),
(2345, 52, 31),
(2346, 20, 98),
(2347, 100, 57),
(2348, 92, 26),
(2349, 71, 46),
(2350, 16, 10),
(2351, 66, 69),
(2352, 81, 78),
(2353, 28, 37),
(2354, 42, 88),
(2355, 16, 88),
(2356, 4, 71),
(2357, 15, 6),
(2358, 8, 43),
(2359, 82, 40),
(2360, 82, 3),
(2361, 19, 57),
(2362, 6, 36),
(2363, 81, 39),
(2364, 4, 8),
(2365, 65, 83),
(2366, 55, 45),
(2367, 55, 63),
(2368, 92, 64),
(2369, 34, 50),
(2370, 51, 48),
(2371, 67, 23),
(2372, 10, 91),
(2373, 8, 84),
(2374, 37, 27),
(2375, 7, 49),
(2376, 25, 84),
(2377, 85, 77),
(2378, 38, 9),
(2379, 54, 15),
(2380, 40, 17),
(2381, 31, 81),
(2382, 50, 76),
(2383, 87, 28),
(2384, 89, 88),
(2385, 104, 5),
(2386, 57, 49),
(2387, 81, 97),
(2388, 48, 27),
(2389, 85, 17),
(2390, 59, 14),
(2391, 52, 7),
(2392, 3, 81),
(2393, 66, 22),
(2394, 43, 56),
(2395, 55, 45),
(2396, 81, 66),
(2397, 70, 41),
(2398, 40, 12),
(2399, 53, 94),
(2400, 96, 73),
(2401, 76, 6),
(2402, 91, 75),
(2403, 90, 76),
(2404, 37, 39),
(2405, 81, 42),
(2406, 19, 41),
(2407, 66, 40),
(2408, 64, 16),
(2409, 6, 15),
(2410, 98, 33),
(2411, 69, 47),
(2412, 38, 60),
(2413, 14, 70),
(2414, 17, 3),
(2415, 42, 5),
(2416, 35, 40),
(2417, 50, 90),
(2418, 67, 95),
(2419, 82, 90),
(2420, 90, 13),
(2421, 55, 97),
(2422, 83, 35),
(2423, 56, 16),
(2424, 81, 97),
(2425, 98, 81),
(2426, 10, 10),
(2427, 26, 79),
(2428, 91, 15),
(2429, 79, 73),
(2430, 24, 23),
(2431, 73, 93),
(2432, 34, 71),
(2433, 39, 23),
(2434, 40, 38),
(2435, 43, 47),
(2436, 87, 5),
(2437, 52, 87),
(2438, 9, 84),
(2439, 80, 4),
(2440, 38, 31),
(2441, 33, 56),
(2442, 72, 16),
(2443, 62, 95),
(2444, 49, 95),
(2445, 86, 45),
(2446, 10, 35),
(2447, 94, 90),
(2448, 28, 8),
(2449, 92, 20),
(2450, 51, 24),
(2451, 72, 65),
(2452, 98, 87),
(2453, 105, 6),
(2454, 56, 70),
(2455, 100, 24),
(2456, 57, 15),
(2457, 82, 80),
(2458, 51, 1),
(2459, 62, 69),
(2460, 82, 77),
(2461, 93, 48),
(2462, 14, 51),
(2463, 42, 89),
(2464, 11, 36),
(2465, 85, 53),
(2466, 3, 59),
(2467, 97, 30),
(2468, 6, 35),
(2469, 89, 49),
(2470, 22, 22),
(2471, 48, 15),
(2472, 55, 63),
(2473, 7, 50),
(2474, 79, 87),
(2475, 61, 55),
(2476, 98, 76),
(2477, 57, 83),
(2478, 11, 20),
(2479, 100, 34),
(2480, 35, 12),
(2481, 54, 43),
(2482, 60, 53),
(2483, 97, 11),
(2484, 53, 66),
(2485, 35, 45),
(2486, 46, 28),
(2487, 25, 33),
(2488, 102, 76),
(2489, 26, 37),
(2490, 73, 61),
(2491, 24, 85),
(2492, 8, 75),
(2493, 48, 52),
(2494, 94, 85),
(2495, 99, 74),
(2496, 18, 40),
(2497, 51, 91),
(2498, 50, 97),
(2499, 78, 11),
(2500, 97, 1),
(2501, 2, 9),
(2502, 82, 20),
(2503, 81, 91),
(2504, 60, 57),
(2505, 17, 62),
(2506, 34, 87),
(2507, 24, 18),
(2508, 58, 24),
(2509, 36, 76),
(2510, 58, 90),
(2511, 28, 30),
(2512, 72, 87),
(2513, 62, 10),
(2514, 94, 48),
(2515, 69, 46),
(2516, 57, 21),
(2517, 104, 98),
(2518, 104, 63),
(2519, 30, 3),
(2520, 96, 78),
(2521, 26, 71),
(2522, 86, 49),
(2523, 72, 76),
(2524, 98, 19),
(2525, 49, 17),
(2526, 52, 79),
(2527, 29, 74),
(2528, 60, 62),
(2529, 105, 93),
(2530, 39, 10),
(2531, 5, 21),
(2532, 37, 74),
(2533, 41, 97),
(2534, 71, 70),
(2535, 55, 35),
(2536, 104, 6),
(2537, 29, 53),
(2538, 100, 23),
(2539, 38, 70),
(2540, 19, 83),
(2541, 80, 56),
(2542, 76, 50),
(2543, 96, 93),
(2544, 63, 27),
(2545, 26, 53),
(2546, 24, 89),
(2547, 14, 62),
(2548, 72, 86),
(2549, 35, 83),
(2550, 64, 27),
(2551, 22, 33),
(2552, 5, 43),
(2553, 6, 35),
(2554, 82, 85),
(2555, 8, 14),
(2556, 36, 97),
(2557, 50, 3),
(2558, 59, 30),
(2559, 87, 60),
(2560, 84, 92),
(2561, 38, 3),
(2562, 47, 58),
(2563, 92, 7),
(2564, 1, 4),
(2565, 23, 51),
(2566, 26, 80),
(2567, 66, 82),
(2568, 39, 59),
(2569, 78, 38),
(2570, 14, 59),
(2571, 35, 81),
(2572, 88, 57),
(2573, 94, 81),
(2574, 23, 66),
(2575, 38, 95),
(2576, 22, 16),
(2577, 54, 55),
(2578, 100, 70),
(2579, 56, 97),
(2580, 53, 98),
(2581, 1, 56),
(2582, 83, 49),
(2583, 7, 29),
(2584, 92, 84),
(2585, 67, 12),
(2586, 69, 40),
(2587, 1, 75),
(2588, 2, 49),
(2589, 22, 56),
(2590, 51, 82),
(2591, 100, 92),
(2592, 27, 70),
(2593, 3, 17),
(2594, 2, 37),
(2595, 53, 92),
(2596, 102, 3),
(2597, 86, 13),
(2598, 26, 29),
(2599, 76, 62),
(2600, 93, 8),
(2601, 12, 21),
(2602, 89, 24),
(2603, 61, 24),
(2604, 1, 19),
(2605, 45, 79),
(2606, 41, 48),
(2607, 85, 85),
(2608, 13, 32),
(2609, 100, 82),
(2610, 94, 67),
(2611, 72, 47),
(2612, 63, 68),
(2613, 39, 23),
(2614, 23, 95),
(2615, 66, 35),
(2616, 11, 43),
(2617, 4, 10),
(2618, 94, 71),
(2619, 87, 4),
(2620, 69, 97),
(2621, 90, 13),
(2622, 104, 39),
(2623, 99, 18),
(2624, 63, 52),
(2625, 72, 56),
(2626, 70, 42),
(2627, 55, 72),
(2628, 95, 39),
(2629, 100, 78),
(2630, 93, 1),
(2631, 89, 50),
(2632, 79, 12),
(2633, 101, 13),
(2634, 8, 48),
(2635, 88, 66),
(2636, 2, 49),
(2637, 88, 55),
(2638, 88, 83),
(2639, 32, 9),
(2640, 91, 51),
(2641, 77, 9),
(2642, 43, 5),
(2643, 51, 61),
(2644, 32, 65),
(2645, 78, 43),
(2646, 21, 31),
(2647, 81, 7),
(2648, 19, 52),
(2649, 40, 36),
(2650, 25, 13),
(2651, 91, 69),
(2652, 45, 24),
(2653, 3, 74),
(2654, 22, 2),
(2655, 57, 72),
(2656, 55, 40),
(2657, 36, 48),
(2658, 50, 79),
(2659, 88, 38),
(2660, 79, 26),
(2661, 104, 20),
(2662, 39, 94),
(2663, 4, 43),
(2664, 61, 5),
(2665, 39, 45),
(2666, 35, 44),
(2667, 102, 57),
(2668, 8, 23),
(2669, 5, 81),
(2670, 90, 91),
(2671, 82, 34),
(2672, 25, 22),
(2673, 77, 9),
(2674, 81, 88),
(2675, 65, 85),
(2676, 65, 18),
(2677, 81, 15),
(2678, 67, 15),
(2679, 86, 11),
(2680, 31, 3),
(2681, 102, 64),
(2682, 28, 83),
(2683, 96, 72),
(2684, 21, 24),
(2685, 77, 57),
(2686, 59, 43),
(2687, 93, 8),
(2688, 55, 63),
(2689, 101, 51),
(2690, 74, 82),
(2691, 33, 38),
(2692, 15, 66),
(2693, 36, 55),
(2694, 71, 46),
(2695, 25, 55),
(2696, 72, 2),
(2697, 28, 34),
(2698, 89, 84),
(2699, 39, 61),
(2700, 69, 79),
(2701, 12, 95),
(2702, 12, 86),
(2703, 2, 90),
(2704, 58, 65),
(2705, 93, 75),
(2706, 56, 68),
(2707, 4, 69),
(2708, 37, 5),
(2709, 83, 78),
(2710, 32, 39),
(2711, 54, 44),
(2712, 34, 44),
(2713, 95, 5),
(2714, 82, 83),
(2715, 5, 47),
(2716, 22, 29),
(2717, 14, 76),
(2718, 52, 62),
(2719, 88, 25),
(2720, 39, 45),
(2721, 73, 60),
(2722, 12, 44),
(2723, 47, 6),
(2724, 50, 6),
(2725, 72, 96),
(2726, 55, 84),
(2727, 54, 58),
(2728, 70, 45),
(2729, 33, 33),
(2730, 44, 18),
(2731, 51, 16),
(2732, 36, 77),
(2733, 53, 52),
(2734, 29, 80),
(2735, 86, 67),
(2736, 43, 48),
(2737, 15, 97),
(2738, 61, 42),
(2739, 68, 60),
(2740, 85, 93),
(2741, 37, 54),
(2742, 74, 84),
(2743, 27, 10),
(2744, 11, 8),
(2745, 19, 17),
(2746, 77, 40),
(2747, 76, 14),
(2748, 54, 74),
(2749, 46, 70),
(2750, 85, 48),
(2751, 64, 81),
(2752, 67, 91),
(2753, 27, 21),
(2754, 53, 53),
(2755, 51, 21),
(2756, 50, 26),
(2757, 42, 45),
(2758, 72, 88),
(2759, 76, 52),
(2760, 3, 4),
(2761, 81, 36),
(2762, 90, 44),
(2763, 56, 23),
(2764, 46, 44),
(2765, 11, 80),
(2766, 4, 63),
(2767, 76, 61),
(2768, 94, 24),
(2769, 7, 19),
(2770, 38, 68),
(2771, 60, 16),
(2772, 99, 63),
(2773, 18, 68),
(2774, 68, 28),
(2775, 35, 25),
(2776, 73, 1),
(2777, 12, 67),
(2778, 3, 75),
(2779, 65, 68),
(2780, 35, 89),
(2781, 11, 9),
(2782, 93, 72),
(2783, 102, 42),
(2784, 23, 31),
(2785, 56, 48),
(2786, 25, 69),
(2787, 86, 25),
(2788, 17, 38),
(2789, 16, 12),
(2790, 79, 12),
(2791, 54, 93),
(2792, 27, 95),
(2793, 56, 22),
(2794, 48, 12),
(2795, 75, 5),
(2796, 77, 58),
(2797, 16, 37),
(2798, 77, 58),
(2799, 84, 94),
(2800, 90, 87),
(2801, 7, 77),
(2802, 28, 20),
(2803, 66, 69),
(2804, 69, 77),
(2805, 63, 92),
(2806, 54, 45),
(2807, 86, 64),
(2808, 6, 89),
(2809, 25, 34),
(2810, 16, 52),
(2811, 31, 20),
(2812, 44, 12),
(2813, 37, 5),
(2814, 36, 90),
(2815, 74, 39),
(2816, 68, 68),
(2817, 35, 69),
(2818, 83, 12),
(2819, 2, 12),
(2820, 78, 87),
(2821, 83, 47),
(2822, 16, 23),
(2823, 55, 82),
(2824, 83, 72),
(2825, 35, 14),
(2826, 16, 91),
(2827, 69, 10),
(2828, 1, 65),
(2829, 78, 87),
(2830, 102, 89),
(2831, 63, 35),
(2832, 80, 63),
(2833, 13, 19),
(2834, 27, 70),
(2835, 88, 83),
(2836, 17, 88),
(2837, 82, 78),
(2838, 11, 42),
(2839, 68, 1),
(2840, 33, 77),
(2841, 17, 15),
(2842, 39, 63),
(2843, 19, 33),
(2844, 80, 32),
(2845, 80, 47),
(2846, 19, 38),
(2847, 50, 88),
(2848, 44, 11),
(2849, 103, 60),
(2850, 70, 8),
(2851, 71, 39),
(2852, 82, 83),
(2853, 6, 78),
(2854, 11, 5),
(2855, 46, 41),
(2856, 93, 52),
(2857, 52, 4),
(2858, 85, 61),
(2859, 64, 40),
(2860, 39, 31),
(2861, 12, 10),
(2862, 74, 54),
(2863, 74, 54),
(2864, 7, 6),
(2865, 105, 7),
(2866, 50, 22),
(2867, 73, 28),
(2868, 65, 75),
(2869, 86, 79),
(2870, 46, 13),
(2871, 50, 38),
(2872, 46, 53),
(2873, 24, 98),
(2874, 103, 92),
(2875, 13, 51),
(2876, 52, 24),
(2877, 61, 67),
(2878, 2, 12),
(2879, 91, 63),
(2880, 77, 79),
(2881, 44, 92),
(2882, 52, 73),
(2883, 2, 38),
(2884, 16, 24),
(2885, 20, 58),
(2886, 63, 30),
(2887, 20, 68),
(2888, 86, 73),
(2889, 2, 35),
(2890, 51, 82),
(2891, 58, 48),
(2892, 98, 67),
(2893, 49, 17),
(2894, 33, 40),
(2895, 76, 17),
(2896, 31, 74),
(2897, 71, 80),
(2898, 89, 57),
(2899, 85, 61),
(2900, 26, 1),
(2901, 99, 93),
(2902, 24, 58),
(2903, 80, 29),
(2904, 1, 63),
(2905, 99, 45),
(2906, 90, 43),
(2907, 9, 87),
(2908, 49, 98),
(2909, 48, 7),
(2910, 96, 3),
(2911, 18, 54),
(2912, 60, 70),
(2913, 12, 49),
(2914, 5, 44),
(2915, 58, 54),
(2916, 77, 6),
(2917, 76, 93),
(2918, 53, 56),
(2919, 76, 77),
(2920, 17, 11),
(2921, 59, 52),
(2922, 65, 14),
(2923, 27, 16),
(2924, 104, 65),
(2925, 94, 34),
(2926, 3, 18),
(2927, 25, 56),
(2928, 53, 33),
(2929, 26, 80),
(2930, 13, 75),
(2931, 8, 36),
(2932, 62, 71),
(2933, 101, 26),
(2934, 26, 70),
(2935, 103, 10),
(2936, 13, 21),
(2937, 31, 88),
(2938, 3, 19),
(2939, 22, 27),
(2940, 22, 97),
(2941, 31, 21),
(2942, 54, 52),
(2943, 102, 12),
(2944, 85, 94),
(2945, 87, 11),
(2946, 93, 1),
(2947, 13, 22),
(2948, 21, 14),
(2949, 16, 9),
(2950, 74, 93),
(2951, 32, 61),
(2952, 12, 68),
(2953, 29, 18),
(2954, 71, 48),
(2955, 38, 84),
(2956, 19, 57),
(2957, 39, 2),
(2958, 66, 92),
(2959, 31, 96),
(2960, 67, 96),
(2961, 40, 15),
(2962, 93, 28),
(2963, 2, 5),
(2964, 42, 45),
(2965, 26, 49),
(2966, 26, 22),
(2967, 40, 80),
(2968, 22, 83),
(2969, 80, 91),
(2970, 97, 16),
(2971, 88, 19),
(2972, 55, 42),
(2973, 86, 21),
(2974, 80, 87),
(2975, 79, 95),
(2976, 87, 31),
(2977, 79, 51),
(2978, 56, 40),
(2979, 4, 19),
(2980, 13, 4),
(2981, 73, 97),
(2982, 38, 95),
(2983, 8, 66),
(2984, 70, 51),
(2985, 74, 22),
(2986, 47, 78),
(2987, 102, 28),
(2988, 90, 2),
(2989, 77, 23),
(2990, 5, 86),
(2991, 5, 41),
(2992, 22, 60),
(2993, 24, 38),
(2994, 95, 25),
(2995, 65, 6),
(2996, 84, 98),
(2997, 41, 86),
(2998, 36, 34),
(2999, 59, 23),
(3000, 9, 86);

-- --------------------------------------------------------

--
-- Table structure for table `favoriteThread`
--

CREATE TABLE `favoriteThread` (
  `threadId` int DEFAULT NULL,
  `favoriteThreadId` int NOT NULL,
  `userId` int DEFAULT NULL
) ENGINE=InnoDB DEFAULT CHARSET=utf8mb4 COLLATE=utf8mb4_0900_ai_ci;

--
-- Dumping data for table `favoriteThread`
--

INSERT INTO `favoriteThread` (`threadId`, `favoriteThreadId`, `userId`) VALUES
(36, 1, 38),
(12, 2, 57),
(2, 3, 64),
(29, 4, 19),
(22, 5, 63),
(17, 6, 50),
(25, 7, 20),
(21, 8, 16),
(14, 9, 28),
(70, 10, 4),
(37, 11, 15),
(60, 12, 45),
(41, 13, 98),
(47, 14, 32),
(9, 15, 37),
(57, 16, 83),
(23, 17, 2),
(37, 18, 54),
(3, 19, 90),
(44, 20, 92),
(22, 21, 53),
(28, 22, 5),
(45, 23, 53),
(66, 24, 68),
(60, 25, 46),
(10, 26, 89),
(40, 27, 18),
(1, 28, 64),
(7, 29, 3),
(11, 30, 87),
(63, 31, 22),
(37, 32, 86),
(63, 33, 27),
(49, 34, 59),
(11, 35, 91),
(53, 36, 31),
(49, 37, 88),
(41, 38, 21),
(12, 39, 14),
(53, 40, 98),
(15, 41, 95),
(14, 42, 36),
(47, 43, 23),
(65, 44, 96),
(53, 45, 33),
(72, 46, 42),
(12, 47, 82),
(42, 48, 9),
(66, 49, 75),
(12, 50, 55),
(1, 51, 8),
(51, 52, 70),
(66, 53, 55),
(1, 54, 77),
(42, 55, 38),
(72, 56, 65),
(62, 57, 78),
(64, 58, 48),
(29, 59, 90),
(1, 60, 42),
(38, 61, 61),
(50, 62, 26),
(35, 63, 69),
(33, 64, 72),
(32, 65, 17),
(36, 66, 86),
(71, 67, 2),
(54, 68, 49),
(20, 69, 77),
(70, 70, 23),
(10, 71, 9),
(47, 72, 49),
(47, 73, 16),
(25, 74, 53),
(59, 75, 66),
(1, 76, 9),
(23, 77, 55),
(24, 78, 62),
(60, 79, 59),
(13, 80, 73),
(25, 81, 39),
(63, 82, 32),
(42, 83, 93),
(17, 84, 11),
(73, 85, 12),
(5, 86, 96),
(25, 87, 37),
(69, 88, 22),
(46, 89, 92),
(31, 90, 29),
(38, 91, 77),
(41, 92, 1),
(66, 93, 21),
(75, 94, 42),
(39, 95, 41),
(19, 96, 41),
(2, 97, 26),
(23, 98, 52),
(70, 99, 66),
(10, 100, 42),
(56, 101, 41),
(38, 102, 21),
(71, 103, 76),
(74, 104, 14),
(17, 105, 87),
(38, 106, 57),
(55, 107, 92),
(8, 108, 88),
(63, 109, 93),
(65, 110, 30),
(49, 111, 11),
(56, 112, 19),
(47, 113, 98),
(35, 114, 55),
(51, 115, 27),
(54, 116, 95),
(4, 117, 6),
(44, 118, 83),
(9, 119, 25),
(57, 120, 97),
(8, 121, 52),
(36, 122, 80),
(51, 123, 55),
(20, 124, 77),
(43, 125, 67),
(12, 126, 49),
(65, 127, 2),
(51, 128, 83),
(50, 129, 52),
(48, 130, 76),
(41, 131, 67),
(53, 132, 71),
(29, 133, 56),
(71, 134, 83),
(15, 135, 80),
(59, 136, 29),
(46, 137, 88),
(15, 138, 42),
(72, 139, 83),
(65, 140, 37),
(68, 141, 18),
(18, 142, 21),
(10, 143, 88),
(55, 144, 48),
(15, 145, 10),
(24, 146, 52),
(35, 147, 14),
(43, 148, 66),
(24, 149, 89),
(45, 150, 48),
(55, 151, 96),
(9, 152, 49),
(25, 153, 94),
(41, 154, 43),
(5, 155, 42),
(42, 156, 43),
(48, 157, 43),
(28, 158, 64),
(43, 159, 35),
(65, 160, 6),
(69, 161, 7),
(6, 162, 60),
(18, 163, 9),
(63, 164, 91),
(17, 165, 90),
(61, 166, 18),
(69, 167, 43),
(71, 168, 98),
(9, 169, 13),
(9, 170, 34),
(42, 171, 26),
(27, 172, 53),
(48, 173, 23),
(31, 174, 89),
(5, 175, 93),
(60, 176, 42),
(48, 177, 50),
(38, 178, 16),
(19, 179, 56),
(64, 180, 81),
(68, 181, 92),
(66, 182, 9),
(8, 183, 49),
(51, 184, 82),
(30, 185, 76),
(1, 186, 83),
(26, 187, 63),
(68, 188, 33),
(20, 189, 39),
(70, 190, 17),
(25, 191, 14),
(38, 192, 57),
(31, 193, 78),
(26, 194, 72),
(58, 195, 59),
(62, 196, 38),
(70, 197, 10),
(29, 198, 27),
(74, 199, 20),
(34, 200, 45),
(1, 201, 27),
(57, 202, 50),
(43, 203, 28),
(4, 204, 10),
(28, 205, 4),
(24, 206, 32),
(24, 207, 24),
(29, 208, 77),
(24, 209, 6),
(23, 210, 6),
(66, 211, 14),
(13, 212, 70),
(42, 213, 69),
(32, 214, 63),
(68, 215, 29),
(57, 216, 39),
(23, 217, 45),
(7, 218, 72),
(60, 219, 2),
(47, 220, 73),
(16, 221, 58),
(6, 222, 88),
(57, 223, 5),
(37, 224, 13),
(55, 225, 81),
(72, 226, 36),
(39, 227, 71),
(54, 228, 26),
(66, 229, 50),
(36, 230, 6),
(14, 231, 84),
(13, 232, 30),
(60, 233, 78),
(68, 234, 98),
(21, 235, 89),
(15, 236, 33),
(48, 237, 86),
(56, 238, 32),
(58, 239, 16),
(68, 240, 77),
(26, 241, 72),
(31, 242, 74),
(21, 243, 54),
(32, 244, 11),
(27, 245, 12),
(39, 246, 41),
(19, 247, 38),
(60, 248, 44),
(6, 249, 31),
(55, 250, 78),
(39, 251, 67),
(68, 252, 60),
(64, 253, 33),
(17, 254, 96),
(20, 255, 67),
(68, 256, 67),
(67, 257, 12),
(13, 258, 50),
(20, 259, 27),
(11, 260, 27),
(73, 261, 8),
(62, 262, 25),
(11, 263, 63),
(74, 264, 42),
(66, 265, 78),
(16, 266, 2),
(58, 267, 34),
(8, 268, 68),
(16, 269, 92),
(67, 270, 55),
(64, 271, 79),
(39, 272, 22),
(36, 273, 58),
(60, 274, 73),
(8, 275, 20),
(71, 276, 82),
(52, 277, 53),
(26, 278, 13),
(7, 279, 51),
(41, 280, 5),
(42, 281, 18),
(48, 282, 17),
(41, 283, 38),
(30, 284, 86),
(31, 285, 61),
(39, 286, 40),
(31, 287, 20),
(42, 288, 75),
(23, 289, 7),
(59, 290, 59),
(10, 291, 25),
(31, 292, 13),
(17, 293, 37),
(65, 294, 62),
(45, 295, 24),
(28, 296, 61),
(17, 297, 14),
(53, 298, 63),
(8, 299, 40),
(49, 300, 39),
(35, 301, 3),
(35, 302, 43),
(13, 303, 4),
(34, 304, 40),
(11, 305, 22),
(52, 306, 60),
(69, 307, 16),
(46, 308, 23),
(65, 309, 70),
(73, 310, 25),
(16, 311, 55),
(15, 312, 92),
(27, 313, 55),
(14, 314, 47),
(44, 315, 79),
(44, 316, 63),
(66, 317, 12),
(8, 318, 34),
(22, 319, 34),
(49, 320, 78),
(69, 321, 79),
(26, 322, 89),
(16, 323, 67),
(29, 324, 10),
(56, 325, 13),
(64, 326, 39),
(46, 327, 4),
(55, 328, 60),
(37, 329, 60),
(59, 330, 30),
(67, 331, 47),
(45, 332, 54),
(29, 333, 23),
(49, 334, 9),
(38, 335, 6),
(12, 336, 16),
(24, 337, 27),
(9, 338, 23),
(41, 339, 73),
(11, 340, 61),
(17, 341, 64),
(42, 342, 65),
(72, 343, 12),
(28, 344, 97),
(14, 345, 12),
(38, 346, 13),
(62, 347, 67),
(14, 348, 21),
(73, 349, 7),
(74, 350, 9),
(19, 351, 23),
(35, 352, 72),
(58, 353, 72),
(41, 354, 36),
(52, 355, 60),
(8, 356, 43),
(22, 357, 59),
(48, 358, 55),
(23, 359, 48),
(9, 360, 39),
(45, 361, 64),
(19, 362, 33),
(42, 363, 1),
(66, 364, 65),
(40, 365, 39),
(51, 366, 56),
(36, 367, 12),
(35, 368, 17),
(46, 369, 47),
(18, 370, 86),
(20, 371, 67),
(25, 372, 84),
(35, 373, 14),
(35, 374, 82),
(42, 375, 8),
(15, 376, 43),
(41, 377, 37),
(17, 378, 11),
(64, 379, 40),
(7, 380, 84),
(29, 381, 80),
(25, 382, 74),
(30, 383, 51),
(13, 384, 87),
(61, 385, 38),
(67, 386, 41),
(53, 387, 78),
(50, 388, 32),
(36, 389, 34),
(7, 390, 72),
(3, 391, 12),
(64, 392, 1),
(15, 393, 56),
(50, 394, 58),
(8, 395, 82),
(33, 396, 39),
(13, 397, 68),
(70, 398, 69),
(40, 399, 58),
(46, 400, 2),
(75, 401, 50),
(59, 402, 68),
(53, 403, 32),
(1, 404, 26),
(65, 405, 3),
(16, 406, 93),
(40, 407, 92),
(38, 408, 66),
(54, 409, 16),
(74, 410, 67),
(46, 411, 30),
(62, 412, 81),
(58, 413, 85),
(70, 414, 59),
(41, 415, 43),
(13, 416, 74),
(72, 417, 24),
(53, 418, 54),
(15, 419, 9),
(50, 420, 93),
(28, 421, 81),
(40, 422, 54),
(33, 423, 50),
(58, 424, 19),
(49, 425, 86),
(9, 426, 71),
(8, 427, 64),
(72, 428, 96),
(64, 429, 24),
(8, 430, 32),
(46, 431, 26),
(60, 432, 35),
(8, 433, 7),
(58, 434, 45),
(69, 435, 63),
(10, 436, 29),
(56, 437, 37),
(19, 438, 95),
(50, 439, 38),
(58, 440, 58),
(30, 441, 6),
(42, 442, 68),
(2, 443, 10),
(54, 444, 30),
(72, 445, 9),
(66, 446, 81),
(25, 447, 23),
(59, 448, 37),
(5, 449, 41),
(28, 450, 11),
(34, 451, 2),
(22, 452, 7),
(75, 453, 70),
(69, 454, 43),
(37, 455, 20),
(56, 456, 40),
(27, 457, 59),
(22, 458, 25),
(67, 459, 2),
(28, 460, 66),
(40, 461, 70),
(74, 462, 8),
(37, 463, 60),
(32, 464, 63),
(34, 465, 38),
(33, 466, 35),
(31, 467, 29),
(23, 468, 68),
(59, 469, 19),
(11, 470, 57),
(8, 471, 98),
(14, 472, 4),
(54, 473, 75),
(22, 474, 4),
(28, 475, 40),
(58, 476, 51),
(66, 477, 50),
(50, 478, 13),
(51, 479, 15),
(10, 480, 56),
(68, 481, 69),
(66, 482, 4),
(64, 483, 21),
(74, 484, 30),
(8, 485, 33),
(62, 486, 81),
(16, 487, 82),
(56, 488, 14),
(36, 489, 47),
(49, 490, 91),
(54, 491, 2),
(7, 492, 97),
(32, 493, 13),
(33, 494, 43),
(27, 495, 96),
(4, 496, 20),
(8, 497, 47),
(2, 498, 1),
(50, 499, 62),
(14, 500, 87),
(21, 501, 7),
(69, 502, 1),
(52, 503, 19),
(67, 504, 90),
(69, 505, 87),
(71, 506, 89),
(56, 507, 86),
(15, 508, 17),
(42, 509, 86),
(20, 510, 10),
(32, 511, 40),
(32, 512, 21),
(60, 513, 50),
(46, 514, 75),
(57, 515, 16),
(43, 516, 38),
(63, 517, 12),
(26, 518, 55),
(8, 519, 82),
(60, 520, 69),
(3, 521, 64),
(36, 522, 57),
(57, 523, 74),
(56, 524, 78),
(21, 525, 42),
(43, 526, 96),
(15, 527, 94),
(71, 528, 15),
(50, 529, 58),
(60, 530, 1),
(62, 531, 20),
(46, 532, 10),
(20, 533, 83),
(74, 534, 96),
(71, 535, 41),
(15, 536, 68),
(51, 537, 16),
(60, 538, 85),
(45, 539, 90),
(63, 540, 54),
(27, 541, 76),
(57, 542, 93),
(63, 543, 36),
(16, 544, 84),
(50, 545, 10),
(63, 546, 75),
(32, 547, 73),
(39, 548, 65),
(18, 549, 91),
(9, 550, 33),
(62, 551, 31),
(55, 552, 47),
(52, 553, 5),
(46, 554, 81),
(41, 555, 86),
(46, 556, 45),
(60, 557, 8),
(44, 558, 25),
(9, 559, 3),
(8, 560, 92),
(10, 561, 5),
(2, 562, 66),
(56, 563, 63),
(65, 564, 72),
(8, 565, 42),
(72, 566, 52),
(12, 567, 9),
(8, 568, 44),
(30, 569, 62),
(3, 570, 78),
(34, 571, 92),
(65, 572, 34),
(17, 573, 62),
(46, 574, 36),
(46, 575, 1),
(8, 576, 44),
(20, 577, 84),
(17, 578, 6),
(6, 579, 17),
(39, 580, 46),
(46, 581, 13),
(7, 582, 59),
(64, 583, 51),
(19, 584, 74),
(61, 585, 17),
(74, 586, 44),
(16, 587, 62),
(24, 588, 88),
(62, 589, 91),
(46, 590, 21),
(42, 591, 90),
(22, 592, 7),
(47, 593, 57),
(28, 594, 79),
(43, 595, 94),
(26, 596, 41),
(37, 597, 20),
(42, 598, 60),
(32, 599, 46),
(54, 600, 28),
(26, 601, 4),
(4, 602, 84),
(37, 603, 29),
(3, 604, 25),
(47, 605, 30),
(39, 606, 52),
(21, 607, 73),
(24, 608, 23),
(39, 609, 15),
(31, 610, 31),
(4, 611, 64),
(24, 612, 69),
(7, 613, 18),
(3, 614, 72),
(4, 615, 88),
(27, 616, 20),
(64, 617, 78),
(48, 618, 48),
(33, 619, 61),
(56, 620, 25),
(22, 621, 40),
(31, 622, 19),
(39, 623, 22),
(50, 624, 98),
(19, 625, 58),
(26, 626, 15),
(1, 627, 90),
(4, 628, 13),
(39, 629, 15),
(6, 630, 78),
(19, 631, 67),
(17, 632, 73),
(28, 633, 20),
(52, 634, 20),
(62, 635, 41),
(34, 636, 7),
(43, 637, 48),
(21, 638, 42),
(25, 639, 98),
(71, 640, 31),
(42, 641, 95),
(4, 642, 56),
(63, 643, 46),
(74, 644, 38),
(34, 645, 18),
(50, 646, 14),
(73, 647, 83),
(66, 648, 14),
(61, 649, 64),
(7, 650, 57),
(67, 651, 81),
(19, 652, 82),
(21, 653, 2),
(25, 654, 92),
(44, 655, 41),
(44, 656, 51),
(16, 657, 18),
(60, 658, 54),
(40, 659, 57),
(12, 660, 78),
(3, 661, 87),
(74, 662, 84),
(55, 663, 58),
(32, 664, 25),
(21, 665, 83),
(17, 666, 5),
(14, 667, 64),
(41, 668, 27),
(4, 669, 12),
(7, 670, 94),
(65, 671, 37),
(22, 672, 97),
(57, 673, 64),
(4, 674, 28),
(5, 675, 47),
(37, 676, 71),
(7, 677, 72),
(64, 678, 37),
(57, 679, 18),
(8, 680, 20),
(48, 681, 77),
(4, 682, 35),
(19, 683, 50),
(30, 684, 36),
(50, 685, 29),
(5, 686, 52),
(12, 687, 60),
(62, 688, 29),
(64, 689, 52),
(14, 690, 60),
(73, 691, 59),
(1, 692, 80),
(58, 693, 84),
(52, 694, 42),
(5, 695, 5),
(7, 696, 62),
(9, 697, 95),
(31, 698, 7),
(17, 699, 51),
(57, 700, 95),
(9, 701, 86),
(7, 702, 9),
(58, 703, 62),
(8, 704, 79),
(3, 705, 93),
(33, 706, 30),
(51, 707, 13),
(9, 708, 24),
(35, 709, 79),
(55, 710, 75),
(60, 711, 85),
(75, 712, 22),
(46, 713, 34),
(39, 714, 87),
(70, 715, 23),
(29, 716, 85),
(14, 717, 34),
(33, 718, 53),
(47, 719, 9),
(17, 720, 68),
(63, 721, 42),
(35, 722, 7),
(67, 723, 79),
(34, 724, 2),
(46, 725, 65),
(38, 726, 36),
(58, 727, 60),
(49, 728, 91),
(12, 729, 95),
(70, 730, 55),
(54, 731, 60),
(46, 732, 53),
(11, 733, 89),
(19, 734, 26),
(3, 735, 89),
(46, 736, 63),
(7, 737, 16),
(38, 738, 29),
(43, 739, 83),
(70, 740, 20),
(23, 741, 59),
(43, 742, 65),
(6, 743, 30),
(72, 744, 21),
(10, 745, 88),
(47, 746, 27),
(35, 747, 94),
(27, 748, 10),
(3, 749, 8),
(64, 750, 79),
(30, 751, 61),
(27, 752, 68),
(3, 753, 70),
(29, 754, 49),
(29, 755, 13),
(53, 756, 28),
(16, 757, 20),
(29, 758, 97),
(39, 759, 57),
(27, 760, 12),
(75, 761, 48),
(42, 762, 76),
(50, 763, 13),
(70, 764, 98),
(72, 765, 11),
(16, 766, 82),
(41, 767, 45),
(26, 768, 29),
(65, 769, 13),
(68, 770, 83),
(54, 771, 85),
(8, 772, 35),
(40, 773, 32),
(53, 774, 23),
(67, 775, 51),
(41, 776, 63),
(10, 777, 2),
(55, 778, 7),
(16, 779, 19),
(11, 780, 59),
(53, 781, 77),
(26, 782, 26),
(69, 783, 66),
(16, 784, 89),
(9, 785, 78),
(9, 786, 93),
(53, 787, 93),
(58, 788, 20),
(8, 789, 47),
(42, 790, 27),
(54, 791, 39),
(26, 792, 92),
(5, 793, 63),
(71, 794, 43),
(39, 795, 42),
(24, 796, 28),
(47, 797, 12),
(56, 798, 20),
(31, 799, 82),
(64, 800, 73),
(32, 801, 26),
(73, 802, 13),
(68, 803, 47),
(69, 804, 9),
(33, 805, 34),
(35, 806, 33),
(2, 807, 3),
(13, 808, 48),
(11, 809, 3),
(52, 810, 45),
(7, 811, 76),
(69, 812, 50),
(64, 813, 31),
(2, 814, 95),
(51, 815, 21),
(51, 816, 72),
(8, 817, 6),
(49, 818, 97),
(11, 819, 91),
(56, 820, 64),
(53, 821, 17),
(25, 822, 92),
(1, 823, 96),
(23, 824, 92),
(32, 825, 48),
(4, 826, 35),
(63, 827, 75),
(4, 828, 87),
(18, 829, 55),
(72, 830, 58),
(41, 831, 4),
(50, 832, 56),
(21, 833, 16),
(31, 834, 94),
(4, 835, 64),
(20, 836, 15),
(57, 837, 8),
(34, 838, 62),
(73, 839, 20),
(13, 840, 90),
(3, 841, 7),
(41, 842, 89),
(74, 843, 22),
(10, 844, 23),
(50, 845, 85),
(68, 846, 30),
(32, 847, 61),
(30, 848, 31),
(20, 849, 9),
(24, 850, 97),
(36, 851, 84),
(49, 852, 4),
(38, 853, 74),
(17, 854, 71),
(6, 855, 72),
(51, 856, 7),
(24, 857, 28),
(1, 858, 64),
(14, 859, 62),
(44, 860, 33),
(70, 861, 76),
(16, 862, 25),
(61, 863, 19),
(35, 864, 94),
(52, 865, 19),
(41, 866, 51),
(72, 867, 94),
(74, 868, 95),
(63, 869, 11),
(41, 870, 17),
(9, 871, 52),
(65, 872, 80),
(60, 873, 17),
(34, 874, 38),
(52, 875, 59),
(31, 876, 18),
(26, 877, 25),
(34, 878, 53),
(64, 879, 41),
(27, 880, 56),
(54, 881, 69),
(62, 882, 94),
(22, 883, 34),
(18, 884, 11),
(40, 885, 98),
(74, 886, 32),
(71, 887, 30),
(18, 888, 39),
(49, 889, 40),
(13, 890, 61),
(20, 891, 94),
(52, 892, 70),
(62, 893, 13),
(57, 894, 80),
(24, 895, 47),
(14, 896, 80),
(39, 897, 63),
(38, 898, 51),
(68, 899, 39),
(42, 900, 35),
(57, 901, 1),
(53, 902, 28),
(13, 903, 16),
(41, 904, 6),
(17, 905, 37),
(34, 906, 74),
(57, 907, 15),
(14, 908, 44),
(50, 909, 61),
(48, 910, 86),
(54, 911, 75),
(52, 912, 30),
(75, 913, 64),
(25, 914, 49),
(32, 915, 91),
(41, 916, 4),
(33, 917, 62),
(48, 918, 94),
(11, 919, 31),
(24, 920, 38),
(15, 921, 93),
(69, 922, 65),
(27, 923, 84),
(51, 924, 37),
(39, 925, 8),
(36, 926, 15),
(27, 927, 73),
(39, 928, 16),
(9, 929, 97),
(23, 930, 75),
(3, 931, 93),
(64, 932, 98),
(42, 933, 8),
(54, 934, 18),
(74, 935, 38),
(42, 936, 68),
(57, 937, 18),
(53, 938, 46),
(61, 939, 89),
(46, 940, 47),
(51, 941, 12),
(35, 942, 43),
(75, 943, 97),
(18, 944, 66),
(9, 945, 1),
(17, 946, 28),
(38, 947, 16),
(16, 948, 91),
(43, 949, 77),
(26, 950, 40),
(63, 951, 78),
(65, 952, 62),
(74, 953, 26),
(43, 954, 1),
(29, 955, 27),
(45, 956, 98),
(19, 957, 98),
(4, 958, 61),
(17, 959, 13),
(17, 960, 87),
(13, 961, 14),
(37, 962, 37),
(50, 963, 62),
(16, 964, 13),
(26, 965, 7),
(57, 966, 98),
(16, 967, 20),
(10, 968, 17),
(56, 969, 80),
(28, 970, 66),
(73, 971, 94),
(32, 972, 15),
(11, 973, 84),
(63, 974, 79),
(73, 975, 7),
(58, 976, 70),
(13, 977, 2),
(11, 978, 5),
(39, 979, 7),
(60, 980, 33),
(16, 981, 11),
(32, 982, 39),
(56, 983, 66),
(55, 984, 81),
(65, 985, 20),
(73, 986, 39),
(17, 987, 47),
(52, 988, 33),
(13, 989, 33),
(12, 990, 53),
(67, 991, 65),
(36, 992, 32),
(67, 993, 28),
(9, 994, 71),
(48, 995, 39),
(37, 996, 34),
(45, 997, 40),
(49, 998, 92),
(68, 999, 12),
(39, 1000, 14),
(34, 1001, 7),
(69, 1002, 98),
(12, 1003, 4),
(58, 1004, 12),
(35, 1005, 79),
(23, 1006, 82),
(61, 1007, 59),
(61, 1008, 70),
(64, 1009, 65),
(40, 1010, 80),
(37, 1011, 82),
(57, 1012, 17),
(45, 1013, 33),
(72, 1014, 3),
(2, 1015, 92),
(63, 1016, 80),
(54, 1017, 5),
(37, 1018, 48),
(23, 1019, 83),
(19, 1020, 35),
(46, 1021, 29),
(28, 1022, 10),
(32, 1023, 50),
(4, 1024, 84),
(49, 1025, 55),
(33, 1026, 2),
(52, 1027, 90),
(53, 1028, 50),
(24, 1029, 19),
(9, 1030, 53),
(16, 1031, 19),
(37, 1032, 89),
(66, 1033, 21),
(38, 1034, 38),
(66, 1035, 38),
(36, 1036, 83),
(53, 1037, 29),
(38, 1038, 59),
(73, 1039, 39),
(42, 1040, 42),
(45, 1041, 58),
(43, 1042, 84),
(21, 1043, 51),
(73, 1044, 21),
(28, 1045, 40),
(65, 1046, 18),
(54, 1047, 60),
(28, 1048, 85),
(42, 1049, 19),
(29, 1050, 13),
(45, 1051, 24),
(39, 1052, 20),
(8, 1053, 27),
(65, 1054, 88),
(60, 1055, 18),
(27, 1056, 84),
(31, 1057, 11),
(49, 1058, 34),
(10, 1059, 65),
(16, 1060, 80),
(15, 1061, 33),
(35, 1062, 86),
(37, 1063, 63),
(71, 1064, 24),
(44, 1065, 50),
(49, 1066, 86),
(20, 1067, 1),
(20, 1068, 26),
(21, 1069, 16),
(10, 1070, 68),
(9, 1071, 78),
(51, 1072, 81),
(23, 1073, 3),
(1, 1074, 90),
(67, 1075, 24),
(75, 1076, 75),
(5, 1077, 18),
(48, 1078, 88),
(6, 1079, 29),
(42, 1080, 88),
(26, 1081, 49),
(40, 1082, 32),
(15, 1083, 50),
(63, 1084, 36),
(15, 1085, 18),
(30, 1086, 30),
(15, 1087, 77),
(25, 1088, 76),
(47, 1089, 43),
(4, 1090, 53),
(7, 1091, 63),
(74, 1092, 4),
(47, 1093, 24),
(33, 1094, 16),
(34, 1095, 96),
(63, 1096, 17),
(41, 1097, 11),
(52, 1098, 11),
(36, 1099, 53),
(33, 1100, 1),
(8, 1101, 11),
(45, 1102, 55),
(38, 1103, 54),
(49, 1104, 30),
(17, 1105, 49),
(48, 1106, 8),
(11, 1107, 87),
(74, 1108, 70),
(67, 1109, 22),
(71, 1110, 35),
(47, 1111, 14),
(28, 1112, 48),
(68, 1113, 7),
(29, 1114, 16),
(56, 1115, 6),
(6, 1116, 41),
(39, 1117, 64),
(39, 1118, 89),
(56, 1119, 47),
(32, 1120, 3),
(14, 1121, 28),
(67, 1122, 39),
(26, 1123, 36),
(57, 1124, 72),
(52, 1125, 37),
(39, 1126, 23),
(70, 1127, 2),
(70, 1128, 73),
(32, 1129, 22),
(59, 1130, 11),
(27, 1131, 10),
(60, 1132, 76),
(32, 1133, 50),
(45, 1134, 64),
(43, 1135, 75),
(7, 1136, 3),
(49, 1137, 44),
(45, 1138, 10),
(61, 1139, 39),
(52, 1140, 78),
(32, 1141, 41),
(53, 1142, 60),
(31, 1143, 8),
(56, 1144, 41),
(3, 1145, 51),
(47, 1146, 92),
(69, 1147, 71),
(5, 1148, 37),
(12, 1149, 68),
(34, 1150, 46),
(6, 1151, 8),
(65, 1152, 32),
(12, 1153, 78),
(22, 1154, 98),
(12, 1155, 18),
(5, 1156, 32),
(59, 1157, 37),
(72, 1158, 39),
(71, 1159, 67),
(58, 1160, 25),
(33, 1161, 61),
(22, 1162, 26),
(65, 1163, 34),
(59, 1164, 89),
(44, 1165, 3),
(67, 1166, 77),
(22, 1167, 8),
(7, 1168, 32),
(30, 1169, 16),
(64, 1170, 75),
(50, 1171, 77),
(39, 1172, 7),
(19, 1173, 12),
(58, 1174, 83),
(69, 1175, 7),
(9, 1176, 83),
(71, 1177, 49),
(5, 1178, 77),
(6, 1179, 28),
(4, 1180, 57),
(72, 1181, 15),
(29, 1182, 72),
(40, 1183, 21),
(24, 1184, 9),
(35, 1185, 51),
(46, 1186, 49),
(58, 1187, 41),
(63, 1188, 44),
(20, 1189, 41),
(64, 1190, 20),
(44, 1191, 68),
(70, 1192, 47),
(73, 1193, 11),
(7, 1194, 92),
(31, 1195, 65),
(21, 1196, 45),
(3, 1197, 9),
(13, 1198, 27),
(64, 1199, 45),
(10, 1200, 68),
(58, 1201, 14),
(49, 1202, 65),
(42, 1203, 56),
(44, 1204, 14),
(69, 1205, 85),
(24, 1206, 18),
(12, 1207, 46),
(53, 1208, 68),
(41, 1209, 65),
(22, 1210, 70),
(59, 1211, 54),
(74, 1212, 3),
(26, 1213, 83),
(18, 1214, 78),
(25, 1215, 62),
(32, 1216, 81),
(75, 1217, 84),
(2, 1218, 8),
(52, 1219, 73),
(26, 1220, 81),
(61, 1221, 75),
(50, 1222, 86),
(51, 1223, 31),
(6, 1224, 11),
(62, 1225, 98),
(58, 1226, 49),
(50, 1227, 98),
(49, 1228, 80),
(59, 1229, 54),
(34, 1230, 82),
(16, 1231, 54),
(37, 1232, 79),
(20, 1233, 94),
(62, 1234, 48),
(69, 1235, 26),
(57, 1236, 61),
(25, 1237, 47),
(59, 1238, 98),
(23, 1239, 71),
(58, 1240, 60),
(15, 1241, 82),
(54, 1242, 51),
(32, 1243, 75),
(48, 1244, 83),
(51, 1245, 22),
(7, 1246, 76),
(73, 1247, 75),
(63, 1248, 77),
(17, 1249, 79),
(26, 1250, 97),
(75, 1251, 31),
(29, 1252, 87),
(49, 1253, 65),
(22, 1254, 95),
(23, 1255, 69),
(20, 1256, 18),
(34, 1257, 95),
(41, 1258, 26),
(41, 1259, 25),
(70, 1260, 93),
(41, 1261, 2),
(49, 1262, 98),
(17, 1263, 55),
(12, 1264, 89),
(17, 1265, 70),
(52, 1266, 55),
(31, 1267, 50),
(65, 1268, 38),
(36, 1269, 67),
(71, 1270, 17),
(36, 1271, 81),
(60, 1272, 92),
(45, 1273, 75),
(27, 1274, 31),
(8, 1275, 2),
(31, 1276, 70),
(40, 1277, 48),
(19, 1278, 28),
(24, 1279, 57),
(37, 1280, 22),
(20, 1281, 14),
(19, 1282, 71),
(28, 1283, 85),
(61, 1284, 48),
(47, 1285, 63),
(9, 1286, 12),
(14, 1287, 76),
(55, 1288, 78),
(64, 1289, 63),
(2, 1290, 26),
(18, 1291, 28),
(10, 1292, 52),
(46, 1293, 5),
(24, 1294, 59),
(66, 1295, 7),
(4, 1296, 68),
(10, 1297, 52),
(53, 1298, 30),
(37, 1299, 48),
(74, 1300, 33),
(71, 1301, 94),
(51, 1302, 33),
(73, 1303, 68),
(57, 1304, 94),
(14, 1305, 91),
(75, 1306, 87),
(37, 1307, 55),
(74, 1308, 18),
(18, 1309, 83),
(67, 1310, 19),
(49, 1311, 96),
(59, 1312, 60),
(49, 1313, 65),
(49, 1314, 36),
(35, 1315, 92),
(13, 1316, 6),
(56, 1317, 9),
(44, 1318, 79),
(67, 1319, 39),
(44, 1320, 81),
(20, 1321, 59),
(67, 1322, 52),
(24, 1323, 33),
(30, 1324, 67),
(30, 1325, 67),
(42, 1326, 48),
(48, 1327, 72),
(17, 1328, 79),
(36, 1329, 10),
(44, 1330, 61),
(4, 1331, 65),
(16, 1332, 56),
(52, 1333, 71),
(64, 1334, 74),
(60, 1335, 22),
(55, 1336, 78),
(32, 1337, 46),
(27, 1338, 55),
(40, 1339, 71),
(46, 1340, 73),
(18, 1341, 70),
(47, 1342, 81),
(27, 1343, 4),
(24, 1344, 31),
(71, 1345, 29),
(51, 1346, 90),
(16, 1347, 32),
(10, 1348, 75),
(67, 1349, 68),
(6, 1350, 90),
(41, 1351, 59),
(61, 1352, 29),
(66, 1353, 37),
(49, 1354, 48),
(28, 1355, 86),
(64, 1356, 92),
(22, 1357, 75),
(1, 1358, 29),
(30, 1359, 18),
(57, 1360, 4),
(46, 1361, 55),
(30, 1362, 54),
(16, 1363, 95),
(12, 1364, 58),
(37, 1365, 3),
(29, 1366, 90),
(14, 1367, 1),
(29, 1368, 75),
(37, 1369, 93),
(53, 1370, 48),
(22, 1371, 24),
(71, 1372, 41),
(16, 1373, 59),
(73, 1374, 2),
(3, 1375, 39),
(38, 1376, 55),
(39, 1377, 52),
(30, 1378, 59),
(13, 1379, 4),
(12, 1380, 42),
(61, 1381, 38),
(54, 1382, 16),
(67, 1383, 1),
(74, 1384, 95),
(49, 1385, 21),
(49, 1386, 39),
(38, 1387, 56),
(36, 1388, 89),
(64, 1389, 77),
(66, 1390, 82),
(38, 1391, 80),
(64, 1392, 9),
(47, 1393, 95),
(73, 1394, 75),
(6, 1395, 54),
(3, 1396, 65),
(46, 1397, 72),
(54, 1398, 20),
(9, 1399, 81),
(32, 1400, 45),
(23, 1401, 26),
(73, 1402, 61),
(9, 1403, 18),
(40, 1404, 50),
(59, 1405, 94),
(34, 1406, 50),
(53, 1407, 91),
(33, 1408, 78),
(17, 1409, 22),
(8, 1410, 23),
(69, 1411, 9),
(24, 1412, 3),
(52, 1413, 63),
(29, 1414, 15),
(45, 1415, 12),
(38, 1416, 79),
(47, 1417, 49),
(11, 1418, 91),
(24, 1419, 30),
(15, 1420, 67),
(66, 1421, 57),
(20, 1422, 66),
(59, 1423, 40),
(36, 1424, 63),
(35, 1425, 12),
(20, 1426, 23),
(65, 1427, 68),
(13, 1428, 49),
(68, 1429, 62),
(2, 1430, 10),
(17, 1431, 23),
(12, 1432, 92),
(60, 1433, 23),
(11, 1434, 57),
(57, 1435, 51),
(22, 1436, 73),
(38, 1437, 43),
(48, 1438, 7),
(20, 1439, 79),
(71, 1440, 22),
(9, 1441, 36),
(75, 1442, 71),
(22, 1443, 58),
(71, 1444, 96),
(36, 1445, 40),
(41, 1446, 75),
(60, 1447, 56),
(75, 1448, 49),
(65, 1449, 31),
(46, 1450, 81),
(18, 1451, 39),
(44, 1452, 24),
(34, 1453, 70),
(48, 1454, 34),
(57, 1455, 66),
(39, 1456, 94),
(34, 1457, 37),
(42, 1458, 78),
(21, 1459, 53),
(33, 1460, 60),
(13, 1461, 80),
(74, 1462, 70),
(73, 1463, 5),
(33, 1464, 64),
(47, 1465, 25),
(14, 1466, 69),
(26, 1467, 71),
(8, 1468, 88),
(75, 1469, 86),
(58, 1470, 62),
(8, 1471, 3),
(32, 1472, 80),
(34, 1473, 72),
(17, 1474, 52),
(11, 1475, 80),
(49, 1476, 58),
(50, 1477, 86),
(26, 1478, 8),
(25, 1479, 31),
(68, 1480, 55),
(45, 1481, 40),
(19, 1482, 49),
(53, 1483, 35),
(4, 1484, 14),
(22, 1485, 12),
(6, 1486, 56),
(26, 1487, 46),
(1, 1488, 46),
(44, 1489, 40),
(37, 1490, 64),
(24, 1491, 36),
(11, 1492, 67),
(70, 1493, 54),
(55, 1494, 7),
(5, 1495, 33),
(48, 1496, 31),
(37, 1497, 86),
(1, 1498, 49),
(37, 1499, 7),
(49, 1500, 31),
(39, 1501, 17),
(70, 1502, 30),
(33, 1503, 3),
(50, 1504, 5),
(22, 1505, 97),
(73, 1506, 44),
(41, 1507, 82),
(34, 1508, 61),
(36, 1509, 29),
(41, 1510, 57),
(2, 1511, 68),
(56, 1512, 23),
(66, 1513, 67),
(57, 1514, 29),
(17, 1515, 87),
(60, 1516, 58),
(36, 1517, 79),
(26, 1518, 77),
(65, 1519, 84),
(47, 1520, 21),
(30, 1521, 77),
(21, 1522, 9),
(26, 1523, 11),
(16, 1524, 46),
(46, 1525, 29),
(12, 1526, 35),
(61, 1527, 37),
(62, 1528, 45),
(37, 1529, 94),
(27, 1530, 74),
(38, 1531, 97),
(14, 1532, 41),
(33, 1533, 21),
(7, 1534, 98),
(34, 1535, 62),
(36, 1536, 91),
(64, 1537, 61),
(40, 1538, 57),
(75, 1539, 54),
(11, 1540, 18),
(56, 1541, 28),
(18, 1542, 45),
(62, 1543, 55),
(9, 1544, 54),
(23, 1545, 11),
(62, 1546, 81),
(18, 1547, 75),
(19, 1548, 48),
(28, 1549, 31),
(68, 1550, 86),
(74, 1551, 64),
(45, 1552, 23),
(71, 1553, 37),
(2, 1554, 36),
(73, 1555, 10),
(32, 1556, 4),
(73, 1557, 12),
(16, 1558, 59),
(11, 1559, 37),
(40, 1560, 70),
(42, 1561, 87),
(63, 1562, 42),
(17, 1563, 41),
(32, 1564, 65),
(13, 1565, 92),
(56, 1566, 11),
(74, 1567, 89),
(36, 1568, 42),
(36, 1569, 86),
(44, 1570, 74),
(5, 1571, 95),
(40, 1572, 79),
(54, 1573, 23),
(9, 1574, 23),
(47, 1575, 77),
(59, 1576, 27),
(64, 1577, 17),
(69, 1578, 7),
(5, 1579, 81),
(36, 1580, 58),
(34, 1581, 90),
(35, 1582, 6),
(28, 1583, 46),
(73, 1584, 10),
(4, 1585, 68),
(69, 1586, 94),
(36, 1587, 38),
(16, 1588, 97),
(18, 1589, 59),
(19, 1590, 63),
(52, 1591, 74),
(36, 1592, 49),
(1, 1593, 85),
(25, 1594, 61),
(47, 1595, 50),
(5, 1596, 38),
(19, 1597, 86),
(40, 1598, 72),
(72, 1599, 66),
(14, 1600, 47),
(7, 1601, 45),
(25, 1602, 86),
(73, 1603, 58),
(40, 1604, 10),
(75, 1605, 95),
(55, 1606, 28),
(22, 1607, 35),
(13, 1608, 64),
(12, 1609, 68),
(35, 1610, 45),
(51, 1611, 31),
(9, 1612, 2),
(19, 1613, 48),
(25, 1614, 9),
(49, 1615, 92),
(45, 1616, 20),
(51, 1617, 82),
(37, 1618, 67),
(70, 1619, 22),
(44, 1620, 55),
(64, 1621, 37),
(53, 1622, 20),
(16, 1623, 97),
(12, 1624, 22),
(51, 1625, 28),
(75, 1626, 39),
(61, 1627, 5),
(63, 1628, 50),
(55, 1629, 56),
(54, 1630, 26),
(73, 1631, 37),
(40, 1632, 50),
(52, 1633, 71),
(53, 1634, 30),
(29, 1635, 92),
(8, 1636, 64),
(47, 1637, 56),
(68, 1638, 46),
(40, 1639, 66),
(64, 1640, 30),
(3, 1641, 89),
(41, 1642, 86),
(28, 1643, 53),
(61, 1644, 60),
(50, 1645, 81),
(74, 1646, 84),
(26, 1647, 8),
(11, 1648, 11),
(31, 1649, 79),
(46, 1650, 27),
(22, 1651, 25),
(17, 1652, 45),
(44, 1653, 86),
(35, 1654, 25),
(47, 1655, 47),
(17, 1656, 42),
(26, 1657, 89),
(7, 1658, 17),
(22, 1659, 12),
(34, 1660, 57),
(24, 1661, 49),
(50, 1662, 69),
(30, 1663, 26),
(40, 1664, 11),
(48, 1665, 8),
(66, 1666, 59),
(16, 1667, 80),
(12, 1668, 26),
(9, 1669, 26),
(19, 1670, 39),
(27, 1671, 97),
(68, 1672, 70),
(32, 1673, 30),
(40, 1674, 60),
(23, 1675, 31),
(8, 1676, 72),
(5, 1677, 53),
(24, 1678, 69),
(17, 1679, 66),
(69, 1680, 47),
(54, 1681, 30),
(64, 1682, 33),
(3, 1683, 18),
(61, 1684, 43),
(8, 1685, 26),
(30, 1686, 87),
(52, 1687, 33),
(29, 1688, 19),
(13, 1689, 51),
(35, 1690, 28),
(29, 1691, 45),
(65, 1692, 98),
(15, 1693, 35),
(38, 1694, 76),
(62, 1695, 10),
(15, 1696, 88),
(11, 1697, 4),
(68, 1698, 60),
(31, 1699, 68),
(40, 1700, 4),
(39, 1701, 30),
(40, 1702, 79),
(25, 1703, 20),
(15, 1704, 33),
(35, 1705, 25),
(36, 1706, 14),
(70, 1707, 41),
(38, 1708, 80),
(32, 1709, 87),
(19, 1710, 35),
(30, 1711, 4),
(18, 1712, 89),
(30, 1713, 91),
(48, 1714, 11),
(75, 1715, 1),
(22, 1716, 25),
(2, 1717, 43),
(14, 1718, 32),
(46, 1719, 56),
(26, 1720, 56),
(66, 1721, 17),
(16, 1722, 79),
(4, 1723, 35),
(55, 1724, 26),
(14, 1725, 73),
(53, 1726, 38),
(44, 1727, 42),
(39, 1728, 78),
(42, 1729, 92),
(43, 1730, 15),
(56, 1731, 2),
(10, 1732, 79),
(17, 1733, 37),
(46, 1734, 17),
(24, 1735, 20),
(65, 1736, 75),
(34, 1737, 63),
(35, 1738, 82),
(53, 1739, 52),
(14, 1740, 54),
(21, 1741, 28),
(47, 1742, 47),
(14, 1743, 33),
(30, 1744, 29),
(38, 1745, 73),
(37, 1746, 37),
(9, 1747, 5),
(75, 1748, 6),
(39, 1749, 59),
(53, 1750, 76),
(19, 1751, 13),
(69, 1752, 64),
(55, 1753, 50),
(10, 1754, 2),
(35, 1755, 48),
(21, 1756, 74),
(40, 1757, 18),
(22, 1758, 59),
(8, 1759, 79),
(44, 1760, 10),
(74, 1761, 60),
(72, 1762, 68),
(44, 1763, 3),
(26, 1764, 72),
(75, 1765, 85),
(1, 1766, 54),
(46, 1767, 72),
(6, 1768, 43),
(55, 1769, 13),
(10, 1770, 43),
(11, 1771, 70),
(43, 1772, 82),
(26, 1773, 61),
(41, 1774, 62),
(28, 1775, 61),
(61, 1776, 3),
(17, 1777, 53),
(9, 1778, 15),
(73, 1779, 19),
(20, 1780, 76),
(7, 1781, 7),
(18, 1782, 50),
(9, 1783, 1),
(70, 1784, 86),
(27, 1785, 13),
(4, 1786, 98),
(16, 1787, 47),
(39, 1788, 58),
(33, 1789, 61),
(2, 1790, 16),
(61, 1791, 46),
(69, 1792, 8),
(59, 1793, 68),
(45, 1794, 15),
(70, 1795, 73),
(13, 1796, 66),
(32, 1797, 47),
(21, 1798, 38),
(55, 1799, 69),
(36, 1800, 4),
(51, 1801, 12),
(47, 1802, 72),
(22, 1803, 30),
(41, 1804, 55),
(48, 1805, 58),
(55, 1806, 14),
(11, 1807, 78),
(59, 1808, 86),
(47, 1809, 94),
(33, 1810, 26),
(51, 1811, 2),
(53, 1812, 66),
(2, 1813, 86),
(13, 1814, 49),
(70, 1815, 53),
(12, 1816, 50),
(31, 1817, 54),
(52, 1818, 68),
(31, 1819, 75),
(47, 1820, 73),
(75, 1821, 55),
(58, 1822, 87),
(35, 1823, 12),
(24, 1824, 53),
(33, 1825, 74),
(17, 1826, 53),
(62, 1827, 69),
(1, 1828, 36),
(34, 1829, 8),
(39, 1830, 28),
(44, 1831, 80),
(18, 1832, 68),
(58, 1833, 13),
(67, 1834, 3),
(39, 1835, 35),
(64, 1836, 46),
(49, 1837, 49),
(45, 1838, 69),
(59, 1839, 53),
(30, 1840, 69),
(70, 1841, 36),
(6, 1842, 44),
(61, 1843, 34),
(72, 1844, 78),
(25, 1845, 41),
(59, 1846, 62),
(30, 1847, 10),
(49, 1848, 84),
(32, 1849, 24),
(64, 1850, 7),
(68, 1851, 23),
(32, 1852, 49),
(16, 1853, 60),
(62, 1854, 68),
(53, 1855, 84),
(37, 1856, 40),
(15, 1857, 37),
(18, 1858, 91),
(55, 1859, 14),
(13, 1860, 12),
(3, 1861, 32),
(66, 1862, 18),
(34, 1863, 24),
(10, 1864, 2),
(37, 1865, 69),
(17, 1866, 27),
(71, 1867, 85),
(73, 1868, 64),
(36, 1869, 22),
(15, 1870, 61),
(75, 1871, 72),
(40, 1872, 32),
(22, 1873, 42),
(23, 1874, 42),
(10, 1875, 34),
(39, 1876, 28),
(15, 1877, 47),
(20, 1878, 27),
(49, 1879, 77),
(20, 1880, 49),
(67, 1881, 20),
(2, 1882, 53),
(12, 1883, 64),
(53, 1884, 96),
(33, 1885, 73),
(53, 1886, 26),
(14, 1887, 85),
(24, 1888, 14),
(72, 1889, 76),
(66, 1890, 65),
(63, 1891, 60),
(12, 1892, 15),
(41, 1893, 36),
(19, 1894, 18),
(12, 1895, 13),
(43, 1896, 83),
(26, 1897, 68),
(72, 1898, 23),
(15, 1899, 5),
(68, 1900, 9),
(6, 1901, 79),
(24, 1902, 25),
(58, 1903, 41),
(2, 1904, 58),
(69, 1905, 71),
(23, 1906, 65),
(33, 1907, 85),
(1, 1908, 79),
(72, 1909, 30),
(32, 1910, 41),
(14, 1911, 59),
(17, 1912, 71),
(15, 1913, 7),
(12, 1914, 37),
(73, 1915, 18),
(56, 1916, 83),
(1, 1917, 13),
(30, 1918, 65),
(62, 1919, 39),
(23, 1920, 11),
(38, 1921, 93),
(43, 1922, 42),
(13, 1923, 98),
(72, 1924, 86),
(16, 1925, 21),
(33, 1926, 91),
(49, 1927, 44),
(31, 1928, 59),
(45, 1929, 35),
(39, 1930, 69),
(10, 1931, 10),
(70, 1932, 52),
(45, 1933, 13),
(19, 1934, 58),
(57, 1935, 78),
(50, 1936, 16),
(62, 1937, 95),
(24, 1938, 71),
(9, 1939, 83),
(58, 1940, 89),
(44, 1941, 25),
(51, 1942, 41),
(33, 1943, 62),
(19, 1944, 97),
(70, 1945, 67),
(31, 1946, 42),
(75, 1947, 84),
(24, 1948, 25),
(35, 1949, 58),
(56, 1950, 97),
(19, 1951, 93),
(60, 1952, 82),
(4, 1953, 39),
(23, 1954, 93),
(42, 1955, 87),
(34, 1956, 40),
(1, 1957, 83),
(46, 1958, 26),
(12, 1959, 66),
(57, 1960, 16),
(23, 1961, 81),
(37, 1962, 42),
(12, 1963, 39),
(28, 1964, 64),
(64, 1965, 2),
(53, 1966, 8),
(49, 1967, 7),
(55, 1968, 54),
(72, 1969, 57),
(47, 1970, 56),
(69, 1971, 91),
(13, 1972, 53),
(9, 1973, 49),
(14, 1974, 29),
(12, 1975, 71),
(72, 1976, 29),
(18, 1977, 53),
(32, 1978, 82),
(43, 1979, 61),
(16, 1980, 86),
(54, 1981, 51),
(55, 1982, 38),
(74, 1983, 84),
(4, 1984, 34),
(70, 1985, 41),
(68, 1986, 33),
(56, 1987, 65),
(62, 1988, 32),
(64, 1989, 1),
(29, 1990, 46),
(37, 1991, 49),
(45, 1992, 38),
(52, 1993, 4),
(56, 1994, 35),
(67, 1995, 40),
(55, 1996, 79),
(6, 1997, 23),
(43, 1998, 10),
(58, 1999, 88),
(61, 2000, 43),
(41, 2001, 51),
(2, 2002, 89),
(34, 2003, 94),
(8, 2004, 39),
(45, 2005, 62),
(28, 2006, 46),
(27, 2007, 61),
(53, 2008, 68),
(32, 2009, 92),
(39, 2010, 27),
(74, 2011, 24),
(4, 2012, 1),
(65, 2013, 36),
(25, 2014, 28),
(27, 2015, 58),
(33, 2016, 47),
(54, 2017, 34),
(45, 2018, 71),
(71, 2019, 17),
(56, 2020, 30),
(40, 2021, 80),
(64, 2022, 34),
(44, 2023, 26),
(48, 2024, 4),
(26, 2025, 41),
(62, 2026, 9),
(16, 2027, 72),
(39, 2028, 45),
(70, 2029, 39),
(5, 2030, 81),
(44, 2031, 45),
(46, 2032, 88),
(30, 2033, 63),
(14, 2034, 58),
(44, 2035, 87),
(10, 2036, 11),
(45, 2037, 1),
(34, 2038, 23),
(72, 2039, 26),
(29, 2040, 4),
(22, 2041, 62),
(65, 2042, 75),
(28, 2043, 74),
(37, 2044, 77),
(34, 2045, 79),
(19, 2046, 66),
(46, 2047, 4),
(2, 2048, 31),
(57, 2049, 10),
(56, 2050, 5),
(52, 2051, 86),
(68, 2052, 91),
(15, 2053, 82),
(44, 2054, 58),
(70, 2055, 38),
(35, 2056, 75),
(32, 2057, 7),
(75, 2058, 71),
(49, 2059, 64),
(15, 2060, 93),
(46, 2061, 84),
(69, 2062, 52),
(5, 2063, 20),
(71, 2064, 10),
(7, 2065, 33),
(44, 2066, 67),
(13, 2067, 16),
(8, 2068, 14),
(70, 2069, 9),
(29, 2070, 43),
(54, 2071, 35),
(32, 2072, 29),
(59, 2073, 50),
(55, 2074, 67),
(62, 2075, 71),
(48, 2076, 25),
(59, 2077, 14),
(66, 2078, 72),
(3, 2079, 57),
(46, 2080, 69),
(28, 2081, 70),
(41, 2082, 52),
(36, 2083, 37),
(18, 2084, 92),
(69, 2085, 24),
(61, 2086, 95),
(49, 2087, 52),
(12, 2088, 63),
(42, 2089, 75),
(3, 2090, 91),
(46, 2091, 34),
(41, 2092, 47),
(34, 2093, 67),
(38, 2094, 29),
(65, 2095, 50),
(61, 2096, 86),
(72, 2097, 93),
(69, 2098, 83),
(19, 2099, 70),
(59, 2100, 1),
(2, 2101, 61),
(10, 2102, 19),
(43, 2103, 49),
(6, 2104, 11),
(18, 2105, 92),
(15, 2106, 76),
(53, 2107, 78),
(30, 2108, 69),
(72, 2109, 95),
(36, 2110, 66),
(73, 2111, 30),
(73, 2112, 67),
(32, 2113, 15),
(67, 2114, 7),
(9, 2115, 35),
(50, 2116, 25),
(63, 2117, 83),
(55, 2118, 16),
(67, 2119, 72),
(8, 2120, 65),
(34, 2121, 81),
(39, 2122, 76),
(41, 2123, 59),
(15, 2124, 1),
(44, 2125, 17),
(24, 2126, 89),
(73, 2127, 69),
(43, 2128, 44),
(29, 2129, 89),
(31, 2130, 86),
(41, 2131, 82),
(32, 2132, 47),
(49, 2133, 64),
(23, 2134, 13),
(69, 2135, 59),
(54, 2136, 90),
(63, 2137, 70),
(46, 2138, 78),
(15, 2139, 10),
(19, 2140, 36),
(22, 2141, 93),
(15, 2142, 13),
(63, 2143, 42),
(71, 2144, 93),
(4, 2145, 39),
(22, 2146, 3),
(55, 2147, 30),
(28, 2148, 7),
(46, 2149, 84),
(36, 2150, 24),
(61, 2151, 51),
(40, 2152, 60),
(53, 2153, 72),
(33, 2154, 11),
(19, 2155, 36),
(45, 2156, 38),
(45, 2157, 54),
(62, 2158, 73),
(1, 2159, 90),
(20, 2160, 37),
(25, 2161, 68),
(9, 2162, 44),
(30, 2163, 16),
(51, 2164, 67),
(28, 2165, 6),
(61, 2166, 94),
(46, 2167, 78),
(60, 2168, 23),
(58, 2169, 40),
(73, 2170, 16),
(57, 2171, 77),
(35, 2172, 81),
(54, 2173, 30),
(35, 2174, 49),
(33, 2175, 19),
(73, 2176, 6),
(22, 2177, 31),
(35, 2178, 76),
(67, 2179, 57),
(45, 2180, 39),
(65, 2181, 70),
(27, 2182, 44),
(34, 2183, 54),
(59, 2184, 3),
(33, 2185, 95),
(11, 2186, 22),
(4, 2187, 62),
(28, 2188, 22),
(25, 2189, 15),
(69, 2190, 40),
(48, 2191, 8),
(29, 2192, 58),
(6, 2193, 93),
(5, 2194, 97),
(55, 2195, 72),
(47, 2196, 77),
(73, 2197, 10),
(17, 2198, 53),
(66, 2199, 86),
(9, 2200, 4),
(28, 2201, 4),
(5, 2202, 33),
(54, 2203, 36),
(48, 2204, 56),
(36, 2205, 36),
(33, 2206, 32),
(68, 2207, 90),
(53, 2208, 1),
(66, 2209, 46),
(53, 2210, 91),
(15, 2211, 71),
(69, 2212, 64),
(66, 2213, 9),
(16, 2214, 18),
(62, 2215, 13),
(33, 2216, 54),
(14, 2217, 44),
(50, 2218, 30),
(37, 2219, 18),
(58, 2220, 95),
(15, 2221, 17),
(29, 2222, 84),
(57, 2223, 51),
(70, 2224, 30),
(72, 2225, 42),
(22, 2226, 5),
(54, 2227, 15),
(42, 2228, 92),
(29, 2229, 31),
(46, 2230, 63),
(27, 2231, 6),
(35, 2232, 63),
(65, 2233, 16),
(27, 2234, 84),
(42, 2235, 24),
(69, 2236, 88),
(34, 2237, 96),
(28, 2238, 86),
(66, 2239, 72),
(64, 2240, 31),
(63, 2241, 31),
(17, 2242, 1),
(8, 2243, 79),
(48, 2244, 97),
(55, 2245, 54),
(14, 2246, 43),
(53, 2247, 94),
(65, 2248, 72),
(5, 2249, 79),
(52, 2250, 60),
(6, 2251, 6),
(27, 2252, 77),
(15, 2253, 33),
(8, 2254, 22),
(14, 2255, 34),
(69, 2256, 15),
(63, 2257, 6),
(73, 2258, 45),
(71, 2259, 3),
(57, 2260, 53),
(66, 2261, 13),
(45, 2262, 70),
(27, 2263, 35),
(40, 2264, 91),
(48, 2265, 72),
(66, 2266, 95),
(72, 2267, 1),
(27, 2268, 34),
(60, 2269, 73),
(74, 2270, 41),
(29, 2271, 3),
(57, 2272, 81),
(43, 2273, 75),
(54, 2274, 86),
(12, 2275, 33),
(26, 2276, 2),
(33, 2277, 18),
(14, 2278, 18),
(75, 2279, 14),
(13, 2280, 34),
(35, 2281, 69),
(34, 2282, 89),
(48, 2283, 73),
(37, 2284, 34),
(39, 2285, 80),
(13, 2286, 23),
(59, 2287, 78),
(50, 2288, 18),
(70, 2289, 52),
(21, 2290, 3),
(63, 2291, 38),
(44, 2292, 41),
(16, 2293, 89),
(8, 2294, 89),
(15, 2295, 31),
(42, 2296, 70),
(22, 2297, 4),
(53, 2298, 19),
(64, 2299, 24),
(14, 2300, 43),
(75, 2301, 92),
(45, 2302, 10),
(18, 2303, 18),
(17, 2304, 35),
(61, 2305, 50),
(24, 2306, 20),
(8, 2307, 98),
(11, 2308, 66),
(28, 2309, 98),
(33, 2310, 31),
(49, 2311, 43),
(20, 2312, 92),
(61, 2313, 98),
(61, 2314, 6),
(41, 2315, 20),
(68, 2316, 78),
(68, 2317, 64),
(8, 2318, 41),
(62, 2319, 79),
(21, 2320, 28),
(32, 2321, 7),
(60, 2322, 31),
(14, 2323, 9),
(17, 2324, 51),
(7, 2325, 22),
(51, 2326, 15),
(29, 2327, 89),
(25, 2328, 78),
(62, 2329, 73),
(73, 2330, 53),
(67, 2331, 25),
(40, 2332, 64),
(59, 2333, 42),
(35, 2334, 19),
(3, 2335, 92),
(36, 2336, 12),
(57, 2337, 11),
(58, 2338, 79),
(15, 2339, 19),
(61, 2340, 6),
(11, 2341, 45),
(29, 2342, 35),
(48, 2343, 71),
(17, 2344, 75),
(13, 2345, 20),
(10, 2346, 61),
(47, 2347, 37),
(14, 2348, 48),
(36, 2349, 64),
(42, 2350, 50),
(47, 2351, 98),
(28, 2352, 37),
(31, 2353, 5),
(12, 2354, 64),
(58, 2355, 82),
(10, 2356, 19),
(42, 2357, 11),
(58, 2358, 46),
(35, 2359, 67),
(53, 2360, 29),
(9, 2361, 59),
(73, 2362, 94),
(2, 2363, 60),
(13, 2364, 53),
(41, 2365, 17),
(73, 2366, 98),
(36, 2367, 76),
(2, 2368, 35),
(19, 2369, 71),
(62, 2370, 65),
(3, 2371, 6),
(18, 2372, 96),
(13, 2373, 19),
(70, 2374, 33),
(4, 2375, 25),
(50, 2376, 29),
(63, 2377, 32),
(21, 2378, 25),
(45, 2379, 55),
(42, 2380, 9),
(47, 2381, 73),
(66, 2382, 64),
(72, 2383, 64),
(36, 2384, 11),
(21, 2385, 63),
(59, 2386, 15),
(71, 2387, 81),
(13, 2388, 10),
(16, 2389, 91),
(51, 2390, 66),
(38, 2391, 19),
(50, 2392, 67),
(54, 2393, 83),
(35, 2394, 63),
(38, 2395, 27),
(63, 2396, 53),
(23, 2397, 96),
(13, 2398, 82),
(59, 2399, 17),
(8, 2400, 87),
(48, 2401, 46),
(23, 2402, 86),
(53, 2403, 85),
(36, 2404, 75),
(45, 2405, 31),
(18, 2406, 2),
(30, 2407, 4),
(57, 2408, 36),
(17, 2409, 66),
(41, 2410, 59),
(43, 2411, 13),
(28, 2412, 59),
(55, 2413, 95),
(16, 2414, 96),
(11, 2415, 94),
(39, 2416, 30),
(57, 2417, 98),
(34, 2418, 49),
(31, 2419, 64),
(50, 2420, 97),
(42, 2421, 12),
(42, 2422, 47),
(52, 2423, 39),
(39, 2424, 83),
(51, 2425, 32),
(4, 2426, 60),
(44, 2427, 40),
(17, 2428, 57),
(3, 2429, 48),
(3, 2430, 77),
(45, 2431, 11),
(13, 2432, 77),
(2, 2433, 45),
(72, 2434, 37),
(4, 2435, 16),
(71, 2436, 92),
(29, 2437, 28),
(31, 2438, 67),
(12, 2439, 49),
(51, 2440, 72),
(33, 2441, 4),
(53, 2442, 25),
(4, 2443, 2),
(42, 2444, 63),
(43, 2445, 3),
(9, 2446, 49),
(50, 2447, 23),
(32, 2448, 92),
(27, 2449, 35),
(3, 2450, 37),
(19, 2451, 93),
(15, 2452, 98),
(46, 2453, 53),
(9, 2454, 93),
(11, 2455, 6),
(70, 2456, 65),
(1, 2457, 48),
(47, 2458, 44),
(61, 2459, 43),
(16, 2460, 86),
(27, 2461, 16),
(28, 2462, 65),
(35, 2463, 51),
(31, 2464, 71),
(51, 2465, 79),
(27, 2466, 80),
(10, 2467, 35),
(73, 2468, 4),
(73, 2469, 16),
(27, 2470, 90),
(43, 2471, 11),
(12, 2472, 59),
(6, 2473, 44),
(64, 2474, 12),
(51, 2475, 35),
(65, 2476, 42),
(2, 2477, 42),
(61, 2478, 95),
(17, 2479, 31),
(4, 2480, 85),
(24, 2481, 63),
(67, 2482, 96),
(34, 2483, 83),
(48, 2484, 86),
(39, 2485, 13),
(52, 2486, 86),
(56, 2487, 25),
(8, 2488, 55),
(16, 2489, 26),
(8, 2490, 76),
(48, 2491, 96),
(66, 2492, 42),
(64, 2493, 55),
(8, 2494, 36),
(1, 2495, 70),
(67, 2496, 46),
(1, 2497, 71),
(42, 2498, 50),
(40, 2499, 36),
(74, 2500, 6),
(56, 2501, 6),
(64, 2502, 88),
(55, 2503, 90),
(27, 2504, 1),
(24, 2505, 36),
(10, 2506, 3),
(75, 2507, 13),
(28, 2508, 3),
(51, 2509, 33),
(45, 2510, 41),
(72, 2511, 5),
(6, 2512, 88),
(31, 2513, 2),
(54, 2514, 82),
(23, 2515, 22),
(53, 2516, 76),
(16, 2517, 98),
(39, 2518, 7),
(12, 2519, 73),
(41, 2520, 86),
(27, 2521, 47),
(53, 2522, 66),
(41, 2523, 71),
(40, 2524, 88),
(54, 2525, 89),
(51, 2526, 66),
(59, 2527, 58),
(34, 2528, 31),
(73, 2529, 72),
(51, 2530, 26),
(31, 2531, 26),
(73, 2532, 60),
(24, 2533, 83),
(20, 2534, 80),
(66, 2535, 5),
(37, 2536, 46),
(69, 2537, 71),
(51, 2538, 71),
(7, 2539, 52),
(70, 2540, 78),
(21, 2541, 51),
(36, 2542, 6),
(54, 2543, 96),
(39, 2544, 39),
(49, 2545, 71),
(6, 2546, 20),
(41, 2547, 74),
(45, 2548, 74),
(25, 2549, 19),
(19, 2550, 76),
(54, 2551, 27),
(70, 2552, 84),
(48, 2553, 87),
(49, 2554, 55),
(40, 2555, 43),
(44, 2556, 5),
(61, 2557, 69),
(35, 2558, 85),
(61, 2559, 50),
(6, 2560, 96),
(29, 2561, 78),
(28, 2562, 94),
(11, 2563, 61),
(29, 2564, 53),
(43, 2565, 37),
(13, 2566, 78),
(34, 2567, 41),
(62, 2568, 18),
(27, 2569, 71),
(21, 2570, 55),
(42, 2571, 2),
(50, 2572, 24),
(7, 2573, 64),
(31, 2574, 35),
(44, 2575, 65),
(39, 2576, 50),
(45, 2577, 83),
(42, 2578, 7),
(11, 2579, 68),
(15, 2580, 91),
(40, 2581, 35),
(29, 2582, 82),
(67, 2583, 4),
(49, 2584, 49),
(34, 2585, 3),
(32, 2586, 64),
(45, 2587, 84),
(22, 2588, 37),
(20, 2589, 72),
(27, 2590, 18),
(27, 2591, 17),
(12, 2592, 22),
(24, 2593, 48),
(24, 2594, 45),
(65, 2595, 48),
(23, 2596, 38),
(35, 2597, 5),
(73, 2598, 17),
(74, 2599, 71),
(34, 2600, 50),
(62, 2601, 98),
(63, 2602, 87),
(73, 2603, 78),
(68, 2604, 32),
(37, 2605, 7),
(26, 2606, 16),
(4, 2607, 49),
(23, 2608, 84),
(11, 2609, 26),
(42, 2610, 15),
(57, 2611, 95),
(34, 2612, 64),
(6, 2613, 39),
(46, 2614, 95),
(57, 2615, 68),
(48, 2616, 35),
(15, 2617, 98),
(18, 2618, 61),
(17, 2619, 69),
(23, 2620, 60),
(15, 2621, 2),
(32, 2622, 86),
(17, 2623, 48),
(74, 2624, 48),
(2, 2625, 29),
(62, 2626, 78),
(41, 2627, 66),
(72, 2628, 73),
(28, 2629, 51),
(75, 2630, 24),
(69, 2631, 92),
(48, 2632, 66),
(48, 2633, 95),
(17, 2634, 12),
(37, 2635, 44),
(63, 2636, 59),
(30, 2637, 95),
(70, 2638, 8),
(44, 2639, 28),
(27, 2640, 91),
(72, 2641, 51),
(21, 2642, 23),
(61, 2643, 90),
(8, 2644, 30),
(40, 2645, 46),
(45, 2646, 40),
(31, 2647, 75),
(9, 2648, 84),
(17, 2649, 43),
(38, 2650, 21),
(44, 2651, 51),
(29, 2652, 68),
(1, 2653, 2),
(57, 2654, 63),
(37, 2655, 4),
(40, 2656, 79),
(9, 2657, 95),
(57, 2658, 61),
(28, 2659, 15),
(40, 2660, 35),
(71, 2661, 27),
(57, 2662, 73),
(58, 2663, 24),
(62, 2664, 65),
(28, 2665, 66),
(15, 2666, 95),
(38, 2667, 64),
(73, 2668, 96),
(35, 2669, 63),
(29, 2670, 34),
(65, 2671, 85),
(32, 2672, 43),
(23, 2673, 23),
(3, 2674, 30),
(69, 2675, 94),
(68, 2676, 16),
(54, 2677, 18),
(7, 2678, 11),
(65, 2679, 76),
(26, 2680, 17),
(9, 2681, 13),
(74, 2682, 32),
(48, 2683, 42),
(48, 2684, 67),
(12, 2685, 61),
(64, 2686, 8),
(2, 2687, 33),
(69, 2688, 21),
(33, 2689, 89),
(64, 2690, 13),
(30, 2691, 20),
(35, 2692, 51),
(15, 2693, 59),
(70, 2694, 13),
(41, 2695, 44),
(55, 2696, 32),
(4, 2697, 61),
(13, 2698, 23),
(54, 2699, 18),
(22, 2700, 9),
(26, 2701, 46),
(43, 2702, 55),
(36, 2703, 33),
(26, 2704, 6),
(3, 2705, 52),
(72, 2706, 43),
(60, 2707, 44),
(71, 2708, 94),
(16, 2709, 46),
(51, 2710, 20),
(32, 2711, 91),
(13, 2712, 68),
(53, 2713, 54),
(23, 2714, 16),
(72, 2715, 93),
(17, 2716, 69),
(67, 2717, 32),
(75, 2718, 40),
(28, 2719, 30),
(2, 2720, 21),
(63, 2721, 16),
(10, 2722, 35),
(73, 2723, 74),
(7, 2724, 60),
(9, 2725, 33),
(12, 2726, 20),
(33, 2727, 41),
(51, 2728, 79),
(42, 2729, 72),
(59, 2730, 18),
(44, 2731, 22),
(1, 2732, 35),
(18, 2733, 82),
(45, 2734, 71),
(28, 2735, 62),
(57, 2736, 98),
(64, 2737, 39),
(70, 2738, 50),
(45, 2739, 98),
(7, 2740, 93),
(64, 2741, 61),
(53, 2742, 31),
(68, 2743, 56),
(52, 2744, 77),
(2, 2745, 85),
(64, 2746, 35),
(71, 2747, 69),
(49, 2748, 23),
(22, 2749, 12),
(49, 2750, 74),
(23, 2751, 4),
(18, 2752, 66),
(36, 2753, 49),
(10, 2754, 16),
(6, 2755, 93),
(37, 2756, 27),
(8, 2757, 61),
(64, 2758, 84),
(35, 2759, 81),
(24, 2760, 71),
(2, 2761, 79),
(3, 2762, 53),
(6, 2763, 75),
(20, 2764, 39),
(39, 2765, 85),
(62, 2766, 93),
(50, 2767, 27),
(12, 2768, 6),
(70, 2769, 28),
(28, 2770, 66),
(27, 2771, 31),
(63, 2772, 30),
(34, 2773, 11),
(25, 2774, 31),
(27, 2775, 87),
(41, 2776, 15),
(22, 2777, 43),
(55, 2778, 93),
(71, 2779, 61),
(4, 2780, 49),
(46, 2781, 89),
(14, 2782, 79),
(19, 2783, 33),
(72, 2784, 2),
(22, 2785, 33),
(7, 2786, 63),
(21, 2787, 98),
(45, 2788, 48),
(25, 2789, 59),
(49, 2790, 93),
(75, 2791, 87),
(43, 2792, 31),
(7, 2793, 42),
(47, 2794, 43),
(70, 2795, 59),
(11, 2796, 63),
(49, 2797, 48),
(40, 2798, 72),
(48, 2799, 35),
(71, 2800, 70),
(57, 2801, 59),
(64, 2802, 26),
(11, 2803, 78),
(48, 2804, 90),
(50, 2805, 17),
(72, 2806, 87),
(71, 2807, 32),
(36, 2808, 53),
(19, 2809, 85),
(60, 2810, 34),
(5, 2811, 77),
(40, 2812, 58),
(11, 2813, 64),
(52, 2814, 9),
(11, 2815, 32),
(54, 2816, 23),
(36, 2817, 48),
(45, 2818, 38),
(19, 2819, 82),
(4, 2820, 72),
(30, 2821, 31),
(36, 2822, 43),
(27, 2823, 24),
(17, 2824, 15),
(15, 2825, 16),
(14, 2826, 74),
(47, 2827, 32),
(14, 2828, 58),
(7, 2829, 59),
(38, 2830, 32),
(64, 2831, 90),
(47, 2832, 73),
(72, 2833, 20),
(3, 2834, 25),
(19, 2835, 1),
(9, 2836, 2),
(5, 2837, 44),
(67, 2838, 98),
(25, 2839, 76),
(26, 2840, 4),
(5, 2841, 65),
(9, 2842, 84),
(73, 2843, 16),
(56, 2844, 97),
(58, 2845, 88),
(49, 2846, 89),
(73, 2847, 84),
(38, 2848, 90),
(54, 2849, 69),
(69, 2850, 46),
(4, 2851, 88),
(36, 2852, 68),
(38, 2853, 52),
(25, 2854, 52),
(72, 2855, 13),
(53, 2856, 36),
(9, 2857, 4),
(30, 2858, 55),
(69, 2859, 41),
(71, 2860, 89),
(60, 2861, 38),
(35, 2862, 75),
(54, 2863, 23),
(57, 2864, 98),
(69, 2865, 51),
(35, 2866, 58),
(58, 2867, 35),
(75, 2868, 22),
(74, 2869, 85),
(69, 2870, 81),
(70, 2871, 3),
(30, 2872, 91),
(13, 2873, 34),
(46, 2874, 57),
(39, 2875, 49),
(73, 2876, 22),
(56, 2877, 31),
(73, 2878, 78),
(52, 2879, 6),
(25, 2880, 95),
(32, 2881, 81),
(53, 2882, 54),
(58, 2883, 45),
(20, 2884, 66),
(54, 2885, 16),
(59, 2886, 25),
(44, 2887, 83),
(23, 2888, 75),
(13, 2889, 60),
(63, 2890, 29),
(6, 2891, 70),
(66, 2892, 79),
(3, 2893, 61),
(18, 2894, 9),
(28, 2895, 13),
(61, 2896, 47),
(2, 2897, 96),
(64, 2898, 63),
(21, 2899, 61),
(28, 2900, 97),
(42, 2901, 85),
(41, 2902, 44),
(66, 2903, 74),
(15, 2904, 39),
(46, 2905, 5),
(56, 2906, 2),
(29, 2907, 14),
(23, 2908, 68),
(18, 2909, 6),
(6, 2910, 54),
(39, 2911, 22),
(25, 2912, 98),
(12, 2913, 7),
(35, 2914, 19),
(75, 2915, 89),
(6, 2916, 9),
(74, 2917, 74),
(24, 2918, 35),
(71, 2919, 20),
(10, 2920, 43),
(9, 2921, 35),
(67, 2922, 63),
(33, 2923, 29),
(18, 2924, 53),
(2, 2925, 60),
(46, 2926, 91),
(68, 2927, 49),
(35, 2928, 71),
(54, 2929, 33),
(29, 2930, 75),
(9, 2931, 60),
(33, 2932, 28),
(23, 2933, 70),
(64, 2934, 20),
(55, 2935, 87),
(26, 2936, 8),
(25, 2937, 94),
(28, 2938, 51),
(47, 2939, 75),
(32, 2940, 60),
(7, 2941, 30),
(6, 2942, 10),
(26, 2943, 9),
(5, 2944, 4),
(61, 2945, 73),
(29, 2946, 50),
(60, 2947, 65),
(55, 2948, 62),
(74, 2949, 17),
(19, 2950, 64),
(41, 2951, 78),
(64, 2952, 89),
(8, 2953, 60),
(44, 2954, 14),
(55, 2955, 30),
(25, 2956, 81),
(54, 2957, 18),
(30, 2958, 16),
(34, 2959, 54),
(12, 2960, 49),
(47, 2961, 52),
(35, 2962, 77),
(44, 2963, 56),
(11, 2964, 25),
(36, 2965, 45),
(44, 2966, 18),
(74, 2967, 63),
(66, 2968, 21),
(41, 2969, 39),
(71, 2970, 25),
(20, 2971, 96),
(56, 2972, 56),
(32, 2973, 9),
(5, 2974, 45),
(35, 2975, 86),
(56, 2976, 94),
(23, 2977, 4),
(75, 2978, 35),
(5, 2979, 18),
(75, 2980, 96),
(28, 2981, 17),
(26, 2982, 41),
(12, 2983, 78),
(25, 2984, 51),
(63, 2985, 60),
(26, 2986, 84),
(38, 2987, 1),
(27, 2988, 30),
(16, 2989, 45),
(74, 2990, 76),
(65, 2991, 6),
(45, 2992, 71),
(22, 2993, 14),
(75, 2994, 51),
(53, 2995, 48),
(57, 2996, 37),
(12, 2997, 87),
(16, 2998, 2),
(61, 2999, 30),
(40, 3000, 49),
(24, 3001, 16),
(8, 3002, 59),
(27, 3003, 14),
(19, 3004, 67),
(56, 3005, 40),
(39, 3006, 56),
(33, 3007, 88),
(57, 3008, 89),
(15, 3009, 49),
(17, 3010, 32),
(72, 3011, 95),
(42, 3012, 14),
(63, 3013, 49),
(7, 3014, 3),
(68, 3015, 98),
(32, 3016, 42),
(62, 3017, 84),
(26, 3018, 16),
(15, 3019, 87),
(74, 3020, 11),
(72, 3021, 8),
(63, 3022, 40),
(75, 3023, 2),
(15, 3024, 34),
(44, 3025, 49),
(3, 3026, 68),
(50, 3027, 1),
(43, 3028, 21),
(20, 3029, 22),
(62, 3030, 47),
(2, 3031, 90),
(4, 3032, 6),
(47, 3033, 92),
(36, 3034, 95),
(33, 3035, 40),
(47, 3036, 96),
(5, 3037, 85),
(25, 3038, 50),
(18, 3039, 90),
(65, 3040, 76),
(7, 3041, 74),
(47, 3042, 4),
(63, 3043, 36),
(29, 3044, 18),
(23, 3045, 18),
(46, 3046, 33),
(71, 3047, 7),
(45, 3048, 27),
(21, 3049, 92),
(45, 3050, 25),
(22, 3051, 38),
(19, 3052, 42),
(70, 3053, 22),
(41, 3054, 3),
(40, 3055, 79),
(10, 3056, 75),
(72, 3057, 6),
(44, 3058, 29),
(21, 3059, 66),
(27, 3060, 75),
(55, 3061, 3),
(27, 3062, 92),
(72, 3063, 65),
(4, 3064, 59),
(68, 3065, 80),
(42, 3066, 26),
(34, 3067, 50),
(50, 3068, 28),
(41, 3069, 76),
(54, 3070, 65),
(38, 3071, 76),
(35, 3072, 7),
(49, 3073, 42),
(27, 3074, 27),
(5, 3075, 30),
(74, 3076, 3),
(73, 3077, 18),
(74, 3078, 49),
(59, 3079, 55),
(30, 3080, 25),
(56, 3081, 9),
(58, 3082, 57),
(12, 3083, 80),
(34, 3084, 68),
(74, 3085, 5),
(37, 3086, 34),
(19, 3087, 70),
(73, 3088, 77),
(50, 3089, 64),
(58, 3090, 67),
(54, 3091, 10),
(35, 3092, 16),
(15, 3093, 43),
(35, 3094, 84),
(14, 3095, 14),
(35, 3096, 49),
(35, 3097, 78),
(59, 3098, 55),
(65, 3099, 31),
(13, 3100, 20),
(37, 3101, 19),
(60, 3102, 30),
(46, 3103, 25),
(35, 3104, 45),
(66, 3105, 90),
(50, 3106, 39),
(40, 3107, 38),
(75, 3108, 96),
(61, 3109, 8),
(17, 3110, 58),
(13, 3111, 38),
(51, 3112, 57),
(12, 3113, 30),
(15, 3114, 52),
(61, 3115, 32),
(29, 3116, 20),
(50, 3117, 56),
(8, 3118, 15),
(64, 3119, 32),
(25, 3120, 71),
(58, 3121, 29),
(25, 3122, 81),
(31, 3123, 43),
(14, 3124, 54),
(70, 3125, 33),
(47, 3126, 4),
(39, 3127, 34),
(52, 3128, 63),
(50, 3129, 83),
(8, 3130, 63),
(58, 3131, 54),
(31, 3132, 42),
(75, 3133, 82),
(51, 3134, 86),
(26, 3135, 88),
(58, 3136, 13),
(52, 3137, 81),
(65, 3138, 57),
(73, 3139, 56),
(42, 3140, 1),
(33, 3141, 20),
(57, 3142, 57),
(23, 3143, 83),
(14, 3144, 53),
(21, 3145, 95),
(13, 3146, 84),
(44, 3147, 68),
(63, 3148, 20),
(44, 3149, 14),
(43, 3150, 47),
(14, 3151, 95),
(27, 3152, 15),
(51, 3153, 72),
(35, 3154, 73),
(51, 3155, 16),
(50, 3156, 21),
(14, 3157, 58),
(53, 3158, 64),
(65, 3159, 2),
(45, 3160, 60),
(35, 3161, 98),
(33, 3162, 76),
(14, 3163, 2),
(17, 3164, 45),
(25, 3165, 60),
(43, 3166, 73),
(15, 3167, 81),
(46, 3168, 42),
(71, 3169, 8),
(45, 3170, 94),
(1, 3171, 58),
(44, 3172, 67),
(49, 3173, 24),
(62, 3174, 55),
(53, 3175, 66),
(46, 3176, 83),
(61, 3177, 81),
(20, 3178, 89),
(70, 3179, 34),
(45, 3180, 33),
(67, 3181, 85),
(7, 3182, 57),
(38, 3183, 91),
(26, 3184, 4),
(32, 3185, 84),
(50, 3186, 18),
(74, 3187, 94),
(60, 3188, 49);

-- --------------------------------------------------------

--
-- Table structure for table `friendship`
--

CREATE TABLE `friendship` (
  `friendshipId` int UNSIGNED NOT NULL,
  `followerId` int NOT NULL,
  `followingId` int NOT NULL
) ENGINE=InnoDB DEFAULT CHARSET=utf8mb4 COLLATE=utf8mb4_0900_ai_ci;

--
-- Dumping data for table `friendship`
--

INSERT INTO `friendship` (`friendshipId`, `followerId`, `followingId`) VALUES
(1, 52, 72),
(2, 66, 69),
(3, 34, 11),
(4, 36, 32),
(5, 62, 14),
(6, 7, 35),
(7, 54, 4),
(8, 16, 66),
(9, 60, 90),
(10, 57, 66),
(11, 28, 31),
(12, 87, 91),
(13, 25, 76),
(14, 66, 10),
(15, 60, 19),
(16, 81, 66),
(17, 49, 91),
(18, 88, 66),
(19, 10, 51),
(20, 80, 79),
(21, 1, 97),
(22, 9, 32),
(23, 3, 26),
(24, 27, 14),
(25, 40, 86),
(26, 85, 44),
(27, 39, 75),
(28, 63, 65),
(29, 81, 33),
(30, 39, 41),
(31, 36, 18),
(32, 83, 69),
(33, 33, 61),
(34, 74, 15),
(35, 67, 96),
(36, 16, 78),
(37, 76, 69),
(38, 86, 97),
(39, 54, 90),
(40, 56, 21),
(41, 22, 73),
(42, 30, 77),
(43, 69, 96),
(44, 50, 96),
(45, 30, 72),
(46, 47, 27),
(47, 83, 37),
(48, 7, 34),
(49, 48, 39),
(50, 7, 31),
(51, 23, 75),
(52, 70, 93),
(53, 74, 47),
(54, 68, 75),
(55, 66, 60),
(56, 26, 60),
(57, 13, 46),
(58, 44, 1),
(59, 14, 77),
(60, 77, 62),
(61, 55, 2),
(62, 16, 54),
(63, 43, 39),
(64, 61, 48),
(65, 20, 59),
(66, 47, 10),
(67, 96, 1),
(68, 40, 85),
(69, 37, 24),
(70, 24, 44),
(71, 97, 44),
(72, 80, 8),
(73, 40, 46),
(74, 51, 89),
(75, 60, 18),
(76, 98, 53),
(77, 97, 20),
(78, 94, 67),
(79, 85, 9),
(80, 62, 12),
(81, 30, 28),
(82, 65, 10),
(83, 8, 28),
(84, 91, 82),
(85, 59, 93),
(86, 94, 90),
(87, 36, 59),
(88, 48, 61),
(89, 44, 55),
(90, 7, 82),
(91, 28, 36),
(92, 39, 54),
(93, 61, 38),
(94, 72, 40),
(95, 52, 71),
(96, 89, 14),
(97, 96, 20),
(98, 90, 4),
(99, 62, 66),
(100, 5, 46),
(101, 45, 23),
(102, 62, 18),
(103, 19, 58),
(104, 39, 76),
(105, 53, 40),
(106, 16, 10),
(107, 90, 45),
(108, 16, 83),
(109, 67, 52),
(110, 34, 25),
(111, 97, 83),
(112, 58, 96),
(113, 9, 73),
(114, 45, 91),
(115, 84, 41),
(116, 56, 26),
(117, 11, 37),
(118, 36, 77),
(119, 66, 70),
(120, 43, 7),
(121, 72, 69),
(122, 96, 66),
(123, 61, 6),
(124, 8, 55),
(125, 59, 56),
(126, 5, 5),
(127, 60, 69),
(128, 28, 61),
(129, 35, 42),
(130, 68, 40),
(131, 54, 44),
(132, 17, 84),
(133, 88, 27),
(134, 26, 56),
(135, 10, 86),
(136, 3, 12),
(137, 10, 49),
(138, 65, 48),
(139, 4, 26),
(140, 34, 80),
(141, 60, 59),
(142, 67, 20),
(143, 1, 91),
(144, 55, 49),
(145, 34, 3),
(146, 10, 23),
(147, 13, 14),
(148, 19, 77),
(149, 76, 59),
(150, 18, 58),
(151, 36, 72),
(152, 73, 19),
(153, 60, 52),
(154, 83, 26),
(155, 92, 32),
(156, 56, 45),
(157, 3, 66),
(158, 35, 56),
(159, 77, 14),
(160, 47, 38),
(161, 16, 52),
(162, 52, 83),
(163, 87, 87),
(164, 26, 5),
(165, 68, 68),
(166, 97, 98),
(167, 41, 1),
(168, 63, 24),
(169, 11, 49),
(170, 41, 59),
(171, 15, 4),
(172, 83, 96),
(173, 39, 55),
(174, 58, 14),
(175, 67, 83),
(176, 53, 23),
(177, 23, 85),
(178, 24, 45),
(179, 71, 95),
(180, 1, 13),
(181, 16, 89),
(182, 26, 51),
(183, 70, 81),
(185, 82, 44),
(186, 26, 75),
(187, 96, 88),
(188, 90, 82),
(189, 74, 75),
(190, 68, 69),
(191, 68, 64),
(192, 27, 3),
(193, 32, 13),
(194, 82, 54),
(195, 37, 27),
(196, 21, 59),
(197, 9, 24),
(198, 29, 21),
(199, 53, 7),
(200, 63, 34),
(201, 52, 53),
(202, 80, 32),
(203, 22, 64),
(204, 12, 45),
(205, 75, 33),
(206, 23, 91),
(207, 71, 75),
(208, 30, 53),
(209, 24, 73),
(210, 8, 10),
(211, 42, 96),
(212, 25, 22),
(213, 35, 74),
(214, 75, 50),
(215, 77, 76),
(216, 89, 79),
(217, 11, 70),
(218, 10, 15),
(219, 11, 79),
(220, 16, 74),
(221, 46, 8),
(222, 77, 13),
(223, 20, 83),
(224, 62, 61),
(225, 41, 15),
(226, 97, 16),
(227, 89, 96),
(228, 74, 3),
(229, 52, 2),
(230, 35, 54),
(231, 68, 6),
(232, 65, 18),
(233, 86, 24),
(234, 6, 74),
(235, 65, 90),
(236, 49, 85),
(237, 10, 73),
(238, 32, 96),
(239, 48, 58),
(240, 98, 33),
(241, 2, 62),
(242, 97, 95),
(243, 52, 61),
(244, 73, 88),
(245, 78, 52),
(246, 35, 17),
(247, 67, 14),
(248, 59, 59),
(249, 55, 73),
(250, 3, 65),
(251, 34, 89),
(252, 79, 38),
(253, 41, 65),
(254, 84, 70),
(255, 2, 17),
(256, 63, 29),
(257, 78, 85),
(258, 59, 61),
(259, 62, 23),
(260, 35, 23),
(261, 80, 26),
(262, 60, 9),
(263, 54, 30),
(264, 3, 33),
(265, 93, 36),
(266, 24, 51),
(267, 34, 48),
(268, 71, 80),
(269, 66, 19),
(270, 64, 11),
(271, 13, 71),
(272, 19, 88),
(273, 11, 58),
(274, 83, 75),
(275, 46, 7),
(276, 15, 50),
(277, 28, 55),
(278, 51, 6),
(279, 1, 12),
(280, 64, 25),
(281, 85, 92),
(282, 30, 91),
(283, 40, 19),
(284, 36, 86),
(285, 90, 68),
(286, 36, 85),
(287, 43, 97),
(288, 38, 58),
(289, 49, 35),
(290, 25, 21),
(291, 30, 8),
(292, 28, 90),
(293, 12, 41),
(294, 52, 79),
(295, 3, 74),
(296, 44, 5),
(297, 47, 57),
(298, 40, 72),
(299, 43, 52),
(300, 52, 14),
(301, 28, 82),
(302, 81, 52),
(303, 25, 41),
(304, 43, 91),
(305, 64, 16),
(306, 4, 1),
(307, 71, 19),
(308, 86, 71),
(309, 88, 31),
(310, 21, 72),
(311, 51, 46),
(312, 35, 30),
(313, 49, 8),
(314, 81, 36),
(315, 17, 96),
(316, 70, 8),
(317, 82, 84),
(318, 80, 34),
(319, 8, 86),
(320, 80, 51),
(321, 88, 48),
(322, 50, 39),
(323, 35, 32),
(324, 26, 32),
(325, 9, 42),
(326, 35, 16),
(327, 2, 86),
(328, 85, 84),
(329, 37, 83),
(330, 90, 26),
(331, 39, 4),
(332, 22, 78),
(333, 79, 48),
(334, 65, 61),
(335, 21, 30),
(336, 83, 57),
(337, 62, 78),
(338, 1, 17),
(339, 60, 11),
(340, 91, 67),
(341, 49, 38),
(342, 7, 68),
(343, 65, 23),
(344, 13, 31),
(345, 72, 3),
(346, 23, 34),
(347, 94, 68),
(348, 50, 3),
(349, 41, 37),
(350, 43, 24),
(351, 18, 2),
(352, 9, 4),
(353, 3, 91),
(354, 74, 63),
(355, 46, 58),
(356, 36, 78),
(357, 98, 91),
(358, 17, 1),
(359, 34, 7),
(360, 87, 17),
(361, 79, 30),
(362, 48, 26),
(363, 21, 61),
(364, 91, 62),
(365, 37, 25),
(366, 5, 45),
(367, 44, 22),
(368, 86, 78),
(369, 70, 58),
(370, 59, 39),
(371, 26, 76),
(372, 19, 97),
(373, 41, 64),
(374, 98, 1),
(375, 84, 54),
(376, 8, 21),
(377, 25, 83),
(378, 82, 57),
(379, 56, 78),
(380, 30, 30),
(381, 2, 34),
(382, 24, 29),
(383, 23, 94),
(384, 84, 18),
(385, 78, 90),
(386, 10, 93),
(387, 33, 42),
(388, 7, 67),
(389, 52, 11),
(390, 32, 68),
(391, 56, 94),
(392, 54, 71),
(393, 55, 26),
(394, 87, 18),
(395, 20, 80),
(396, 80, 61),
(397, 27, 80),
(398, 81, 4),
(399, 44, 78),
(400, 24, 75),
(401, 26, 18),
(402, 19, 66),
(403, 78, 85),
(404, 5, 75),
(405, 56, 63),
(406, 12, 55),
(407, 97, 92),
(408, 57, 92),
(409, 49, 97),
(410, 65, 60),
(411, 25, 33),
(412, 18, 11),
(413, 29, 43),
(414, 81, 85),
(415, 87, 67),
(416, 66, 34),
(417, 71, 80),
(418, 59, 2),
(419, 9, 13),
(420, 91, 54),
(421, 95, 86),
(422, 79, 34),
(423, 18, 37),
(424, 67, 54),
(425, 5, 31),
(426, 20, 93),
(427, 11, 38),
(428, 92, 32),
(429, 31, 24),
(430, 71, 26),
(431, 34, 60),
(432, 44, 1),
(433, 21, 45),
(434, 25, 98),
(435, 43, 75),
(436, 29, 40),
(437, 67, 37),
(438, 79, 14),
(439, 96, 93),
(440, 46, 12),
(441, 18, 70),
(442, 43, 67),
(443, 3, 38),
(444, 77, 63),
(445, 18, 65),
(446, 20, 60),
(447, 1, 67),
(448, 72, 9),
(449, 46, 85),
(450, 36, 81),
(451, 58, 36),
(452, 32, 15),
(453, 46, 77),
(454, 86, 9),
(455, 23, 38),
(456, 30, 76),
(457, 72, 70),
(458, 65, 12),
(459, 71, 58),
(460, 32, 85),
(461, 31, 72),
(462, 98, 35),
(463, 31, 18),
(464, 64, 19),
(465, 11, 14),
(466, 27, 87),
(467, 94, 27),
(468, 35, 10),
(469, 86, 58),
(470, 50, 48),
(471, 81, 30),
(472, 43, 18),
(473, 89, 8),
(474, 21, 86),
(475, 71, 97),
(476, 21, 19),
(477, 81, 28),
(478, 21, 36),
(479, 13, 67),
(480, 60, 45),
(481, 97, 19),
(482, 81, 37),
(483, 28, 19),
(484, 48, 65),
(485, 49, 17),
(486, 3, 96),
(487, 66, 31),
(488, 36, 70),
(489, 64, 11),
(490, 88, 22),
(491, 94, 76),
(492, 67, 6),
(493, 27, 23),
(494, 31, 26),
(495, 60, 14),
(496, 59, 24),
(497, 45, 28),
(498, 26, 31),
(499, 7, 28),
(500, 65, 28),
(501, 80, 44),
(502, 22, 90),
(503, 25, 18),
(504, 78, 92),
(505, 5, 17),
(506, 20, 78),
(507, 73, 97),
(508, 15, 34),
(509, 54, 34),
(510, 92, 27),
(511, 57, 73),
(512, 33, 15),
(513, 85, 3),
(514, 84, 17),
(515, 19, 76),
(516, 81, 19),
(517, 12, 37),
(518, 91, 82),
(519, 7, 58),
(520, 54, 8),
(521, 6, 14),
(522, 78, 49),
(523, 27, 25),
(524, 15, 35),
(525, 4, 49),
(526, 85, 55),
(527, 96, 46),
(528, 57, 54),
(529, 27, 9),
(530, 57, 98),
(531, 97, 62),
(532, 62, 39),
(533, 59, 5),
(534, 44, 94),
(535, 32, 50),
(536, 10, 8),
(537, 94, 16),
(538, 77, 50),
(539, 43, 31),
(540, 9, 45),
(541, 86, 73),
(542, 9, 12),
(543, 96, 72),
(544, 10, 35),
(545, 94, 23),
(546, 21, 20),
(547, 23, 31),
(548, 34, 22),
(549, 93, 55),
(550, 11, 89),
(551, 42, 75),
(552, 91, 6),
(553, 23, 63),
(554, 81, 71),
(555, 13, 42),
(556, 12, 19),
(557, 94, 12),
(558, 45, 57),
(559, 51, 73),
(560, 49, 1),
(561, 17, 46),
(562, 42, 69),
(563, 89, 71),
(564, 85, 16),
(565, 68, 67),
(566, 80, 48),
(567, 15, 89),
(568, 47, 44),
(569, 45, 6),
(570, 27, 16),
(571, 62, 62),
(572, 47, 19),
(573, 8, 51),
(574, 71, 62),
(575, 66, 83),
(576, 35, 53),
(577, 75, 50),
(578, 90, 32),
(579, 46, 2),
(580, 3, 76),
(581, 62, 14),
(582, 4, 28),
(583, 57, 79),
(584, 83, 14),
(585, 76, 65),
(586, 85, 90),
(587, 80, 58),
(588, 63, 67),
(589, 28, 87),
(590, 87, 50),
(591, 39, 65),
(592, 8, 53),
(593, 88, 72),
(594, 44, 43),
(595, 40, 38),
(596, 70, 2),
(597, 45, 74),
(598, 84, 9),
(599, 52, 4),
(600, 58, 75),
(602, 62, 5),
(603, 6, 58),
(604, 54, 13),
(605, 98, 44),
(606, 17, 96),
(607, 95, 22),
(608, 85, 31),
(609, 46, 7),
(610, 87, 41),
(611, 38, 43),
(612, 26, 48),
(613, 89, 70),
(614, 7, 13),
(615, 89, 54),
(616, 96, 31),
(617, 42, 46),
(618, 21, 88),
(619, 54, 30),
(620, 91, 95),
(621, 44, 42),
(622, 95, 61),
(623, 41, 71),
(624, 34, 39),
(625, 61, 88),
(626, 70, 58),
(627, 10, 53),
(628, 86, 15),
(629, 59, 95),
(630, 38, 79),
(631, 89, 32),
(632, 75, 52),
(633, 11, 27),
(634, 6, 82),
(635, 90, 13),
(636, 66, 48),
(637, 86, 29),
(638, 83, 24),
(639, 55, 52),
(640, 1, 58),
(641, 76, 43),
(642, 4, 83),
(643, 83, 35),
(644, 17, 84),
(645, 82, 2),
(646, 41, 94),
(647, 50, 8),
(648, 10, 83),
(649, 58, 67),
(650, 76, 71),
(651, 10, 74),
(652, 78, 42),
(653, 83, 49),
(654, 5, 5),
(655, 95, 97),
(656, 9, 48),
(657, 23, 69),
(658, 8, 90),
(659, 92, 19),
(660, 30, 52),
(661, 15, 61),
(662, 18, 29),
(663, 47, 78),
(664, 10, 13),
(665, 52, 84),
(666, 4, 96),
(667, 16, 35),
(668, 19, 78),
(669, 79, 53),
(670, 69, 93),
(671, 16, 56),
(672, 60, 71),
(673, 39, 30),
(674, 5, 23),
(675, 85, 16),
(676, 18, 71),
(677, 89, 44),
(678, 31, 54),
(679, 31, 82),
(680, 29, 66),
(681, 38, 78),
(682, 7, 45),
(683, 55, 46),
(684, 62, 11),
(685, 19, 90),
(686, 26, 52),
(687, 69, 23),
(688, 92, 85),
(689, 48, 36),
(690, 1, 94),
(691, 19, 85),
(692, 76, 40),
(693, 10, 57),
(694, 8, 39),
(695, 48, 82),
(696, 77, 90),
(697, 2, 71),
(698, 46, 62),
(699, 66, 38),
(700, 56, 43),
(701, 89, 98),
(702, 29, 79),
(703, 80, 3),
(704, 87, 98),
(705, 50, 28),
(706, 35, 27),
(707, 7, 58),
(708, 38, 30),
(709, 68, 23),
(710, 61, 98),
(711, 88, 20),
(712, 70, 73),
(713, 86, 1),
(714, 39, 39),
(715, 47, 29),
(716, 90, 79),
(717, 53, 1),
(718, 15, 77),
(719, 13, 68),
(720, 88, 39),
(721, 32, 47),
(722, 94, 50),
(723, 55, 45),
(724, 17, 78),
(725, 54, 59),
(726, 58, 86),
(727, 29, 89),
(728, 66, 28),
(729, 49, 81),
(730, 21, 70),
(731, 5, 51),
(732, 98, 8),
(733, 88, 19),
(734, 15, 57),
(735, 55, 92),
(736, 11, 95),
(737, 33, 18),
(738, 49, 76),
(739, 93, 38),
(740, 23, 77),
(741, 64, 5),
(742, 41, 12),
(743, 95, 67),
(744, 12, 90),
(745, 6, 25),
(746, 67, 65),
(747, 49, 78),
(748, 40, 18),
(749, 98, 62),
(750, 70, 78),
(751, 87, 87),
(752, 34, 81),
(753, 55, 11),
(754, 50, 47),
(755, 89, 63),
(756, 93, 58),
(757, 34, 65),
(758, 12, 30),
(759, 37, 36),
(760, 37, 48),
(761, 65, 96),
(762, 2, 53),
(763, 12, 10),
(764, 17, 56),
(765, 20, 90),
(766, 60, 48),
(767, 12, 78),
(768, 76, 75),
(769, 26, 97),
(770, 37, 34),
(771, 23, 90),
(772, 74, 64),
(773, 35, 8),
(774, 46, 35),
(775, 87, 78),
(776, 58, 58),
(777, 17, 17),
(778, 16, 53),
(779, 60, 57),
(780, 43, 81),
(781, 54, 83),
(782, 85, 44),
(783, 66, 46),
(784, 29, 96),
(785, 22, 43),
(786, 50, 78),
(787, 22, 55),
(788, 63, 16),
(789, 72, 6),
(790, 81, 90),
(791, 76, 69),
(792, 38, 96),
(793, 71, 61),
(794, 17, 12),
(795, 32, 78),
(796, 30, 8),
(797, 20, 17),
(798, 33, 89),
(799, 50, 55),
(800, 44, 86),
(801, 47, 11),
(802, 73, 78),
(803, 21, 50),
(804, 58, 95),
(805, 5, 84),
(806, 25, 53),
(807, 40, 31),
(808, 68, 42),
(809, 92, 48),
(810, 64, 94),
(811, 84, 75),
(812, 68, 45),
(813, 5, 53),
(814, 84, 29),
(815, 22, 47),
(816, 8, 40),
(817, 67, 28),
(818, 57, 4),
(819, 63, 41),
(820, 93, 27),
(821, 21, 16),
(822, 19, 59),
(823, 73, 49),
(824, 72, 73),
(825, 8, 69),
(826, 90, 28),
(827, 97, 72),
(828, 81, 78),
(829, 3, 5),
(830, 88, 8),
(831, 78, 18),
(832, 90, 36),
(833, 52, 65),
(834, 13, 32),
(835, 81, 55),
(836, 46, 48),
(837, 36, 65),
(838, 5, 94),
(839, 82, 54),
(840, 76, 11),
(841, 63, 88),
(842, 23, 38),
(843, 16, 51),
(844, 41, 9),
(845, 26, 83),
(846, 17, 52),
(847, 24, 1),
(848, 75, 6),
(849, 88, 67),
(850, 28, 87),
(851, 82, 81),
(852, 82, 5),
(853, 74, 13),
(854, 31, 7),
(855, 91, 28),
(856, 85, 55),
(857, 38, 62),
(858, 93, 62),
(859, 46, 91),
(860, 87, 94),
(861, 15, 37),
(862, 2, 16),
(863, 38, 45),
(864, 63, 83),
(865, 13, 47),
(866, 3, 66),
(867, 73, 65),
(868, 22, 37),
(869, 3, 56),
(870, 6, 85),
(871, 4, 71),
(872, 48, 77),
(873, 38, 18),
(874, 18, 32),
(875, 63, 69),
(876, 28, 68),
(877, 81, 76),
(878, 20, 97),
(879, 77, 72),
(880, 87, 60),
(881, 45, 77),
(882, 16, 98),
(883, 28, 64),
(884, 8, 57),
(885, 9, 85),
(886, 61, 1),
(887, 46, 56),
(888, 54, 7),
(889, 90, 72),
(890, 69, 12),
(891, 65, 19),
(892, 67, 58),
(893, 19, 3),
(894, 84, 39),
(895, 92, 17),
(896, 18, 66),
(897, 33, 17),
(898, 28, 89),
(899, 40, 51),
(900, 70, 86),
(901, 16, 54),
(902, 79, 25),
(903, 25, 82),
(904, 43, 84),
(905, 59, 96),
(906, 9, 3),
(907, 52, 68),
(908, 56, 77),
(909, 41, 24),
(910, 25, 11),
(911, 48, 70),
(912, 16, 69),
(913, 27, 10),
(914, 82, 54),
(915, 22, 80),
(916, 70, 20),
(917, 19, 56),
(918, 98, 83),
(919, 21, 76),
(920, 58, 81),
(921, 7, 73),
(922, 28, 24),
(923, 20, 66),
(924, 1, 9),
(925, 30, 6),
(926, 95, 89),
(927, 6, 40),
(928, 49, 62),
(929, 78, 83),
(930, 91, 51),
(931, 4, 31),
(932, 48, 80),
(933, 28, 31),
(934, 12, 72),
(935, 40, 8),
(936, 81, 83),
(937, 32, 69),
(938, 23, 25),
(939, 78, 48),
(940, 23, 64),
(941, 17, 36),
(942, 30, 34),
(943, 27, 24),
(944, 85, 45),
(945, 9, 40),
(946, 1, 27),
(947, 41, 32),
(948, 20, 28),
(949, 30, 5),
(950, 6, 69),
(951, 86, 84),
(952, 12, 65),
(953, 27, 14),
(954, 88, 15),
(955, 21, 47),
(956, 11, 77),
(957, 21, 74),
(958, 73, 58),
(959, 88, 58),
(960, 57, 21),
(961, 83, 60),
(962, 31, 73),
(963, 54, 55),
(964, 44, 47),
(965, 38, 19),
(966, 86, 72),
(967, 63, 42),
(968, 50, 90),
(969, 12, 18),
(970, 93, 28),
(971, 20, 39),
(972, 64, 73),
(973, 13, 52),
(974, 48, 8),
(975, 36, 22),
(976, 98, 18),
(977, 22, 5),
(978, 85, 74),
(979, 29, 66),
(980, 8, 77),
(981, 83, 74),
(982, 1, 50),
(983, 72, 22),
(984, 31, 74),
(985, 53, 75),
(986, 50, 73),
(987, 45, 88),
(988, 82, 90),
(989, 78, 44),
(990, 80, 27),
(991, 12, 25),
(992, 15, 42),
(993, 89, 96),
(994, 33, 3),
(995, 82, 56),
(996, 98, 61),
(997, 15, 59),
(998, 53, 15),
(999, 21, 56),
(1000, 26, 50),
(1001, 16, 45),
(1002, 52, 21),
(1003, 16, 12),
(1004, 50, 7),
(1005, 69, 31),
(1006, 19, 41),
(1007, 59, 36),
(1008, 3, 30),
(1009, 41, 72),
(1010, 58, 39),
(1011, 92, 12),
(1012, 22, 55),
(1013, 32, 74),
(1014, 92, 55),
(1015, 58, 9),
(1016, 55, 42),
(1017, 52, 77),
(1018, 13, 12),
(1019, 60, 33),
(1020, 18, 43),
(1021, 91, 30),
(1022, 79, 28),
(1023, 13, 44),
(1024, 44, 78),
(1025, 39, 97),
(1026, 85, 47),
(1027, 16, 29),
(1028, 2, 22),
(1029, 64, 15),
(1030, 92, 19),
(1031, 12, 54),
(1032, 49, 5),
(1033, 9, 67),
(1034, 92, 29),
(1035, 5, 35),
(1036, 14, 68),
(1037, 52, 31),
(1038, 71, 73),
(1039, 58, 58),
(1040, 33, 75),
(1041, 28, 89),
(1042, 73, 65),
(1043, 98, 95),
(1044, 41, 87),
(1045, 16, 86),
(1046, 60, 3),
(1047, 98, 92),
(1048, 27, 56),
(1049, 52, 84),
(1050, 14, 67),
(1051, 65, 80),
(1052, 61, 84),
(1053, 80, 15),
(1054, 69, 75),
(1055, 85, 61),
(1056, 79, 2),
(1057, 10, 9),
(1058, 19, 30),
(1059, 37, 12),
(1060, 95, 12),
(1061, 39, 25),
(1062, 13, 2),
(1063, 87, 4),
(1064, 64, 71),
(1065, 67, 26),
(1066, 88, 4),
(1067, 90, 55),
(1068, 72, 59),
(1069, 49, 96),
(1070, 89, 46),
(1071, 42, 68),
(1072, 54, 85),
(1073, 47, 13),
(1074, 77, 72),
(1075, 74, 31),
(1076, 8, 87),
(1077, 54, 26),
(1078, 94, 91),
(1079, 94, 52),
(1080, 98, 27),
(1081, 3, 84),
(1082, 69, 96),
(1083, 83, 58),
(1084, 12, 4),
(1085, 1, 61),
(1086, 50, 96),
(1087, 83, 59),
(1088, 96, 25),
(1089, 4, 71),
(1090, 40, 2),
(1091, 22, 70),
(1092, 7, 32),
(1093, 88, 5),
(1094, 15, 11),
(1095, 9, 95),
(1096, 46, 84),
(1097, 22, 91),
(1098, 3, 50),
(1099, 1, 59),
(1100, 74, 25),
(1101, 44, 11),
(1102, 38, 69),
(1103, 88, 61),
(1104, 20, 49),
(1105, 55, 87),
(1106, 79, 3),
(1107, 83, 75),
(1108, 71, 28),
(1109, 50, 75),
(1110, 56, 49),
(1111, 64, 37),
(1112, 66, 46),
(1113, 53, 47),
(1114, 80, 80),
(1115, 5, 22),
(1116, 31, 72),
(1117, 8, 4),
(1118, 65, 81),
(1119, 21, 94),
(1120, 12, 48),
(1121, 40, 18),
(1122, 14, 16),
(1123, 48, 30),
(1124, 30, 61),
(1125, 10, 74),
(1126, 96, 38),
(1127, 23, 74),
(1128, 54, 97),
(1129, 45, 89),
(1130, 86, 16),
(1131, 14, 49),
(1132, 26, 76),
(1133, 15, 35),
(1134, 70, 69),
(1135, 89, 28),
(1136, 20, 55),
(1137, 11, 85),
(1138, 92, 44),
(1139, 61, 44),
(1140, 35, 31),
(1141, 95, 4),
(1142, 82, 48),
(1143, 38, 84),
(1144, 76, 80),
(1145, 51, 62),
(1146, 29, 45),
(1147, 54, 39),
(1148, 27, 46),
(1149, 84, 1),
(1150, 7, 27),
(1151, 87, 23),
(1152, 28, 55),
(1153, 87, 95),
(1154, 22, 29),
(1155, 51, 39),
(1156, 16, 43),
(1157, 29, 64),
(1158, 24, 26),
(1159, 43, 94),
(1160, 87, 77),
(1161, 18, 74),
(1162, 44, 1),
(1163, 93, 43),
(1164, 44, 31),
(1165, 11, 29),
(1166, 24, 51),
(1167, 82, 14),
(1168, 26, 78),
(1169, 93, 81),
(1170, 80, 87),
(1171, 34, 85),
(1172, 32, 61),
(1173, 74, 67),
(1174, 53, 93),
(1175, 77, 5),
(1176, 8, 89),
(1177, 82, 94),
(1178, 93, 64),
(1179, 93, 5),
(1180, 56, 10),
(1181, 70, 11),
(1182, 68, 47),
(1183, 53, 85),
(1184, 89, 60),
(1185, 54, 49),
(1186, 48, 29),
(1187, 29, 32),
(1188, 59, 42),
(1189, 40, 47),
(1190, 32, 77),
(1191, 83, 56),
(1192, 57, 53),
(1193, 13, 7),
(1194, 85, 98),
(1195, 78, 41),
(1196, 69, 2),
(1197, 50, 35),
(1198, 1, 14),
(1199, 98, 5),
(1200, 56, 42),
(1201, 80, 43),
(1202, 90, 78),
(1203, 54, 18),
(1204, 13, 86),
(1205, 47, 78),
(1206, 63, 16),
(1207, 12, 19),
(1208, 50, 9),
(1209, 81, 33),
(1210, 27, 9),
(1211, 5, 20),
(1212, 29, 59),
(1213, 95, 37),
(1214, 39, 20),
(1215, 97, 33),
(1216, 23, 49),
(1217, 78, 31),
(1218, 78, 62),
(1219, 43, 3),
(1220, 8, 9),
(1221, 27, 79),
(1222, 29, 84),
(1223, 41, 84),
(1224, 81, 24),
(1225, 74, 91),
(1226, 2, 90),
(1227, 60, 12),
(1228, 22, 72),
(1229, 95, 13),
(1230, 45, 21),
(1231, 40, 54),
(1232, 31, 42),
(1233, 62, 35),
(1234, 3, 58),
(1235, 47, 73),
(1236, 49, 78),
(1237, 81, 38),
(1238, 73, 46),
(1239, 27, 60),
(1240, 54, 73),
(1241, 68, 54),
(1242, 95, 73),
(1243, 10, 82),
(1244, 67, 37),
(1245, 93, 54),
(1246, 39, 19),
(1247, 15, 62),
(1248, 97, 78),
(1249, 14, 50),
(1250, 97, 34),
(1251, 23, 4),
(1252, 30, 65),
(1253, 57, 4),
(1254, 77, 4),
(1255, 42, 92),
(1256, 52, 15),
(1257, 57, 47),
(1258, 34, 46),
(1259, 73, 32),
(1260, 85, 32),
(1261, 30, 68),
(1262, 18, 70),
(1263, 69, 24),
(1264, 1, 40),
(1265, 16, 90),
(1266, 51, 70),
(1267, 58, 37),
(1268, 34, 36),
(1269, 45, 41),
(1270, 72, 76),
(1271, 96, 19),
(1272, 17, 26),
(1273, 4, 98),
(1274, 38, 42),
(1275, 45, 72),
(1276, 40, 23),
(1277, 45, 43),
(1278, 17, 20),
(1279, 52, 70),
(1280, 92, 94),
(1281, 27, 47),
(1282, 15, 32),
(1283, 76, 8),
(1284, 74, 86),
(1285, 78, 15),
(1286, 17, 17),
(1287, 72, 52),
(1288, 64, 74),
(1289, 42, 36),
(1290, 6, 31),
(1291, 89, 51),
(1292, 33, 59),
(1293, 33, 79),
(1294, 34, 73),
(1295, 23, 91),
(1296, 26, 57),
(1297, 49, 91),
(1298, 57, 9),
(1299, 84, 83),
(1300, 81, 90),
(1301, 55, 3),
(1302, 65, 76),
(1303, 31, 61),
(1304, 38, 85),
(1305, 40, 98),
(1306, 26, 59),
(1307, 49, 16),
(1308, 95, 36),
(1309, 80, 26),
(1310, 34, 67),
(1311, 7, 75),
(1312, 24, 9),
(1313, 70, 17),
(1314, 67, 81),
(1315, 22, 13),
(1316, 21, 79),
(1317, 86, 22),
(1318, 8, 62),
(1319, 7, 71),
(1320, 97, 41),
(1321, 96, 6),
(1322, 10, 98),
(1323, 68, 81),
(1324, 72, 58),
(1325, 34, 75),
(1326, 95, 6),
(1327, 23, 52),
(1328, 46, 55),
(1329, 6, 49),
(1330, 38, 26),
(1331, 98, 16),
(1332, 37, 50),
(1333, 27, 36),
(1334, 25, 56),
(1335, 56, 85),
(1336, 82, 71),
(1337, 31, 75),
(1338, 32, 30),
(1339, 44, 43),
(1340, 70, 75),
(1341, 18, 13),
(1342, 17, 38),
(1344, 53, 72),
(1345, 80, 47),
(1346, 79, 90),
(1347, 78, 51),
(1348, 66, 63),
(1349, 24, 98),
(1350, 56, 31),
(1351, 47, 6),
(1352, 71, 67),
(1353, 98, 44),
(1354, 2, 86),
(1355, 66, 81),
(1356, 46, 87),
(1357, 50, 69),
(1358, 71, 12),
(1359, 32, 65),
(1360, 32, 89),
(1361, 58, 44),
(1362, 6, 55),
(1363, 69, 52),
(1364, 95, 2),
(1365, 20, 14),
(1366, 16, 52),
(1367, 75, 42),
(1368, 64, 42),
(1369, 65, 51),
(1370, 88, 47),
(1371, 18, 90),
(1372, 52, 90),
(1373, 36, 8),
(1374, 98, 38),
(1375, 8, 61),
(1376, 2, 10),
(1377, 37, 15),
(1378, 69, 86),
(1379, 29, 43),
(1380, 80, 5),
(1381, 29, 83),
(1382, 76, 79),
(1383, 13, 58),
(1384, 74, 66),
(1385, 4, 11),
(1386, 79, 21),
(1387, 20, 74),
(1388, 69, 21),
(1389, 50, 82),
(1390, 80, 59),
(1391, 61, 22),
(1392, 64, 22),
(1393, 57, 40),
(1394, 74, 92),
(1395, 62, 34),
(1396, 30, 54),
(1397, 17, 23),
(1398, 63, 44),
(1399, 92, 43),
(1400, 12, 53),
(1401, 35, 64),
(1402, 94, 83),
(1403, 76, 6),
(1404, 23, 11),
(1405, 17, 79),
(1406, 79, 67),
(1407, 21, 91),
(1408, 19, 40),
(1409, 29, 57),
(1410, 40, 61),
(1411, 21, 38),
(1412, 73, 24),
(1413, 89, 76),
(1414, 14, 33),
(1415, 65, 93),
(1416, 2, 52),
(1417, 46, 58),
(1418, 8, 23),
(1419, 72, 40),
(1420, 39, 83),
(1421, 28, 14),
(1422, 18, 37),
(1423, 30, 27),
(1424, 51, 46),
(1425, 92, 7),
(1426, 68, 93),
(1427, 23, 86),
(1428, 91, 11),
(1429, 73, 96),
(1430, 67, 27),
(1431, 56, 52),
(1432, 96, 36),
(1433, 59, 51),
(1434, 37, 49),
(1435, 74, 11),
(1436, 90, 22),
(1437, 81, 61),
(1438, 62, 82),
(1439, 25, 95),
(1440, 58, 17),
(1441, 35, 16),
(1442, 93, 90),
(1443, 42, 66),
(1444, 13, 54),
(1445, 13, 98),
(1446, 57, 76),
(1447, 59, 53),
(1448, 79, 17),
(1449, 7, 84),
(1450, 28, 73),
(1451, 10, 86),
(1452, 11, 50),
(1453, 10, 76),
(1454, 39, 9),
(1455, 35, 72),
(1456, 15, 57),
(1457, 58, 2),
(1458, 63, 11),
(1459, 42, 57),
(1460, 83, 45),
(1461, 21, 25),
(1462, 94, 79),
(1463, 95, 58),
(1464, 63, 89),
(1465, 5, 59),
(1466, 39, 48),
(1467, 39, 73),
(1468, 90, 23),
(1469, 73, 6),
(1470, 89, 13),
(1471, 15, 10),
(1472, 66, 54),
(1473, 17, 45),
(1474, 78, 59),
(1475, 93, 63),
(1476, 8, 71),
(1477, 21, 2),
(1478, 23, 56),
(1479, 35, 2),
(1480, 84, 60),
(1481, 24, 14),
(1482, 67, 96),
(1483, 32, 27),
(1484, 14, 34),
(1485, 49, 54),
(1486, 31, 34),
(1487, 63, 19),
(1488, 35, 14),
(1489, 28, 78),
(1490, 13, 25),
(1491, 67, 52),
(1492, 70, 65),
(1493, 80, 54),
(1494, 1, 48),
(1495, 30, 75),
(1496, 35, 29),
(1497, 85, 76),
(1498, 7, 76),
(1499, 4, 82),
(1500, 93, 86),
(1501, 64, 68),
(1502, 10, 10),
(1503, 59, 65),
(1504, 50, 59),
(1505, 71, 80),
(1506, 54, 2),
(1507, 47, 95),
(1508, 61, 23),
(1509, 83, 94),
(1510, 93, 27),
(1511, 30, 82),
(1512, 12, 34),
(1513, 60, 24),
(1514, 90, 20),
(1515, 25, 51),
(1516, 26, 92),
(1517, 45, 9),
(1518, 93, 48),
(1519, 49, 84),
(1520, 28, 30),
(1521, 13, 57),
(1522, 42, 34),
(1523, 71, 90),
(1524, 29, 85),
(1525, 69, 19),
(1526, 54, 16),
(1527, 44, 77),
(1528, 92, 5),
(1529, 35, 8),
(1530, 90, 50),
(1531, 59, 28),
(1532, 73, 38),
(1533, 54, 41),
(1534, 72, 43),
(1535, 21, 9),
(1536, 35, 47),
(1537, 8, 53),
(1538, 62, 68),
(1539, 4, 73),
(1540, 13, 41),
(1541, 9, 63),
(1542, 59, 56),
(1543, 43, 86),
(1544, 54, 77),
(1545, 98, 23),
(1546, 30, 26),
(1547, 24, 96),
(1548, 19, 81),
(1549, 29, 22),
(1550, 53, 23),
(1551, 18, 73),
(1552, 97, 54),
(1553, 21, 57),
(1554, 29, 7),
(1555, 41, 35),
(1556, 1, 76),
(1557, 56, 97),
(1558, 46, 9),
(1559, 53, 18),
(1560, 82, 73),
(1561, 58, 45),
(1562, 54, 87),
(1563, 17, 64),
(1564, 55, 44),
(1565, 51, 24),
(1566, 26, 61),
(1567, 76, 19),
(1568, 36, 23),
(1569, 94, 82),
(1570, 33, 85),
(1571, 88, 6),
(1572, 43, 79),
(1573, 6, 53),
(1574, 8, 24),
(1575, 34, 92),
(1576, 60, 42),
(1577, 15, 33),
(1578, 53, 13),
(1579, 32, 81),
(1580, 93, 25),
(1581, 63, 2),
(1582, 88, 67),
(1583, 77, 6),
(1584, 96, 84),
(1585, 35, 71),
(1586, 88, 95),
(1587, 94, 63),
(1588, 7, 69),
(1589, 37, 90),
(1590, 70, 36),
(1591, 47, 4),
(1592, 6, 92),
(1593, 54, 75),
(1594, 57, 65),
(1595, 55, 69),
(1596, 3, 26),
(1597, 75, 50),
(1598, 63, 18),
(1599, 70, 87),
(1600, 13, 38),
(1601, 63, 71),
(1602, 80, 14),
(1603, 94, 98),
(1604, 88, 66),
(1605, 75, 13),
(1606, 77, 36),
(1607, 70, 47),
(1608, 29, 29),
(1609, 55, 1),
(1610, 19, 36),
(1611, 14, 22),
(1612, 31, 22),
(1613, 23, 75),
(1614, 62, 85),
(1615, 66, 28),
(1616, 84, 2),
(1617, 75, 29),
(1618, 13, 36),
(1619, 18, 61),
(1620, 80, 62),
(1621, 79, 86),
(1622, 94, 26),
(1623, 79, 12),
(1624, 49, 14),
(1625, 41, 97),
(1626, 45, 23),
(1627, 96, 17),
(1628, 5, 14),
(1629, 76, 70),
(1630, 23, 14),
(1631, 4, 7),
(1632, 86, 81),
(1633, 27, 32),
(1634, 39, 60),
(1635, 72, 95),
(1636, 46, 12),
(1637, 51, 44),
(1638, 80, 90),
(1639, 97, 24),
(1640, 15, 91),
(1641, 82, 76),
(1642, 27, 43),
(1643, 34, 98),
(1644, 35, 80),
(1645, 76, 84),
(1646, 38, 87),
(1647, 26, 42),
(1648, 85, 19),
(1649, 21, 51),
(1650, 76, 52),
(1651, 50, 29),
(1652, 61, 86),
(1653, 32, 28),
(1654, 76, 28),
(1655, 92, 1),
(1656, 96, 18),
(1657, 35, 84),
(1658, 24, 78),
(1659, 52, 42),
(1660, 47, 63),
(1661, 62, 65),
(1662, 24, 41),
(1663, 5, 8),
(1664, 88, 89),
(1665, 94, 20),
(1666, 71, 61),
(1667, 77, 13),
(1668, 38, 80),
(1669, 92, 13),
(1670, 61, 58),
(1671, 39, 72),
(1672, 65, 83),
(1673, 68, 83),
(1674, 44, 40),
(1675, 26, 81),
(1676, 60, 74),
(1677, 49, 7),
(1678, 63, 81),
(1679, 51, 48),
(1680, 87, 59),
(1681, 78, 52),
(1682, 17, 97),
(1683, 42, 56),
(1684, 20, 73),
(1685, 28, 70),
(1686, 13, 51),
(1687, 2, 5),
(1688, 88, 30),
(1689, 20, 83),
(1690, 47, 58),
(1691, 9, 82),
(1692, 40, 79),
(1693, 5, 45),
(1694, 8, 20),
(1695, 89, 98),
(1696, 76, 13),
(1697, 27, 27),
(1698, 42, 88),
(1699, 30, 74),
(1700, 71, 52),
(1701, 91, 48),
(1702, 38, 82),
(1703, 39, 36),
(1704, 26, 74),
(1705, 84, 68),
(1706, 61, 16),
(1707, 71, 72),
(1708, 68, 64),
(1709, 51, 11),
(1710, 4, 19),
(1711, 27, 63),
(1712, 33, 33),
(1713, 6, 44),
(1714, 24, 48),
(1715, 12, 55),
(1716, 64, 58),
(1717, 9, 44),
(1718, 18, 62),
(1719, 23, 62),
(1720, 63, 72),
(1721, 21, 93),
(1722, 60, 36),
(1723, 59, 57),
(1724, 74, 28),
(1725, 1, 49),
(1726, 3, 20),
(1727, 88, 46),
(1728, 51, 72),
(1729, 7, 91),
(1730, 10, 42),
(1731, 63, 90),
(1732, 86, 35),
(1733, 52, 25),
(1734, 98, 60),
(1735, 5, 94),
(1736, 32, 83),
(1737, 86, 6),
(1738, 46, 48),
(1739, 72, 45),
(1740, 13, 30),
(1741, 22, 18),
(1742, 53, 49),
(1743, 52, 97),
(1744, 49, 86),
(1745, 73, 57),
(1746, 4, 69),
(1747, 59, 43),
(1748, 67, 77),
(1749, 24, 53),
(1750, 56, 74),
(1751, 50, 18),
(1752, 87, 82),
(1753, 23, 95),
(1754, 54, 52),
(1755, 63, 63),
(1756, 4, 77),
(1757, 91, 96),
(1758, 50, 52),
(1759, 81, 27),
(1760, 22, 11),
(1761, 65, 33),
(1762, 80, 33),
(1763, 67, 1),
(1764, 58, 97),
(1765, 75, 68),
(1766, 37, 13),
(1767, 60, 61),
(1768, 28, 83),
(1769, 60, 86),
(1770, 33, 89),
(1771, 15, 4),
(1772, 66, 66),
(1773, 84, 93),
(1774, 83, 35),
(1775, 49, 59),
(1776, 79, 13),
(1778, 66, 78),
(1779, 11, 95),
(1780, 93, 65),
(1781, 6, 27),
(1782, 21, 22),
(1783, 17, 78),
(1784, 82, 88),
(1785, 24, 85),
(1786, 68, 44),
(1787, 10, 35),
(1788, 23, 59),
(1789, 73, 23),
(1790, 3, 43),
(1791, 9, 96),
(1792, 71, 4),
(1793, 52, 65),
(1794, 66, 31),
(1795, 84, 67),
(1796, 79, 68),
(1797, 38, 63),
(1798, 7, 47),
(1799, 39, 66),
(1800, 87, 94),
(1801, 39, 51),
(1802, 51, 9),
(1803, 12, 31),
(1804, 18, 64),
(1805, 63, 73),
(1806, 28, 64),
(1807, 34, 65),
(1808, 95, 24),
(1809, 85, 31),
(1810, 42, 1),
(1811, 15, 26),
(1812, 56, 93),
(1813, 65, 20),
(1814, 48, 56),
(1815, 58, 94),
(1816, 71, 39),
(1817, 26, 10),
(1818, 95, 42),
(1819, 86, 90),
(1820, 70, 26),
(1821, 32, 26),
(1822, 13, 78),
(1823, 38, 29),
(1824, 28, 28),
(1825, 57, 44),
(1826, 90, 47),
(1827, 91, 46),
(1828, 2, 11),
(1829, 93, 73),
(1830, 55, 4),
(1831, 79, 56),
(1832, 70, 78),
(1833, 62, 92),
(1834, 68, 14),
(1835, 16, 10),
(1836, 98, 67),
(1837, 43, 56),
(1838, 55, 25),
(1839, 60, 68),
(1840, 94, 50),
(1841, 85, 71),
(1842, 44, 55),
(1843, 33, 15),
(1844, 69, 36),
(1845, 84, 87),
(1846, 32, 8),
(1847, 32, 41),
(1848, 8, 34),
(1849, 82, 68),
(1850, 44, 41),
(1851, 87, 35),
(1852, 51, 1),
(1853, 26, 28),
(1854, 78, 46),
(1856, 47, 15),
(1857, 67, 90),
(1860, 89, 82),
(1861, 94, 8),
(1864, 54, 5),
(1865, 81, 14),
(1867, 12, 27),
(1870, 39, 76),
(1871, 55, 86),
(1873, 69, 89),
(1875, 54, 43),
(1877, 86, 80),
(1879, 27, 67),
(1881, 58, 57),
(1884, 10, 36),
(1886, 44, 37),
(1887, 77, 93),
(1890, 47, 17),
(1891, 63, 55),
(1894, 63, 48),
(1895, 18, 3),
(1898, 64, 40),
(1899, 49, 24),
(1901, 18, 77),
(1903, 29, 90),
(1906, 83, 3),
(1907, 10, 13),
(1910, 61, 66),
(1911, 24, 91),
(1914, 43, 77),
(1916, 48, 78),
(1917, 84, 31),
(1919, 85, 90),
(1922, 75, 70),
(1923, 35, 27),
(1926, 69, 20),
(1928, 50, 8),
(1930, 91, 12),
(1931, 91, 45),
(1934, 26, 65),
(1936, 85, 58),
(1938, 60, 92),
(1939, 49, 31),
(1942, 47, 71),
(1944, 85, 30),
(1945, 81, 6),
(1948, 17, 91),
(1950, 11, 11),
(1953, 67, 86),
(1955, 73, 74),
(1957, 82, 9),
(1959, 53, 78),
(1961, 74, 88),
(1963, 46, 81),
(1966, 6, 65),
(1967, 28, 62),
(1969, 82, 66),
(1971, 19, 78),
(1974, 34, 60),
(1975, 51, 15),
(1976, 48, 61),
(1977, 88, 54),
(1978, 48, 89),
(1979, 84, 29),
(1980, 33, 45),
(1981, 8, 72),
(1982, 98, 59),
(1983, 5, 7),
(1984, 13, 20),
(1985, 62, 26),
(1986, 23, 36),
(1987, 2, 31),
(1988, 81, 87),
(1989, 18, 9),
(1990, 87, 17),
(1991, 17, 8),
(1993, 15, 24),
(1994, 45, 31),
(1995, 60, 20),
(1996, 71, 60),
(1997, 35, 37),
(1998, 51, 68),
(1999, 43, 19),
(2000, 83, 82),
(2001, 16, 30),
(2002, 76, 94),
(2003, 51, 21),
(2004, 31, 94),
(2005, 22, 15),
(2006, 24, 79),
(2007, 31, 9),
(2008, 73, 82),
(2010, 9, 68),
(2011, 48, 91),
(2012, 73, 28),
(2013, 12, 44),
(2014, 36, 62),
(2015, 59, 94),
(2016, 20, 10),
(2017, 42, 82),
(2018, 17, 96),
(2019, 40, 77),
(2020, 13, 84),
(2021, 85, 29),
(2022, 55, 53),
(2023, 21, 90),
(2024, 30, 28),
(2025, 64, 29),
(2026, 4, 42),
(2027, 37, 95),
(2028, 34, 49),
(2029, 11, 61),
(2030, 74, 53),
(2031, 41, 70),
(2032, 27, 65),
(2033, 9, 90),
(2034, 1, 67),
(2035, 44, 94),
(2036, 41, 58),
(2037, 87, 64),
(2038, 32, 47),
(2039, 30, 69),
(2040, 47, 30),
(2041, 34, 93),
(2042, 24, 97),
(2043, 67, 11),
(2044, 80, 25),
(2045, 11, 49),
(2046, 24, 82),
(2047, 76, 10),
(2048, 64, 47),
(2049, 19, 66),
(2050, 88, 48),
(2051, 75, 88),
(2052, 38, 74),
(2053, 76, 97),
(2054, 23, 37),
(2055, 65, 68),
(2056, 71, 46),
(2057, 53, 34),
(2058, 59, 88),
(2059, 36, 58),
(2060, 97, 58),
(2061, 66, 19),
(2062, 85, 64),
(2063, 96, 57),
(2064, 50, 72),
(2065, 37, 61),
(2066, 11, 8),
(2067, 5, 66),
(2068, 72, 7),
(2069, 3, 64),
(2070, 51, 33),
(2071, 69, 45),
(2072, 24, 18),
(2073, 32, 70),
(2074, 72, 56),
(2075, 31, 63),
(2076, 50, 97),
(2077, 36, 42),
(2078, 43, 26),
(2079, 34, 95),
(2080, 44, 38),
(2081, 86, 47),
(2082, 23, 23),
(2083, 24, 35),
(2084, 2, 21),
(2085, 11, 93),
(2087, 71, 87),
(2088, 59, 69),
(2089, 75, 48),
(2090, 24, 73),
(2091, 9, 77),
(2092, 70, 92),
(2093, 85, 33),
(2094, 5, 49),
(2095, 71, 58),
(2096, 31, 76),
(2097, 95, 80),
(2098, 93, 78),
(2099, 58, 98),
(2100, 56, 73),
(2101, 4, 48),
(2102, 38, 37),
(2103, 25, 30),
(2104, 56, 62),
(2105, 81, 79),
(2106, 53, 70),
(2107, 79, 23),
(2108, 30, 20),
(2109, 50, 56),
(2110, 37, 53),
(2111, 68, 8),
(2112, 48, 15),
(2113, 51, 81),
(2114, 4, 97),
(2115, 37, 60),
(2116, 46, 43),
(2117, 86, 52),
(2118, 16, 19),
(2119, 75, 27),
(2120, 69, 87),
(2121, 52, 1),
(2122, 40, 70),
(2123, 45, 96),
(2124, 56, 35),
(2125, 25, 98),
(2126, 37, 62),
(2127, 9, 84),
(2128, 9, 39),
(2129, 31, 17),
(2130, 32, 11),
(2131, 13, 95),
(2132, 6, 72),
(2133, 75, 55),
(2134, 66, 80),
(2135, 14, 63),
(2136, 73, 14),
(2137, 82, 25),
(2138, 70, 29),
(2139, 74, 42),
(2140, 52, 58),
(2141, 46, 95),
(2142, 23, 50),
(2143, 81, 48),
(2144, 90, 17),
(2145, 76, 89),
(2146, 79, 52),
(2147, 97, 50),
(2148, 28, 88),
(2149, 60, 57),
(2150, 86, 93),
(2151, 18, 49),
(2152, 3, 3),
(2153, 31, 55),
(2154, 51, 18),
(2155, 66, 55),
(2156, 7, 44),
(2157, 45, 29),
(2158, 14, 74),
(2159, 96, 93),
(2160, 70, 27),
(2161, 33, 41),
(2162, 34, 29),
(2163, 1, 8),
(2164, 90, 67),
(2165, 88, 45),
(2166, 71, 76),
(2167, 31, 6),
(2168, 12, 22),
(2169, 55, 11),
(2170, 24, 31),
(2171, 31, 82),
(2172, 60, 13),
(2173, 55, 23),
(2174, 60, 22),
(2175, 80, 23),
(2176, 14, 8),
(2177, 37, 66),
(2178, 90, 15),
(2179, 90, 60),
(2180, 65, 53),
(2181, 87, 1),
(2182, 98, 87),
(2183, 54, 7),
(2184, 47, 68),
(2185, 45, 36),
(2186, 89, 37),
(2187, 49, 80),
(2188, 84, 36),
(2189, 96, 77),
(2190, 13, 62),
(2191, 64, 31),
(2192, 65, 13),
(2193, 39, 10),
(2194, 18, 72),
(2195, 71, 8),
(2196, 38, 44),
(2197, 78, 17),
(2198, 37, 75),
(2199, 82, 30),
(2200, 3, 92),
(2201, 25, 48),
(2202, 9, 56),
(2203, 2, 35),
(2204, 59, 92),
(2205, 70, 84),
(2206, 26, 21),
(2207, 18, 34),
(2208, 18, 32),
(2209, 62, 57),
(2210, 82, 15),
(2211, 20, 34),
(2212, 70, 1),
(2213, 49, 25),
(2214, 41, 27),
(2215, 47, 10),
(2216, 79, 96),
(2217, 61, 27),
(2218, 77, 91),
(2219, 90, 1),
(2220, 9, 26),
(2221, 3, 31),
(2222, 61, 53),
(2223, 67, 80),
(2224, 87, 14),
(2225, 68, 56),
(2226, 1, 22),
(2227, 13, 93),
(2228, 13, 73),
(2229, 44, 7),
(2230, 55, 21),
(2231, 1, 31),
(2232, 66, 76),
(2233, 18, 36),
(2234, 3, 96),
(2235, 18, 66),
(2236, 86, 2),
(2237, 88, 51),
(2238, 43, 88),
(2239, 74, 57),
(2240, 36, 51),
(2241, 82, 59),
(2242, 46, 66),
(2243, 27, 76),
(2244, 75, 52),
(2245, 21, 96),
(2246, 90, 46),
(2247, 23, 85),
(2248, 85, 78),
(2249, 56, 6),
(2250, 37, 85),
(2251, 96, 46),
(2252, 42, 49),
(2253, 41, 71),
(2254, 29, 36),
(2255, 46, 39),
(2256, 5, 77),
(2257, 63, 10),
(2258, 25, 50),
(2259, 41, 76),
(2260, 23, 76),
(2261, 46, 63),
(2262, 86, 46),
(2263, 84, 24),
(2264, 73, 19),
(2265, 41, 96),
(2266, 64, 19),
(2267, 42, 15),
(2268, 97, 82),
(2269, 25, 28),
(2270, 76, 60),
(2271, 55, 32),
(2272, 26, 66),
(2273, 7, 52),
(2274, 74, 5),
(2275, 26, 36),
(2276, 70, 7),
(2277, 5, 10),
(2278, 70, 10),
(2279, 41, 53),
(2280, 7, 70),
(2281, 20, 3),
(2282, 21, 40),
(2283, 35, 91),
(2284, 25, 20),
(2285, 17, 73),
(2286, 64, 26),
(2287, 27, 21),
(2288, 42, 73),
(2289, 12, 81),
(2290, 24, 58),
(2291, 44, 25),
(2292, 54, 23),
(2293, 16, 92),
(2294, 9, 94),
(2295, 48, 50),
(2296, 46, 57),
(2297, 12, 77),
(2298, 26, 80),
(2299, 40, 24),
(2300, 69, 44),
(2301, 40, 41),
(2302, 38, 35),
(2303, 55, 5),
(2304, 64, 96),
(2305, 75, 87),
(2306, 3, 16),
(2307, 43, 58),
(2308, 30, 55),
(2309, 14, 14),
(2310, 26, 13),
(2311, 71, 11),
(2312, 85, 87),
(2313, 48, 42),
(2314, 6, 18),
(2315, 76, 22),
(2316, 13, 35),
(2317, 18, 17),
(2318, 62, 10),
(2319, 32, 82),
(2320, 48, 73),
(2321, 76, 39),
(2322, 58, 85),
(2323, 27, 2),
(2324, 19, 90),
(2325, 30, 4),
(2326, 10, 38),
(2327, 79, 10),
(2328, 92, 18),
(2329, 63, 33),
(2331, 18, 35),
(2332, 35, 88),
(2333, 46, 88),
(2334, 35, 58),
(2335, 83, 22),
(2336, 22, 17),
(2337, 36, 68),
(2338, 9, 92),
(2339, 43, 36),
(2340, 96, 30),
(2341, 54, 61),
(2342, 35, 9),
(2343, 65, 1),
(2344, 41, 26),
(2345, 75, 59),
(2346, 4, 50),
(2347, 62, 11),
(2348, 59, 79),
(2349, 84, 39),
(2350, 40, 29),
(2351, 29, 48),
(2352, 46, 94),
(2353, 83, 95),
(2354, 19, 59),
(2355, 75, 73),
(2356, 15, 63),
(2357, 56, 46),
(2358, 53, 98),
(2359, 38, 53),
(2360, 63, 39),
(2361, 16, 7),
(2362, 69, 12),
(2363, 61, 61),
(2364, 28, 44),
(2365, 25, 57),
(2366, 15, 16),
(2367, 22, 87),
(2368, 98, 70),
(2369, 88, 11),
(2370, 43, 4),
(2371, 69, 26),
(2372, 71, 40),
(2373, 96, 98),
(2374, 35, 60),
(2375, 24, 49),
(2376, 91, 42),
(2377, 15, 41),
(2378, 95, 32),
(2379, 69, 28),
(2380, 58, 6),
(2381, 87, 20),
(2382, 21, 49),
(2383, 51, 63),
(2384, 39, 81),
(2385, 80, 41),
(2386, 72, 42),
(2387, 35, 73),
(2388, 58, 36),
(2389, 95, 56),
(2390, 97, 6),
(2391, 29, 4),
(2392, 5, 25),
(2393, 13, 16),
(2394, 98, 49),
(2395, 63, 86),
(2396, 53, 58),
(2397, 93, 22),
(2398, 1, 47),
(2399, 34, 88),
(2400, 87, 29),
(2401, 66, 17),
(2402, 3, 4),
(2403, 19, 18),
(2404, 74, 44),
(2405, 71, 22),
(2406, 40, 86),
(2407, 24, 44),
(2408, 61, 95),
(2409, 54, 10),
(2410, 36, 26),
(2411, 53, 79),
(2412, 45, 65),
(2413, 92, 21),
(2414, 47, 66),
(2415, 72, 19),
(2416, 60, 94),
(2417, 1, 1),
(2418, 51, 34),
(2419, 38, 70),
(2420, 44, 96),
(2421, 77, 62),
(2422, 94, 7),
(2423, 86, 8),
(2424, 65, 75),
(2425, 12, 93),
(2426, 78, 43),
(2427, 69, 62),
(2428, 5, 47),
(2429, 71, 94),
(2430, 78, 76),
(2431, 60, 23),
(2432, 47, 45),
(2433, 57, 60),
(2434, 21, 7),
(2435, 71, 93),
(2436, 62, 70),
(2437, 62, 84),
(2438, 21, 5),
(2439, 37, 2),
(2440, 46, 79),
(2441, 7, 90),
(2442, 96, 69),
(2443, 71, 21),
(2444, 79, 5),
(2445, 43, 43),
(2446, 11, 30),
(2447, 91, 16),
(2448, 94, 74),
(2449, 15, 55),
(2450, 33, 17),
(2451, 94, 65),
(2452, 93, 97),
(2453, 62, 73),
(2454, 72, 5),
(2455, 16, 32),
(2456, 14, 62),
(2457, 28, 12),
(2458, 18, 57),
(2459, 88, 98),
(2460, 6, 61),
(2461, 57, 93),
(2462, 85, 65),
(2463, 83, 5),
(2464, 56, 63),
(2465, 35, 53),
(2466, 62, 74),
(2470, 3, 55),
(2473, 3, 1),
(2474, 2, 46),
(2475, 9, 105),
(2476, 3, 34),
(2477, 103, 100),
(2478, 112, 100),
(2479, 112, 101),
(2480, 112, 102),
(2481, 112, 103),
(2482, 112, 105),
(2483, 112, 109),
(2485, 109, 100),
(2486, 109, 103),
(2487, 109, 101),
(2488, 109, 102),
(2489, 109, 105),
(2490, 102, 100),
(2491, 102, 101),
(2492, 102, 103),
(2493, 102, 105),
(2500, 2, 109),
(2501, 102, 109),
(2503, 102, 112),
(2505, 1, 109),
(2506, 109, 1),
(2507, 99, 112),
(2508, 99, 109),
(2509, 99, 109),
(2510, 99, 105),
(2526, 109, 112);

-- --------------------------------------------------------

--
-- Table structure for table `hashtag`
--

CREATE TABLE `hashtag` (
  `hashtagId` int NOT NULL,
  `name` varchar(100) NOT NULL,
  `amount` int NOT NULL,
  `picture` mediumtext
) ENGINE=InnoDB DEFAULT CHARSET=utf8mb4 COLLATE=utf8mb4_0900_ai_ci;

--
-- Dumping data for table `hashtag`
--

INSERT INTO `hashtag` (`hashtagId`, `name`, `amount`, `picture`) VALUES
(1, '#美食', 8, NULL),
(2, '#生活', 14, NULL),
(3, '#創作', 48, 'https://seeiebucket.s3.ap-northeast-1.amazonaws.com/0d839724-a03f-48b8-85e8-5eb7bdfa328e.png'),
(4, '#小說', 49, 'https://seeiebucket.s3.ap-northeast-1.amazonaws.com/679197d1-f8d9-4868-b049-37721b0d0f06.png'),
(5, '#插畫', 49, 'https://seeiebucket.s3.ap-northeast-1.amazonaws.com/c0a0f4fe-45a0-4b9e-bb77-51d7b08bacea.png'),
(6, '#心情', 48, NULL),
(7, '#區塊鏈', 42, NULL),
(8, '#投資', 17, NULL),
(9, '#生活娛樂', 6, NULL),
(10, '#感情', 29, NULL),
(11, '#求職', 3, 'https://seeiebucket.s3.ap-northeast-1.amazonaws.com/25c8f8f6-e26a-47f7-bef0-a6898364e130.png'),
(12, '#學院', 2, NULL),
(13, '求職', 11, NULL),
(14, '運動', 11, NULL),
(15, 'qqqqq,eeeee', 1, NULL),
(16, 'qqqqq', 1, NULL),
(17, '區塊鏈,', 10, NULL),
(18, '投資', 13, NULL),
(19, '創作,', 17, NULL),
(20, '區塊鏈', 15, NULL),
(21, '投資,', 10, NULL),
(22, '感情', 6, NULL),
(23, '感情,', 3, NULL),
(24, '小說,', 33, NULL),
(25, '插畫,', 27, NULL),
(26, '生活娛樂', 11, NULL),
(27, '心情,', 1, NULL),
(28, '心情,', 1, NULL),
(29, '心情', 33, NULL),
(30, '插畫', 28, NULL),
(31, '小說', 19, NULL),
(32, '美食', 17, NULL),
(33, '生活,', 24, NULL),
(34, '創作', 23, NULL),
(35, '生活', 26, NULL),
(36, '青年', 8, NULL),
(37, '社區', 8, NULL),
(38, '工作分享經驗', 8, NULL),
(39, '[object Object],[object Object],[object Object],[object Object],[object Object]', 1, NULL),
(40, '[object Object],[object Object]', 2, NULL),
(41, '[object Object],[object Object],[object Object]', 1, NULL),
(42, '[object Object]', 8, NULL),
(43, '生活娛樂,', 8, NULL),
(44, '美食,', 3, NULL);

-- --------------------------------------------------------

--
-- Table structure for table `reply`
--

CREATE TABLE `reply` (
  `replyId` int NOT NULL,
  `threadId` int DEFAULT NULL,
  `userId` int DEFAULT NULL,
  `content` varchar(1000) DEFAULT NULL,
  `createdAt` timestamp NULL DEFAULT NULL,
  `picture` blob,
  `loveCount` int DEFAULT '0'
) ENGINE=InnoDB DEFAULT CHARSET=utf8mb4 COLLATE=utf8mb4_0900_ai_ci;

--
-- Dumping data for table `reply`
--

INSERT INTO `reply` (`replyId`, `threadId`, `userId`, `content`, `createdAt`, `picture`, `loveCount`) VALUES
(1, 48, 43, '多也新些們是造身被適這能個力\n，著隊工機是價\n能環要從技中的速的普實注間不可了作並合同環，出也和要夠彈為多遠一\n，之了，步變提的。。智工，序造快代需同的先值的變境的人時全我讓時機們著要工機效我競程激中和性創一提響是量節，大現另遠先議的性個提另些的', '2023-06-29 10:22:31', NULL, 767),
(2, 13, 35, '的統境成生讓，球讓作代和觀然展另會通平序戰團並平挑的些來中且要多些作也險全任而戰讓多機需和團重機創作。大先變另題與了隨機是的的間節技中個，。觀作價多造能著了這的挑而展的變新\n代機自，時。。。提更生隨\n挑讓環提化開能。習，標的善\n能的被的升隊更。\n的的也新速會善習巨精環和機作。化升多科活，作是們時注協創合', '2023-06-29 10:22:31', NULL, 790),
(3, 1, 31, '中是是也現團多的我個題也著些大自著同另會後技作技能傳精們越的發了。在著力隊工善要需夠元間。理的要變隊目，作挑學持己理。適最我好隊的開代要能以不\n性時從作帶間變之機點機題意多善團和創重\n。味代合能對多帶。發創環同\n應作能式，遠一爭生標是合作隊而了大我中代習健活的', '2023-06-29 10:22:31', NULL, 647),
(4, 49, 7, '利需解是戰合工的和，造間們場的善重快些快球後意一多需的們多的身量生調和會越技出中的。和求要隊可作標務和。不提這需也是變的戰讓此工管能被們是衡術變協重們取挑時是化臨更境序的，中變且了創享響來的個隊我創平業風的。化作能普職機也和議會。善團臨來求力境正可技。境科挑彈代機味放的釋性工發，作工中能\n然和同的。需結要時於', '2023-06-29 10:22:31', NULL, 864),
(5, 8, 6, '越主已好，，化式而要。革這創新的的市來的。已定時創夠提化點來我隊任是率人一。。速間變要作。應的們利帶，速的。創團需立步。間臨技學與，元間生。的們的些主題進出會建了革索效要平力新工作不來是節的新更正要同是同培而\n來景的代衡率合性也來一此們化臨工性們多。工\n來著工的改性，性動會會養因人提我略彈巨也時並也務場學管環程發背從間市能。理間能要之會主著發在被學此於和注、創。術需會會的。發是', '2023-06-29 10:22:31', NULL, 380),
(6, 23, 32, '環，帶另忙，我另和需工科量成節得中的合也術了著機也戰理重不也部學同這活戰\n於的能性先協團可另著團問保變正培市間對變造創的模意在釋處要要的應的開大，設共來隊來繁工多被造的率價味量競也一應間是從的這一一', '2023-06-29 10:22:31', NULL, 307),
(7, 9, 21, '作工要代要。序場新間的保多爭協夠好的進對最一，科越需也的求多活要帶。們，。戰的。理外為也的應中應會的保工革工持化的工響另作的球多競。索會，會以，人化且率隊時技合會大更定自技之們工來元創，面化多的利也新繁任爭新和取管調生最影力據場技身新變活我題也創正我良、的技也隊們。對我同革力為作環會為。意現個課是忙會在技。是和\n', '2023-06-29 10:22:31', NULL, 394),
(8, 33, 1, '，創享學節的和任值帶是的元設在全和的求。和，提的中在能間戰啟團工的的協學，工戰，中的的奏是力此更新造隨巨工是一一議現間。需設來力我動求調重面的個來現平且適化在激了些共工成更創力從現傳理。的重作管多景創重隊觀力。夠', '2023-06-29 10:22:32', NULL, 48),
(9, 25, 21, '，了務，的們越釋大對智生要們了的節的間作隨據在是進速團處術和，學們和正注忙能作，的機能要通和代越挑作，。是們速和挑和會會生，養挑步一會了題的工性機速也面很代和要專協善結我生帶的臨出更工中作的生和競應新科創與大市作著這作重重工以間數球會和，更需激活也許作。機管的技會我戰。', '2023-06-29 10:22:32', NULL, 59),
(10, 15, 44, '的構些工也工要率的更也的順競應的境變能工和時題議間生觀注適來探險工用技和一的的理們觀任著，養這作出，觀技團\n工共應們戰適題我統需技，，的略會一這是先作正善烈間。戰風多正隊應。值們間風得的作工\n觀機全\n', '2023-06-29 10:22:32', NULL, 151),
(11, 15, 17, '全更們科性工會團著團的工、展社據提的造帶背是點個們享而協多。，我。設活戰務速精一忙序工越要先們戰定出的能讓改。和響為序和創要實，也化的出此不不化重時出衡優需了性機展是。探能的同，心現最效順造繁進工來，化。變傳是元個共化速是工外是新的景職學造\n', '2023-06-29 10:22:32', NULL, 577),
(12, 26, 26, '代。，能代據了優。自溝\n的重中量作巨工意順在同同自間速的景們技工值會化工了處這作的時們著理得生越們，科彈以作意專工時會會會中順的味的間和速，普作務', '2023-06-29 10:22:32', NULL, 433),
(13, 45, 17, '挑需背程機個。善工更用科們工奏機現良造機協創遠實結現立們團著一們共的會的我調作不觀快。實變工了們\n的從。重量，。多務臨。工處值許們，的和會合在力一專們重為環彈工代，隊。作', '2023-06-29 10:22:32', NULL, 434),
(14, 24, 13, '作我而立們價更機作著，我讓傳時們定了市的用挑學業作，能部中些溝讓的們專更也奏作速得競的快一隊而這率應作需後重的生', '2023-06-29 10:22:32', NULL, 869),
(15, 9, 6, '作間。會要科良要構工及好合健後，工技\n遠個活發變。的精成的新大會釋挑要衡溝新個爭協環的題，們好的發代先許了這的和觀並化\n管們境設也', '2023-06-29 10:22:32', NULL, 42),
(16, 13, 12, '團我統性。是和對。對了。變作\n保\n是化也活力順享來險程中了正量戰工來新遠處題理，重，意間學\n著的得創需務設精斷個之工，式創們景模作，展工讓會標需健這，及。會，化要作多', '2023-06-29 10:22:32', NULL, 603),
(17, 5, 18, '立設工現科應的作的團量性大更序活化一自時臨作在培們要的戰個同價保機，健一活中新性開的戰這也問更持主元從更隊力保化面定更新調學培心造為遠健和善和來速要臨技烈全時並，能的化改重重會一作時工。的理職們，隊最些適和技的我工們爭要人機工同與能式觀數時另的取的需力略的的持技了這提在多機通技隊對正不要\n力協作是。們已平生變，智的以和要，巨式的的的和略們作建而了越隊要之這的索戰，了作需境工技', '2023-06-29 10:22:32', NULL, 889),
(18, 6, 2, '智會供衡。求模的是代\n我要影啟精\n衡先臨模多任觀，求觀\n得成觀意化生和可定們科個越來造溝意外造\n化釋，\n化另多也和力和。數和術巨的元更的工著現。戰工能取處的而作', '2023-06-29 10:22:32', NULL, 636),
(19, 3, 46, '。挑之通變為力這機化用機更中結會也我點和作設力效面，們模現\n傳和能個生團更風也些著斷數而境快臨的適自。我。注被時共平力的另需我的是學會團構需科風。發力不來得一標索要技可目一理合也爭個速效會出作序提之', '2023-06-29 10:22:32', NULL, 512),
(20, 4, 45, '重挑的創戰挑用全。和元分們良量和從健以專，作結作性。為。自業模的\n職的們作戰力合建間了先了通更很我戰溝\n個的快，正時作社變作題代。作個啟及協我中好活險術利團衡挑\n要。面隊團的的，術和更和理會因的活進的激持化團奏外改變解性，個。要隊險，我，的', '2023-06-29 10:22:33', NULL, 653),
(21, 36, 27, '\n好共作著代同需能。數同，風工應間。學一在活要性作機在設作需標風性的作同於化來作技爭代求現個們進這挑展適心是以與戰注傳影新要取是力要些進團率們些很們能快場，環任和現職對個隊的工。科人工作好活構\n作式要可場作了來速機\n\n化多會著也時得工率，社據，能人是，序這工，，能要團工們的速學境理理場，理，作養的出著。們新我技從', '2023-06-29 10:22:33', NULL, 728),
(22, 10, 29, '注一習需背和作隊任觀從。處需的大們個市在以率帶代。機是的不大一外健速的快著代式性帶很化，用自了之要工爭工間放。越些設生一技善巨實。力些風科的的成新理精的處議力代的要外代是彈著智是協可決理變同更這創動作能中序的作主享適們工帶，是時我作些時是來合奏的快工在我這工式享。代和機越，被此時，意點步能享現的化\n這來們作定索代我任爭且溝適量效也放活供需會代。保多們共斷精們而力題越速大', '2023-06-29 10:22:33', NULL, 679),
(23, 5, 10, '先作更工隊忙個略夠最健結此作的讓同持提的了需會激個的放的應們機提新，我隊戰團衡，作挑序。在需時，以背化處間和多多的。的這活戰味這技和性，。多一序同我同影化夠標己現，會也新影身', '2023-06-29 10:22:33', NULL, 211),
(24, 14, 12, '效開技技結個任培。據工、大工結價時中要中人良的。和技優提造是不也然需會。作多立的同。隊身我遠升速一會。作間速建工活彈和，是同另為，挑也程隊技和面科化題生團革會斷任現現越定作也的機的問隨和身改也工性工效現發務協索團這可決要。和工據個觀而變後\n程，以要自此略主變個造了合市著效帶一個實理我和。', '2023-06-29 10:22:33', NULL, 17),
(25, 49, 33, '統來著的機的革。和全通能以與戰代多生提的著注，、能機中工讓我創定可。烈協挑了中作，著模一隊創放務來遠值挑風\n題數部出供全人的一在作新，。外響傳理以提普衡注活化了要我們團順共作變要中活隊課正提許大，習工科結\n而放很的力意和同變競。中能科速注創能啟一間機共化。中傳。需以健據活工們健些技的的進市背自工中要大人們是的放代挑全時序職這中提而求改機的也大構工。風的要的代作動現', '2023-06-29 10:22:33', NULL, 454),
(26, 42, 34, '著模，新間們開在此用數會學烈及境帶\n創奏序目能間技普代的和學需會主的並的的新我。和和的團夠一我的要以據務普是式中現是是和改越，現烈從性享多些我，著的觀現了設統的著環協後全化據中彈工主從然作智而要一取多適的能一科了更造要隊，需業被生和業造著結們培挑隊工臨全境生探值提繁我成中的問量同需化景定作化工會在率', '2023-06-29 10:22:33', NULL, 216),
(27, 9, 34, '速技工協，作提和很是會味點活。是科我開工團在學代而的我需活要會自的需現和能略平平。心建些衡發的並啟能而機傳戰。好改也的求來不工化帶個精觀的這間合。多會提最多團化另作造作傳的會一也已。團作社多作時衡這我為衡來先，任工。重新，\n而', '2023-06-29 10:22:33', NULL, 716),
(28, 38, 45, '團活風同取我著機們社不的用合後讓重習多我創創己機。的在工的響和多時我、用的活。步戰的夠\n立科可和了造。會需需新戰個活工。節需身的我，，多作隊時在們創這遠應對科挑量實同的要好更要衡程，帶一全的。工越工的同此時戰。通持開可處工。作會，從更代，通智。發一技了彈的分構不的健康平適來作著需險業精和間。活供時變遠作提作味市人機響。重建環現題時量略也優不和意要進造間學技調繁作中人，題造標', '2023-06-29 10:22:33', NULL, 935),
(29, 9, 31, '性能性放普團變\n機讓化這作在性化這模戰統，隊了另先團點這被戰。個時作工出越，造代持議變市中。科創快己學要化性值活工生衡彈智工了。力\n我生化問業這。現可善們是新目風設另放多一的團是外釋分的挑面。們作變對球且\n合適活化好問新們機戰改挑的和以工革來間烈提社多發的術作合率需節，是了我景，要活這專面程和因和作身。現越隨來先\n更需此自會們學議職題而和目間工正我', '2023-06-29 10:22:33', NULL, 526),
(30, 27, 36, '力，不會部。。這風之專大職自彈\n，創也與科學這\n工和和且這衡中自挑理中式題會化要需讓創機應，夠好啟在現\n的保。對後效這應結隨創而變。工時同構發\n協以優調協的\n來團作求的及智享可是智需精，的夠的代大值技，。需隊多工來求中、造而多。工索設，活了，來更時的的遠。代了，取合社在和應的', '2023-06-29 10:22:33', NULL, 822),
(31, 24, 33, '間的性。的也創革會衡大工同普革著良求可機時挑更題能正們是提我改以了題作，變工險索觀和作代來險，數影因要影場，在改大的決好越理供。環理活是個作，發觀求會技中代的而新然會定解康環快代境另從們的。著團化工更代代著場。。動活是需學們取管習的成、得人中。\n隊和並爭技的個而，創利，了', '2023-06-29 10:22:34', NULL, 534),
(32, 25, 21, '個重了並理，而。機團工們現多點能們需開和建\n工是一發爭智創們多和隊變也越中率\n通更自而求目目技中康的創進而工且的。在一題造一的能是\n環實學平我不作外作身戰提是代理', '2023-06-29 10:22:34', NULL, 201),
(33, 50, 34, '動中意，習中科間，工平忙養個課數和從面點社正現會科身變提作會之數數展團和價的的團和傳的持間探價要的作。創求代作造的作們好釋務我代大讓和了團價工力和的而我多更們工間對機略也人在更技的這題價要值新調工據能更需。同著現要管職代我身機', '2023-06-29 10:22:34', NULL, 404),
(34, 37, 49, '和個我和科人力現和，活好生序力工們一且平主式時個養得。科被的這理是力理要面工構先處，\n是處平求創能。順構。科衡工革應和的力的們作是間時對同，性任間模在隨機力了節代能們這們良些和應工因觀要我而同任略。提味個這時升\n造烈，的身和作時境多之另解帶斷作。會斷們能也能也現活更技夠自設作我工工，許化模能。理好好', '2023-06-29 10:22:34', NULL, 418),
(35, 25, 44, '作個作會。的後機也作\n我。衡科結烈創是生現的良，現風能需己課變適現索注而構重先現變優技的創定平後面和隨。和。健，變分，適為，更風後題會可意變很的著需多代作。隊的們創持是彈，的的從力\n隊會的隨持彈中動的們變。我我。可且這而的間需要會\n並隨。不我提', '2023-06-29 10:22:34', NULL, 875),
(36, 30, 3, '的忙同展的來及適速。，這的職。活工作和一和也意化的機和是科新作術善，，主\n已中得境新個生現隨健務作響大力和，利技工的創新力提烈會們機康要來是變新多造速代立題發標這取', '2023-06-29 10:22:34', NULL, 120),
(37, 46, 11, '工課間，，且爭很作。主協隊遠，著供構。一這和工個時工中提同人優\n，求，一先工求現身間了，作化以這，會會多夠了值供。改工中，習元巨。對一團生了的的景理平結的後需變隊。機機中活能這', '2023-06-29 10:22:34', NULL, 975),
(38, 34, 44, '生時帶一。環隨工這創更創多變工解現求為來了創中題管養提帶在。職活好需社作數求設們機能戰機也的競斷的好，據需。這中們球放意應力此的會力正響作要機己合更這挑智影學己的作題社求設。臨要在智變，時展也和題養良活平自身挑會社夠工大工略出工建我時快許隨工的來，遠代成越能作題工們市一應和先。要的職取精，和的和好先正目作開\n個另力們提技序價', '2023-06-29 10:22:34', NULL, 516),
(39, 48, 34, '變挑要作讓挑\n求的數快作遠技性會量。一要我會現展對變的提職的持應作開開我技議讓在需時之間時全帶好術作更提先', '2023-06-29 10:22:34', NULL, 654),
(40, 9, 44, '先之我從，略奏我供\n這作提正性創\n據代科求隊們，能工來，決也成用以的隊科一、問個間節爭順多味背團\n個和然快的。的正要調隊化結力們也的間速提用創提活這提速點著同我間的作同化精，處會也這的現同的處工技培技工點\n，提保的正協因現衡的放力我也會我的這隨而順更能夠也以題統因們。間元要先個的和多的正同於實此工後題這機保代的。。平享力個們，現進現這更著力要注', '2023-06-29 10:22:34', NULL, 721),
(41, 19, 41, '學了對題好不要因啟理許，工與題來戰境市在自人戰最和性習們。的而一新康間機新同作工管需立，要新效大間，更價奏時技要需變，正中，的議傳工科。了間構且我繁能\n，在同協和更隊快優遠康化的智們探的持了作的需們動在同務我觀時工立元是因要利點人這的作工味挑生力，生注響與動來會隨造些越利快一此', '2023-06-29 10:22:34', NULL, 643),
(42, 25, 7, '，很個享略是了業的的。。應作。的越保啟據衡以。要越也彈。帶合和也，管需著是\n化要的我活作工普中景時力工繁個新的們場新化普自務也，能探能。了己立能們的要提平彈很現工。中的也學溝，的己間一為造的，一們創作彈。出技。\n與序彈供能團升是精化些序身式應時團一活作個略之會，的，數平們，的團。帶我能', '2023-06-29 10:22:35', NULL, 52),
(43, 38, 28, '，現背中最帶模們戰。\n。間會變標代需全處課激球些任作變了大戰的己現我平標越代並團的效的作專持我個繁、激面升風團我多我開隨供全和化而職量是現可這時來景。激戰不不式臨的現養，題開和化的也式我作境調善些可作更\n這代放協化。大工要們。此。。效同團同代時業進\n需能隨多間能們創。作隊影同風、境議們現的。值因求注味機一技來提全。因善作來戰學', '2023-06-29 10:22:35', NULL, 332),
(44, 29, 13, '的務著們快點來。著我同需作對會標作中也。\n大。心於展們技一分作許要多越們性會活我和化心新的個一間變工機，模奏造。意的能造習場工機現的值為一溝戰。工我步率。能，\n現戰變更作題境精最以性和精立間，生響，且作隨團會會能題順提些價，環團的實忙效求代因我也作和衡和和全忙會競生新會間和同分化一是，能著，對學', '2023-06-29 10:22:35', NULL, 501),
(45, 43, 31, '合力風作也理，，的間平能的間，需之的球自奏工協的挑速能協背也工的速間帶建們我協景應作現化快應我球技新和的發變巨更團步的來這的。序。越會學之了自的工了已化中和技會工作目的身意發課活，個此能處然，已務作工這也。，這科現步步科機步越的結而戰們新智與求的另持和工這戰協身意正的優能能我據技略，，。任人了作造生題的課作需革能作程。的會定遠題後因戰團的著。可點我正價一社工持也', '2023-06-29 10:22:35', NULL, 510),
(46, 24, 5, '享活的化間全時，要化多適理一全時面更溝們險式帶的職要現標放同化烈，。的。，個議課化挑帶活了的率我身變升解', '2023-06-29 10:22:35', NULL, 47),
(47, 9, 11, '們新和新提也和作的間普味先間適會斷市多工也作因們的間大，戰速性求此同作最技自了作同\n們作景展。作要\n快培節科境工實數的提傳務。機需戰決活要且業作，傳這的時也境活現同對', '2023-06-29 10:22:35', NULL, 704),
(48, 8, 30, '對。來帶管升保間協會職間目不競同的間變代出。我也率創求的更保作著帶發這\n率重正且構正升我學工代。個及性會味要人和彈團和會精風率\n和養也。正是提學活也管。斷務，會作點最工的在團我革這著間此', '2023-06-29 10:22:35', NULL, 377),
(49, 2, 16, '會和需們和新也，時康大職我在代平工來。險意啟快，的最結，速遠同的觀也創時個觀活作重工性生更。並的技生更在之越境人創標會術，學是的我供元和會面來多化作的作動理另作先的最的需和和學夠速機和會也\n因隊能隊來化創出標要\n現現團在這的會於，職外工新能多化彈斷的們，一要且提和們作競性我為生間同這觀\n應建間隊大，多性序\n活作管也之也時作彈工快作間先工們中題革激觀會出在、。康生值些代而值職的機是技分進的讓的', '2023-06-29 10:22:35', NULL, 774),
(50, 46, 15, '通會技享作我\n來戰著越工後我\n能的越作性變衡也和來普取的工活改一彈科因然智中升一新自求元也隊繁是的更平決我我量通會目工的我的好注大能讓的作求也和構出重需讓衡是帶變的的優索可們戰不時後速我模多我，作工值作協來更且普時而為團也取供技最險和。主的，們代的帶作作也動讓，多化和帶們作不。求需變好建任多順需戰代多險，衡題人時', '2023-06-29 10:22:35', NULL, 737),
(52, 17, 62, '了需更適這健間技，此了要動夠和著及我平中能造帶目在活社式斷們讓元速性變個的取化展，\n代題需著作的率帶也和然啟以我術。而許面決觀科能利的工。需，背激式。現和團。技著中的奏且這而工全奏解改很隊展快\n全提。平遠間力求理挑場的多的了性術重傳活現環作和。的意會培個生生。，工出供一', '2023-06-30 22:31:21', NULL, 365),
(53, 19, 93, '我夠外協會心活全會戰越代發了點、持隨的學帶的更了適背化奏應已團在另學能造著作工專職戰團中作境，，為些也智是變標以，需的來環己和之自後，景改力現節意生個衡會變多作工一而發作時的的被隨化來良。隊業身和作生這新。更會。人造時激場變時平創要來健作此速，協多和變不些中生代索時在是造衡的議著。生作活一來統時的科\n展了和來，彈越這這讓會這變我節略科要些職問取需善隨會協現新工，，習也一和應中分優取和代現同險', '2023-06-30 22:31:21', NULL, 612),
(55, 13, 53, '們代化新可這。的許場的和能標用一我也的，。良的風。隊能的要環平\n的觀作時序價和用中團也力最，隨而多和激活作我最活科而我也的和一挑以是開平斷。個間，戰中作\n的中更活時提創的。團，己許普調衡且現另和對戰觀這環正們的一要理了創要的化以合得大，對工任化遠外能景同生提作作爭正們些創心身。結作平觀', '2023-06-30 22:36:16', NULL, 963),
(56, 31, 92, '優動觀化著味作此作代心康，個步時機了時生是以造\n\n。環，的。景力們時從時要活工會大造新術更需，持啟，的我和化變、一順和心我\n議的此要優同中，活與正課團培化建面越性會中可這速，性更展的和觀和、優不，機工，我數的彈標的進處於時會為我可臨險學之，機享隨讓的索快動解值設好務現工會人的，著機工來重同後作觀機作作也作要我務們挑來在，帶變些，科共的的主\n社探們更更作持。作釋作挑隨的業的，的任中。序', '2023-06-30 22:36:16', NULL, 981),
(57, 67, 19, '然\n從溝和的作務力同也成也作團更需和先險是斷作造我隨序科作場的著且衡\n間帶\n性術而和因，中快立\n。代也險任課了部臨也\n要及注中工得造作供革科平遠我也和是以的索現力多技烈了著中探而和能題創管造激作作求的統。解活大而設作帶力們動\n康標習也之會', '2023-06-30 22:36:16', NULL, 13),
(58, 41, 17, '不人能變已生場時，身的競的背中改理科創在代康重略化要得一目代而康人多力個要爭\n程大來理觀生帶重了需活科點此\n爭科而是不快間快衡取的性要已動也工', '2023-06-30 22:36:16', NULL, 121),
(59, 25, 17, '的因工技最和工為。善時作我。工後場自先間學，團大個工個學個夠力的點。來造會技性，、的作的作技不工我科工生也工們戰力、這戰心。提現作讓的處任一工這烈作現從，機，的團，我和點斷力技先率的工的價時的要許需課，序時理重，一機，，可', '2023-06-30 22:36:16', NULL, 568),
(60, 30, 76, '遠個這時生和的習一作。\n我良造社力作這及重工戰構提戰也這善作代正化風創平利業部隊境合現。應要利工價，來利工工會多求，發和工變和挑。節成同隊間構建繁的和標性時對更斷務衡，展個構作更觀業身速精順點挑。，活模，先意多代應我生同要面時從的越力要的多個工烈要代統工被會在可是據利臨工了而的的', '2023-06-30 22:36:16', NULL, 477),
(61, 38, 18, '觀解的在我程釋好統戰作的創科代團科大另解作\n因略值作順設們的釋速技化步繁。管風人的隊團課機略化決面工和用了求的作力臨善從衡速外好激中代作烈和快分和們會生因這讓供人意外數時觀的及變也力隨力影保', '2023-06-30 22:36:16', NULL, 679),
(62, 2, 20, '創的們個出中被創也會同統學科現供工會的傳活節結更現的合需健展先一作，遠創們險帶構工巨變。和合著好性時作時作現工間啟的團意技最隨。革合力合時是大。普與和的技以和時能的好的，力風間們習中而發問戰化保同工遠大和來一已。的求的隨和展來。著和和造速後平工機議效作後的衡', '2023-06-30 22:36:17', NULL, 963),
(63, 23, 23, '，味用大是。讓合的工境中點而夠工以作重發影的且。程代釋這能應們是許我革工技先斷險多市隊學很斷然的享的也夠決好健們來和養然習創，主。著是個化一隊些，及著面的力平遠團。間代', '2023-06-30 22:36:17', NULL, 779),
(64, 10, 34, '一影來我工們時來身術工這競。夠團活人作面略後會養環變爭時快\n\n創好作價出外好適這活、善。更活因能以來作統作因。學生的建題\n作和部機時來創造優務動專合注了並速工遠現團要團術理讓力提力創略題些正多己與烈多是，不境', '2023-06-30 22:36:17', NULL, 5),
(65, 63, 75, '。。化工工間風適和速來來程任決代和率值我間的讓釋機養作工平。們多多善，一更，解據個程展戰技康挑利和越', '2023-06-30 22:36:17', NULL, 687),
(66, 61, 58, '是在創的的時以會工的管己化。的己會\n從供團享在改作點序從作技速造出生科，來戰力同工烈工平重需很在能而是為科決工在時們時會作求能和奏構作問力和間些的力機造多的來作讓，作', '2023-06-30 22:36:17', NULL, 420),
(67, 11, 66, '來戰發提忙，。在。是市的序作些，的的們健新為的了作習也提管也數數元自\n帶技決和\n人險要\n是性科也多解工些越團這管需們此和競隊隊個被時衡來。和理工主，的，因更來構會是意目實造在市。。因創升生在是\n題遠一的這革工些專動時點時從作效衡工溝探題我此，我工工釋作多立專重也的設目另活重變。代供多從探工應機題中，技大一。化響科背工是效多的\n', '2023-06-30 22:36:17', NULL, 40),
(68, 44, 35, '和應。量著技我工巨作\n生性溝性彈了們的改自化科會力在變們需傳作了的模戰處人景多化和化自遠題化作會技提機著大。習和環優術課', '2023-06-30 22:36:17', NULL, 939),
(69, 60, 21, '傳探智工題工提和的們良保和越環來\n用好在許是團新化。工我創景越的我工適平任景優。們，對也帶工現共這於作我提健以的的和革挑技量中們要，而效要團而放注作變培技烈為創繁多創時中時的和的性，', '2023-06-30 22:36:17', NULL, 573),
(70, 49, 6, '更立性奏我效挑科，會之的分點創能持創，職於挑和己一工代重的，很和面調學了的而球們，更機也\n索我社務培適分在能代持序。工變環現力之且的平平適和後個的從，在要傳數重發活化了協成一創，的自中讓臨優會化要的工從，應，戰展需', '2023-06-30 22:36:17', NULL, 47),
(71, 37, 3, '間中快任的。定全己自協設共夠議順影變作更快社團與精技出工革生釋出最。要是技工程我因精代工、，提意隊需的數了工是，，式要。也題們務多帶會略這後先的市統的共自著時和彈中提更響\n和成和的大略戰理，我求們最我的構普，目科多彈作的溝作的工工險讓進任作能中戰構', '2023-06-30 22:36:17', NULL, 517),
(72, 10, 46, '作也來智作值題，略來此性造中們作序的間供代性間間生代技升學斷在技構的也作，多間程景，的代時的正激力新的養自意啟的要在平工康的我活們需代正及作多為背。職了會課目會而自技我，自能一巨學因而機的，培奏，重更了康而的會因力和工學於共和習。速的，立動化議和力可作主社新要需著調更環來戰彈個務善構一作。，工的的不作為造。著持臨管們是，，意遠了我技良變步人多且境提而的的中的平很然面同，化，利的要值。和協略據造不議', '2023-06-30 22:36:18', NULL, 443),
(73, 11, 47, '我溝的著了身隨烈化作們提也們和的間另部的於時這另新的同多啟活也帶代需們戰活另，專讓會多善然式同保的的在標的化的隊工設課展之工和已工更變最這時作同們工。的。', '2023-06-30 22:36:18', NULL, 665),
(74, 13, 38, '業隊革我作工結和作\n帶與而主創們和率另作代意隊在多且新康科技是衡著帶遠，處題然也味力隨平升務是力的於些為活工我夠彈影應，良在目工適活成量會代重快多的是之的的這能習意後造提帶和作繁新巨', '2023-06-30 22:36:18', NULL, 996),
(75, 21, 51, '部點題要工要們更衡是性更時且，，的展作們技此了優現需的造和學取境時影，爭得然平同夠與些平作作分來力外的另了。更，我了略的以現此力更活需好題，\n中觀養於。對人此隊斷，作工些平發要了要個的。的快。境已會們\n速，環，升正激和很時快實的同需一生決背力來時題也和業先在多很能構速不多在技我作改，了學作大會力應普分解作一', '2023-06-30 22:36:18', NULL, 981),
(76, 32, 39, '觀改，作用課能展統點而來自和的的工快的景會，會。要一隨一來主時利，量。工多景化了來會了間力而，進能新一力享挑的變遠隨解間忙技', '2023-06-30 22:36:18', NULL, 919),
(77, 64, 7, '普的普很作題隊工代利\n時險會模改也多面後了。代化以。和是觀化。化響活速。我性技中忙活，中技部要點我們需著作活越景的競生身戰目和能和會是中是成作作良。的中。的響團以團供創我工作發好挑團索先也科不面隨在的的得多險技工全影好了另代團工了發生機。場實展率機重工正中。任需生可意們注的更是多應題在自隨數們力目設先中越要的風更展數設和', '2023-06-30 22:36:18', NULL, 653),
(78, 70, 57, '構現\n著和工的和的步另求的提隊。中中成利性題協正個成、新人革化己社。斷、代夠力作元能時技，業外工，。出大工工提爭康一應也大戰，多響協和造來帶一技，場變一快需設，善問工力個要新要的是來管職的，定。正後改造和另學身化', '2023-06-30 22:36:18', NULL, 506),
(79, 71, 87, '定現個作一爭造，和與改能的技些們這風能和要。著多習需節術團應我現中作奏了們效工變善能從境是們中。觀爭建不來決遠是同此創升，也性環作一而和性主代而心因間是，，作此影的個的作作彈代會影現時們也傳夠價放工越立題現，一習這我些目保培和。工響數心。構索工和我是管會\n力間間革構作多也大多學技點', '2023-06-30 22:36:18', NULL, 570),
(80, 15, 35, '的標改技同技快技的夠能元些的務著的的能觀來多合作作間要提味會更烈構效們的要工意作能為工為式。化另啟發間求培現的技作我作術己。需作作中化彈隨，以性', '2023-06-30 22:36:19', NULL, 333),
(81, 71, 11, '建的一時合要實來，的索。隊的後好隊力的的。，個化意平統景了主探隊的會工時中的順，以意我。合們同中正多意式。球力作略工多隊，效，化響及的，作', '2023-06-30 22:36:19', NULL, 955),
(82, 13, 30, '和也化的身於後在新進為提臨\n技，個變們\n創隊。的普。和這工能，代持這技在養戰注造來從創化對程我在注作化革，作個也同著求造動，夠。會業多技，。代烈設業巨烈一挑我速以能合被科的順作我我正從們隊', '2023-06-30 22:36:19', NULL, 773),
(83, 5, 30, '活戰工影個要然好越的新會協市要一們生工技，量現生啟作間更性在現更。這人和代要來好力協多隊值，的，的工工，統一間很現標現求價會展間處團，工創工，題科間要另在這實略對保風變出課作建的時作自力管作一升力讓標得\n溝動中市和要會更和來隊和量求序時能夠個的是', '2023-06-30 22:36:19', NULL, 999),
(84, 23, 47, '學然。斷正快更。生而良平的會的力後和新巨時平，工戰已發作自機是多來良然機在因數取了力取也我的和的實快己數。務工智處戰和的一同對響生現工升', '2023-06-30 22:36:19', NULL, 678),
(85, 54, 96, '工式技，的要節大，挑些力們速巨速變能索作風成烈新進合點隊更工帶然作，快些多會略提作設來讓，釋新對保生溝心機著活作', '2023-06-30 22:36:19', NULL, 393),
(86, 9, 88, '機代們可險性個個利多奏最帶合了性工作社隊間普的後持忙，習，理的會於戰以性習在代隨不戰們的團先在，和景挑是以保來來會新工要能化機烈一。會工要技團重課要科這快的是一，心工需的，觀間性更市變需\n。的衡。需風的釋和工中時工作放可能不享同作結。這和觀', '2023-06-30 22:36:19', NULL, 930),
(87, 42, 13, '隊是激也在生隨於\n科現培隊來，響，多和能環也結環來協這著，正的量著一人動。\n時適這從變溝共進多工先順作性生。作啟開。。現衡在與些化的提的代我大是間學立的工，需數速學的全作作業從的也同科我善，新讓，和繁時是元另不的學是力面的成', '2023-06-30 22:36:19', NULL, 469),
(88, 16, 88, '戰解\n求間工我的。元著來，造造享心是據新意著享戰來巨的創要\n及作作進在，應技\n造點創作作了工競代我作著了和，，帶。創的\n技間變要要', '2023-06-30 22:36:19', NULL, 556),
(89, 38, 16, '一可代化境創技利創新管大為善衡團的會略些術\n更能新會作巨生量放著工重斷此，造更我技釋團，變要養需不務科戰些們工一和臨們正，而協分同傳味的。和很激，個後大是另\n會另康間求。放', '2023-06-30 22:36:19', NULL, 372),
(90, 37, 22, '一快了要景是變戰和現工然景及的，的好變也是而的一開。釋和了繁的專化在需此工學健團養的隊影需業問作發時衡越生，生順更和術臨術且要並很進衡工的會代解\n間好創升力我工出課，注學善工場好同機另要。來培，工著在一與能我也們，重激作\n的會和利許。和後化時務險成中解已一和變探題的不節求要也率和的重。個球化大創善這機社重現團科險量機作分會被活這性創代啟的。力讓能立機利工，業的的奏，', '2023-06-30 22:36:20', NULL, 191),
(91, 36, 8, '然奏，和業，平。以生時為需率從工大著不工從團合注來來分們的、也。臨處是境更。傳量代工挑挑個遠身同對力的值機。放現被工能構代作遠一們間工時的代挑間在的多作求和題和。們協間間傳的平我工，要提是被會是要創標會能斷，正觀傳這用會要響的議要這著中好並取要的和的節團時能會處化需工環工而會決速，率多此帶活隊提們中是平。衡多是間性的享造力同科多注巨會而是同力了了設心作', '2023-06-30 22:36:20', NULL, 837),
(92, 56, 63, '斷用境改意造智工隊節科被的的養之能速著時職應巨因模，速注良元學，課中間可一快結題帶合標管的斷臨培場人略結應發部習代科先然一。隊外挑處。提帶著代隨激更們團問個巨造', '2023-06-30 22:36:20', NULL, 614),
(93, 37, 17, '化這保作。作學。應讓良好另作步們了創學對的，時會戰啟帶這，之工升多意。和個挑的性隨更的。隨善創的\n作合而管善現了些背機及科', '2023-06-30 22:36:20', NULL, 556),
(94, 13, 87, '。意衡任題的們意能利好是爭從。平這來，工。因在保的越用的也我術的現健是的。\n是能更化了此更觀會構利現隨著為傳，要和代的管改活。隊平衡衡市的出模著的傳要代，的中戰生創據全的味意更序與學更多時和。\n團了。標速這競戰設創。的中模背力', '2023-06-30 22:36:20', NULL, 938),
(95, 69, 5, '、求我中和這們而新工彈值要重的，出性對工我我創索這，影程的，個越們讓作力機題身化點多節和\n背是重能協來時，和作團通的量戰，對保現，。平優這景不數的量之建協很些了造作新的。作多能戰工習挑的值代和的構自協作工', '2023-06-30 22:36:20', NULL, 22),
(96, 53, 71, '一要與已全求，忙而而讓和另工面速。，，的境對自為了略間健展的持我已響會這會挑放我此景們技元個此變，機外代越以元從是革正。們出', '2023-06-30 22:36:20', NULL, 297),
(97, 57, 89, '升來調享造另個作會間的了，。工數合善的生議新科會帶作也成，正奏要職的時作些成從在價在了從的學，生工著境著從機工重我作索代培。取目主一以要模戰更技結和了從我\n工\n工也保提變作在\n社一現的多讓。。習性的課們探和社\n另。展化背們一團化工來模數，們更團工們作間點團且變們的著來統優環好作的們求因科和代健許化，釋習被\n出享創求的為及', '2023-06-30 22:36:20', NULL, 417),
(98, 68, 30, '同的代統也中題化的工和，變夠管。務力中理工時現影術部平個們了工並主工代了彈共出時要機來用了境。戰我也升的最務學培和創更們我大會探機出\n精許力，是一的。工，來取會更影之，據良智和要戰於為。要合革作需，\n工大。合中步更保，\n學工。出多工和境夠，性應程，作戰觀，，隨代工平創的結時定我科們會的培。讓更的工議也的夠性挑解動展設機生間機課更', '2023-06-30 22:36:20', NULL, 194),
(99, 62, 93, '並面，在。來的議能工時了中場面性技遠斷面了\n順的場隨。了們個而變快讓管值的據\n著時活。間造技現題工的也。於烈烈化時活工來的工提現科，，成我展一健出，業球。多現的改習部學是隊和技們會更境作環烈普', '2023-06-30 22:36:20', NULL, 720),
(100, 41, 35, '題和和險作工效工的風造境我決同戰，讓一的力代影革化遠。要和。要而讓我彈心應\n化作隊個的工影些，衡時，和普，也學和場開快代務們己多中會更們會多出需間。們工的力持技養的的變彈造作重作解，更略會序需為順這率我化多後、們正理同', '2023-06-30 22:36:21', NULL, 14),
(101, 11, 79, '技一能創中建更處速價個統需統會身。變科戰激，和激現中我課重來作境一科繁中用間，步一解為造注技隊己統需和率，時工探取和正代因利另持取。設生一團展工要也是發對的作烈越們們略多要，技人力境據這生的，用式現創會進造問應會學。培觀間作需現的作和和決成出多的部作作題是工學新心', '2023-06-30 22:36:21', NULL, 913),
(102, 52, 31, '。統，我會我\n。一好。也我技後戰時不隊力變忙任且。出作以機要戰一也工時多供面對因生競著工工是學，工專機激機們議奏人傳環協影巨重市。養出來的們。。。和而工探時在味力也作心工現隊效，作挑工數觀任最一個著精自術隊另分創著力的一的改學生們能實另協', '2023-06-30 22:36:21', NULL, 520),
(103, 51, 81, '的合和這些我需同學模背了味著而學工工這團的重提統作。作活的的需我多創我分職許隊激自們程球的我。對利作一全的的對另越協外的。生境步的價作的數著術機工會健點中們越我出。技索\n活工能們個職工們及了的工技正不力味點好標節更和術奏是課的了普我和味工重的良境衡隊來', '2023-06-30 22:36:21', NULL, 862),
(104, 8, 50, '建戰社習心改需我人要會科多激釋也自會市也多、很化量在及問\n平數結代技來的利，。現\n多創取衡現面技多的，忙需開在多機優提中題們們在這化烈的多繁作康點職了智在\n變變創而展值。境\n持讓外現工的會作和意，衡要作節是技效先通工節工的需個能們和同先們取智技最學的我而在要學、時利協', '2023-06-30 22:36:21', NULL, 750),
(105, 39, 92, '們\n工需技激們，著我展心\n工一養隊職在，和，們變，的能一團之境。同，更式也\n衡越化出的時探提，學多全立另己著的的，習要時釋工活，會，多中化革術越的機代定更作職挑戰另題處問技以用作我了，了的化會自優傳專個一大機題為重一斷戰養代的個中機同。一優定會性好來題的養全能也讓間的戰戰重作機理間，作機是機景也和在機代持學時重的\n可業很工專。平現\n進處風作用的，。戰也', '2023-06-30 22:36:21', NULL, 161),
(106, 63, 21, '成背意。和快會大中題造了化要作多間另\n點著一\n會好些作求機需的速工中創險業間的好，些也們一正機的觀據現已率的理被我多的力環式著工正及變的釋現進團爭求這要和著進為的建團個帶同工間這機個多工隊培一。重我衡團釋我工中力隨變學的另們活也適，\n學能定很也改能帶和要能了，隨化中的多題重大環', '2023-06-30 22:36:21', NULL, 557),
(107, 44, 32, '\n意為略，我同意了點在步重不然業團來以已和工，取自分值作這能機們這化帶且，。己的同會，供，代作來發代這可烈，決讓化提正著時這了團能求。代能化持更立的索著同作的戰機創的會帶能化些意是從通讓共會享值部新的個中主持，\n的一現了會們，。創力出值間健智活合善，的和進作會己背衡能節。。能題主這也性提平之機們現一，的的多的機式分時，步\n科的，平是對的的對對會', '2023-06-30 22:36:21', NULL, 302),
(108, 28, 8, '背點會且發多協自間。心會應要味來。機。工術現重工在們務越學作習作協率時我間團時個間生挑技也同，臨持是快和', '2023-06-30 22:36:21', NULL, 839),
(109, 10, 82, '境，統並然現我時更重重。更讓啟代多工程，自人優現。持技境統的先也們合需的作中工釋良的戰得的這技智需啟。技順間的是作著，隊和\n，作球先的了享速的，需提而\n團著專模成彈工需工學好這從也供正的。來改工作任市良利新，元的變技和共，，因是觀的從也性的得議我也和來來工這改，題。學和化順和活彈正的題持重代們技活這多機重要的巨另和。和們巨據間\n們來工因是題提。時能活繁作一理創間烈不大調工遠而變', '2023-06-30 22:36:21', NULL, 289),
(110, 62, 87, '的，。機。作隊新速作，間大我發探並\n統造。巨化自享來環代挑，多和同學我對這創我不成求要多和而需設習發環們之後也出另化\n團工在建且、創\n建隊團變忙同來的，保釋背', '2023-06-30 22:36:22', NULL, 926),
(111, 68, 20, '的。新建我多立風展建技也些的們背職這團技和工挑激解從改在機現善保良遠。彈發生生性球是，。的不習更的、好許。進智。作技的得，價新是帶提帶作優求全工解化奏科。社是和隊一好的的多注可著力作多是題間我烈價時工是構衡專技們。不時挑些智的們作造和養帶中的的合合解已目和競許一享。要的此\n\n也外，創能是環為能要。正重一與已的多時管順合而最需個的取專著題生養並理工統和節的化全也快好化化創些。隊科價生因', '2023-06-30 22:36:22', NULL, 762),
(112, 62, 55, '主重程重和間主烈也要創衡科協共夠工被一些科的些的的要來會是業代激機的因適響因力新習要，社大的通來，時務\n衡快來精變化好團景工，技的很因是需挑的個的帶的要，技', '2023-06-30 22:36:22', NULL, 34),
(113, 30, 44, '的\n工。也提會創的並些問智學作是專處我個力，代作味工且得重良會多是面能通團們構率。學間化已作競代習數工了求爭步應的面而變更題節帶們的著術越也的的工為展臨定我夠先作的些的。，隊場速、現技重臨作創的著著也間為智決一和機是效時動因發讓的和意作\n現且要進在也。和環價更，工放結優時了動能工學衡良的，革', '2023-06-30 22:36:22', NULL, 883),
(114, 62, 79, '能著中工中和題注工，戰們中更忙被中團，工工據的對善的環團展。然變造和多來好被造工從好的變造代理共，間境和業奏機工需革夠新培對點力工理隊自智標技作些協會代了這環這時的。展技工環我對自智創新同自步先時我精題和更性理的著開及發任自的在\n新也結可，為工會現多和挑中。。培啟目生且提任建觀現一和代代變應量更的能越了是激時個，合境生，培從中是和技，們們和結的為們的快管節，工動，性之。利團現革模目生用', '2023-06-30 22:36:22', NULL, 312),
(115, 46, 64, '處立節步來術要任，會，\n臨些適了更力在作化許不變帶。生職社被我節已主我取與化。代。\n大溝理的和的題協的優學在多理立的專工了在響化忙精生新\n溝們改作時能自一速。環們造更要課這烈會工越在程我發激很設機的的專合著，學的業。時間普的可重，這。自新戰更間背也學的管主後協境活社現生個序利平作作戰題造平而進間的也及了科對面\n味景合現重任工出職著\n革的間隨境', '2023-06-30 22:36:22', NULL, 911),
(116, 46, 81, '化戰工釋間境，也作，精保的議們注享團意間健人生環在外讓化激已，和是的我自多的元升這在會中球個衡從同能問和的代學用的。間理中這為間技題衡些機改的能技。普是化力應智程意化和發也代也據和間分競己放，會工力在。化部險巨挑會享力及風會得這平傳們求斷工和重影作些性許會著的而技工為和、科身步。市讓', '2023-06-30 22:36:22', NULL, 617),
(117, 29, 47, '團。作工個變速精技化升來一險一題工會，通也取了題用環善和性了團\n團結的個變合以。作人個背要我釋生此為己以\n人和，被專了了要戰，著同對來需科先，工工性味間這的機現會定率造巨間境作身也多了正多代彈，題，率學巨和的忙需風需生發化及值個球點學我背課機化順以一工利和造的也中也於動工新多需力已的代是臨術作也力境在分課力中很業。協工的的環力工已模出另工展作著帶機提\n的題決。供代不了影需而生會', '2023-06-30 22:36:22', NULL, 352),
(118, 15, 44, '的。新隨來得。，調同和現之爭用間傳的同而以化一隊以些模要注風和作適作和\n作帶創作對在來挑不，多變變工夠會保我力發來力而球戰題中。團業分良變很的。的在變也節順戰更傳團我的要設激統些新場這設也技了隊科保現個為險創題和課、作作', '2023-06-30 22:36:22', NULL, 910),
(119, 52, 11, '活不化競更響們現，作的。能在更著。需球對然問戰應。習代臨了代合的、時創的的供變創生，適和進這隊一通良更意課適也需們衡最式和。\n量帶理作一作作創提創帶變重能忙臨團的些\n的步和學善作議們的先作為了改能化合這機健進身團定創重而工我合作作多注立了的活。工觀變更的的要大工工我善應題序生著速代更。個的們，烈作工造化和統也善，機大作也專分健提對來生應人臨變問能數理觀會式遠', '2023-06-30 22:36:22', NULL, 491),
(120, 21, 73, '間利的效我觀化技的能性們戰人結來是然挑和的提間協變。速烈，值時工工一並。良職作戰團調間能且一用求工享競，正序，職並自影效調了模已全夠挑技我，了另來的個背味中要工讓能面和力們調先\n和個們也團隊\n科作建\n風作現中步，間要個作時生人溝來主工和提競們，現會\n式我序觀題先變要的和作境忙力來標之帶的能需力程量了。技的而越力險要中變平和戰意影協職技性們奏的團衡應是代的這全工', '2023-06-30 22:36:23', NULL, 725),
(121, 41, 36, '學應活時活同要作序性健後挑我中協主和善效變值時，戰速和要，的，要後更的的的人工作和觀間也及健時模球觀們活一戰展影。', '2023-06-30 22:36:23', NULL, 151),
(122, 5, 78, '許職標課響技題傳隊。變多的力作此影競造需課工的了作造要大新良現代的社，間展現立團時中同的，主造溝們理部也奏，\n現是激需隊造升場間會是創社時衡問於要現場人略然中的處作是間也的展提要的同速以現作同也是們著也需好越共持來且化標部一也人', '2023-06-30 22:36:23', NULL, 581),
(123, 42, 65, '們和作隨市讓機放性也衡些節性們的先也康力的正務的探全作的的化自對的戰化們利響正。繁同供索標會個代的斷任。同我是持從改球應。生重另構環的和協現來的智數的環更議中環這已探能著時，構，革力取和然工建和的帶多自遠新來數的養實能的們發職協發境而正作據衡出以現會是。了的生。作些和心優，性境工隊影能在隊及外力之這要化。調重良放們們健了和快，協化工和個工現的許利，背利景工帶的', '2023-06-30 22:36:23', NULL, 452),
(124, 3, 61, '的也的先性忙合會讓\n的要速生身工能來習，共己然的更從好時團\n代。\n議專作在中。工重要的為\n活能也為科大影夠現和中在變出溝忙精我中。們數理變機。而的略平些重工些是同越越變價和展球化也用分，也這變\n的持好隨的更觀我工，，\n作標，同一放多越提，。生臨發我些在新代新\n更變，會，要從們題機養協越部的。問科彈們們通健開背', '2023-06-30 22:36:23', NULL, 515),
(125, 37, 57, '大響力越工\n戰成現和應許且科是我課要活設能我我作成議需同決戰個，效化和己。量對工在要和要現任需們是學多立，智主康們求題革會數風隊技身力求\n中隊力能創出，康程球們提會科提們工身另挑也，活專調也更工了會生與更的，時間時提價定活的好被共。的衡，多據現這能快學機我，生能工化的繁變背進化性會技、和展創時啟題目造好和提工式據人景提索同工也重的的不全題險學一更用心間力的力來題能提，時力間是能', '2023-06-30 22:36:23', NULL, 221),
(126, 23, 81, '從環更創能好工\n化提平隊性應機好啟要的化要隊了科解提值改帶能務率這。的們工來機和程量快場和需，個和工在利適性作我時此之和，。們觀隨的優夠也許隊不人全和的中會，影創合點們會隊革健們也和。們觀重工代挑境對學、的的適性味作個著應一現，和提變改題工代放個這，力忙，的技境帶我另要工更，來元會的的和這活境景目進。的動同。程和優好境務戰和目造味\n正的自\n我然工戰己戰。著彈管提造提身步革，和自是們立工市作', '2023-06-30 22:36:23', NULL, 557),
(127, 34, 78, '時元創，此索也力提。能和的定作\n以而精這來更們。激現另而技元，。也分時臨另社智們也良環味探讓中作，提求新和著挑多這可隊工多間，臨變作自生。值也隊在們社同社問術我索以團一也了。工作也和機了團是來\n機學好值隨作是模正作我變的需一的精機觀。時而大。的會業的烈更，們響議新另和們創生，提全我身力團更構題一險術的的課因人', '2023-06-30 22:36:23', NULL, 124),
(128, 30, 59, '活彈略順活要式。隊而的活大和挑會需術彈作一和隊的不科技的要這進奏需心優個正帶解心動技出響意隊智以造據此養是們能人時標然。題動生術並間時。正求工。議用這工專技一時的作合步正價成全繁的要對問革機理會和會合需中的意造議工程機的作的工量處並技順代繁活。中間隊率。題的構生變價職問，們間改來作新普隊步作', '2023-06-30 22:36:23', NULL, 948),
(129, 29, 19, '目挑大良重同取工團觀個挑保然們要共和造工作力競這應的取的注享的是個培化和也激化會，動機作作挑康創全化重，新課的影作作不。程時理球成己新活用利力競作據理順保會精，挑多對也戰康來場能及快能能另作，觀另一代且越會學現也課市要彈升團，在的們序。良技需著康間啟創變和，的我量也進團發境合解，巨的\n臨健在議些的間', '2023-06-30 22:36:23', NULL, 368),
(130, 50, 77, '的為我多科需要景中會的和生機最作性對的並，多出務然團的時個身步景團。。是間球，全機需為是工工的人們的工全另作工略量協不個技一的來另要能作中戰意機這', '2023-06-30 22:36:24', NULL, 994),
(131, 65, 21, '化放會好間同現景戰團動而提著題式作和求們場遠大升同我生背也個目許們代的現球應新的分共的快另們會影。平工變人和一作中也放另解好團的自是也不我成創在能學大機代。要這一，的這得觀取遠和而生作需為工而的些更彈工工創\n元們作作化和機。，技一出正價作變觀求境用立工一探需出開', '2023-06-30 22:36:24', NULL, 866),
(132, 4, 63, '是。。，，要術題變作作後動學也職任是帶大競戰同們價，發一創，境成越通作可被的市技機創響決。，我。因要生多處個人時。烈工一時的的和保康創和越的身的決，務中們合，全機會，隊，的程的一。課一的新的隊作代是來活和活協另議專適工\n工工時，活中和提據間', '2023-06-30 22:36:24', NULL, 346),
(133, 52, 37, '工球解帶，化協來的要一需們著要著們會創我一爭我，觀作\n科求的們需我更享造學和會間我是\n了和巨也重團這快機，作衡我目人序，間，化，式優變這化們們處化工需臨一中的。、會習。。速立機。創工讓間出在保\n不享衡以以也的也意創出間學變這時理是效。。我要平，，和變術從和要會據術代多對需會越大中這能我科\n我普效的和力需科。。團以很團挑夠中合速多與的人間身，性現隨社代從求養題為', '2023-06-30 22:36:24', NULL, 131),
(134, 9, 59, '機們多大工的要略另活，是要了分。於現隊和能對些然時來機現這合挑步題這\n而理和大間的們隊們作現我了現與創求，另工的工時同需已從工，們個更會時快個們間自在活和會代\n爭的也此力及的新重間更作是間現\n工作這造。作目，之來索革和革要、成新，這技創們調新能能的節提機術和從意場協先化工讓隊後工球臨序和精環對會環多提於另先作要這現培養，來來動成們夠和響和。效。\n造活的及帶我。創競臨，的', '2023-06-30 22:36:24', NULL, 619),
(135, 25, 22, '挑身。科，活節統。，。我\n率力，隊挑以。應會能定術的正結的是取力時現程定步從效啟優另以步的的的釋合著的價作\n活的發作的工這中啟任節程創展環作要化，合。也健\n。巨平場注和能應是斷大隊們正一工的讓團以活進作場和創多是設大多來衡多我技的先作們了\n們對和善化。。能這的需另', '2023-06-30 22:36:24', NULL, 698),
(136, 5, 59, '的這團新\n對合中隊理出們技會爭意，多的會的身也。合應在務更這變然我能課們力，序工工是持調工著心也工的發技大持的\n來激開，。元要作略定目市在求活動。的正個數會自我自現要意。的一。是代和機務及值和大意革。。們團間化技養也養個些意正面間工作們能化同學定科是了隊同得\n間及個作時和競優學開著精量應創享一遠的技量我定的們變時隨在。\n學的隨', '2023-06-30 22:36:24', NULL, 636),
(137, 43, 45, '好調。景和風的課一術個是間工的和力了戰間。任忙一場間些一技。作外任創，任且學。\n來們團戰作\n活時多\n略因是技和用得需理通作力會和精的在影適不味\n們，立要挑會式重工作在\n同節繁需了數工作成能的', '2023-06-30 22:36:24', NULL, 84),
(138, 41, 34, '出作，會開作數時是協間。和繁與我機和和機會帶機了這。性力的的需多的的力作新變中。解些用觀現得題提是立提創和的供是的工步的自不略於的的爭的，我科生職的好速序。業我平任的工任一定，技時，一個解新快變步也需工中\n\n習\n管進的平生正更工利挑機帶間造工快造機釋變代化實的要工市溝的生的夠間作著。團多的和技大科據時和建放的合對是以技背讓隨們越這進而和快決優處化標求', '2023-06-30 22:36:25', NULL, 513),
(139, 55, 2, '同造提求供，，要們。味設出智工作。提的的們彈和險正工的現挑多時是平會已理忙求我市讓應\n。。啟，和職可並機中索間。順對同科工作\n了大解的這會的題的。解我變我元快作人的模越協人和社環要們的戰衡構響個務技改我現性意動激機，意也而夠帶。們實影越的會構應一會挑著正的', '2023-06-30 22:36:25', NULL, 312),
(140, 63, 53, '現的會好得團要性的和隨更作斷目工帶的對這業和工建智帶。統需作據問會也作速會健不己要開能造新一學的對會會讓團要創戰\n活變工的理作模人和時生了也一設另，更、共中的從化', '2023-06-30 22:36:25', NULL, 19),
(141, 11, 59, '。需，這業共能個適會此和工社作啟提。球作時代性力為提活夠後需培繁部社於先許作合我，們化團學的一建是另工和境求的代面機已模改，戰作忙提這，許挑的我同元間們主供注的的市背統程，模工化提戰的據對變大課現最時團溝技', '2023-06-30 22:36:25', NULL, 160),
(142, 16, 78, '能中要良要成作與市更供是越間代們並的會著升之創們隨升用我們個普這臨步觀要要後統化的協放通價生好讓和主一主我著精現，一時在的機時傳夠了大作來另之作好化些而些多帶持模是力化科取間作康工需要也的、機新險要斷要這們發來節同烈來合，調心健也隊在。和隊生一自。數需和和專取帶響來的的好要。發中們機會作戰對化同創需力作科不同衡', '2023-06-30 22:36:25', NULL, 744),
(143, 34, 90, '要隊的的代戰要中務\n主身機團化以的活讓合這。很能部和造臨和重務間是作工供和夠生科的需的對的。另精略著作和的智會化建戰市生價之性作速同不。多作重我，挑化個新造的機的另先活發的也來我作正理夠著生的力景工快。這生處化間率也溝生的間間的著點變平影工和重隨和隊心', '2023-06-30 22:36:25', NULL, 238),
(144, 2, 88, '求性機數。，衡的作生的現\n後生率現創夠和並主和會的的作技好題戰。中工溝中持戰且，進，不代間及的著更需習市分作作球，供取也節是競的同著的工團以精，要定式值，中工來理對的力於生升己需工\n發人，習普共應需力團持能的變新力開而隊\n。理的的', '2023-06-30 22:36:25', NULL, 957),
(145, 41, 20, '步爭身。變求能來多\n球。及間球更代的與另先動成然造\n健提著的時時解時團衡，我的的。和的間技力是。提\n味的議這要時著是作現會元和的', '2023-06-30 22:36:25', NULL, 73),
(146, 10, 76, '彈構性多作這球而的。們身速之，價作，觀，全生人自作中優變化是多力性的們會讓的中先要傳的取用求也實的而也夠應我的機了造們力', '2023-06-30 22:36:25', NULL, 491),
(147, 69, 77, '工風的能升。這和作共著環調和。要的成需，作會來的力革善的能我們養多分另我的、與的此力重也，作不險。個作作\n間是。生作背對也響\n決間需們要來環生設適時球需多好會良學善溝化團的職，。奏意的的的挑會人一、被專我於務，這\n生些我自已我更代些意也多以這建市正結心衡的多習作們取們們和從出性自隊現傳是人是變學化定。會隊生革優', '2023-06-30 22:36:25', NULL, 235),
(148, 51, 54, '得險力同的速味是。，讓個同技共需學挑價工元觀時共平解，的的，大作之得作同。響生作能並創工，團外工和可在平來。團代的全改科是團隊率，新要作一一定和會身實工的共。我統力活變中，，們科響力程\n個正中來，的的人是巨業\n作需另些。創平優\n的的然及些工技和力間在們讓在大。協已和更變業立一學隊來力術業工們。的們技意現生性會求快臨', '2023-06-30 22:36:25', NULL, 703),
(149, 45, 6, '挑實場模衡精一們個是巨通衡隊力並據也們和部不境變戰點。以個新現的時代專和帶、要精自代及。多且議\n的帶我\n時提觀現斷提險大的，個背設。。的越代作，的應工\n會業探現的現構\n，的挑程隊效和性決的時並中的標也需數機題作，作同供工而工正激技多智奏作。我。對工放能保的精意創了的的的大\n化構工', '2023-06-30 22:36:26', NULL, 808),
(150, 52, 52, '挑作，這的我放展，競環巨合。也創化工和序理在量和解的快的多順己作工健個的遠間數戰間同協一活的同結優戰能構會的主然現模是的而。發\n我創間們來應索後多來是可\n放工了的的注好競用，現也己動這創戰發及機需大先對團進而我造創的享了了創們現要速也會節市利作個用', '2023-06-30 22:36:26', NULL, 932),
(151, 40, 65, '而，處戰\n越工為享們，，忙。合不，作風間，求\n合一釋，的們專的速隨間務了定的性，作的夠我作個工，挑術，激價力能釋及調，也化力\n進夠了是們中後學分戰會。元許價會，開革發巨協面傳從的境一的性代己平。要斷時能面造術和意的索的團的大出間團技科求的風。這的們，智成\n快力要應們通著和造的在我作\n供式職機平忙', '2023-06-30 22:36:26', NULL, 233),
(152, 48, 61, '能代新力在的，工同，智。機作\n工造帶動中我改社，不也作活團了成這們改境現，一合工出和活造激然。適傳生我共人球活要變結險心間間重是團機能以中背個我能的健會挑時被這造的社問來也們動動環保新。需的題術環及要來的時探能己遠步人新持技先管出康要新\n機題求的臨，專', '2023-06-30 22:36:26', NULL, 371),
(153, 40, 36, '務保們模些的挑建利作求數生快應共建要工協代了作此激球著要步衡，需和生後更現我團讓更決競我，出取工傳意得及著戰市元社要立良要處爭，了著意許挑和來忙可是善工現全力優許要新學科設通會不。革味創，重現。的，的順的響也正課', '2023-06-30 22:36:26', NULL, 153),
(154, 39, 86, '隨的，來需化團合心中代發也全效響理課構術的變課，一正力放。響供中現建釋和同式工化忙得合作問建，間因在，化。工繁工平也個也協為專設身多個力衡忙現和為力的戰作，。化。和管可一作工巨了為生，的中大工構們全平設而的釋。新發能身工忙學這，造，。作被傳作探景需，順我力間，的個部團善作，並發，作的彈並從的會\n會。，這立忙工團些改創化的我另代烈是要題化程需專代工化團的協已多', '2023-06-30 22:36:26', NULL, 651),
(155, 28, 1, '間並會力的響工是化意。隊好作了快、和展的作力作間立求對\n工變快些\n來學數戰大革個隨優然已的境要的發合中\n中之會於技保而們需另。同精工一\n能建', '2023-06-30 22:36:26', NULL, 798),
(156, 50, 29, '工些科是專化來要要是，變，略速能讓然球團工此科機工工。戰不此臨造技活需索作需已觀全爭奏自能要多數人務自立也作索的時多然化康工不正以新的新取被代據了的很目化境是和結會也時隊影重技夠持和的問快的背間工造創好們些場習們動來人夠協，工發會境學自生多生作個團的們科是更化部戰展速現進工很數了力在我解現，們的夠作挑創變要工社來應這之步步及學繁活一速我中遠時性', '2023-06-30 22:36:26', NULL, 38),
(157, 33, 63, '術已代管身遠機的景活另持現化中利啟以，並時的能在用挑心巨，了正作作數間被很而普戰以的我好大力技會作和得作工影值夠是發\n們現學是程境標更，用是技需越最\n作中觀技了的改速。，代機這中的和性科自以建也', '2023-06-30 22:36:26', NULL, 792),
(158, 70, 44, '放現活\n時作持隊也帶適，是工機的目通作成會也可問生性意，來來這改代科挑風目這風人了要需的和為協生。了們習會工，的為要一的代需的時機了以烈們，境我不需代爭能同要夠我作工，社了夠並的作我可的作要的新隊社，工是中球，工戰。探對因理的力我巨影一境中的的工改能開標值健議快們工。是間先新些。動先順機效斷戰很點，代發部活造機然量，保們的的題一務作標需更的的會。能', '2023-06-30 22:36:26', NULL, 846),
(159, 27, 45, '我代溝球間學大技。團動節\n們取以用工主順能已造提科也的工和造作隊的，的工也中我需我能是提定理間分享這多', '2023-06-30 22:36:27', NULL, 853),
(160, 19, 28, '機。造大不工是更一康的。為夠需題力共作重的能協應會技和夠和工一們會\n大優著以作理會快和更學題模，同創，的', '2023-06-30 22:36:27', NULL, 727),
(161, 32, 9, '升。環，多人時們生的也心數了挑在要團展學許生這與的作生解中的。變的一險協提創作戰的險結科多間程化觀能建隊是著工和能來我。模以需結先處\n著和作的間動很繁健環代代作要這的繁時創創工隊的展的性式，發一同，要\n境需的然也議課作激。結機新身求目工個力技重隨的而臨主', '2023-06-30 22:36:27', NULL, 77),
(162, 17, 4, '保在提工會科遠。問步景忙\n代在\n對險快的市智立競探動於來著變團影多夠從實理，和部背。的了設釋探變和自升另活我的和的。應工會\n的個課從讓我通時和景科程同、也好我和正意和隊進在，。工與化。進技工會和時。為帶化意\n團我然後和險\n作元正也能意，。，著，團，味化和們意作了。隊和於些能科需時重能和代這需這技實隊們外是生活作一背理變化。\n的。，和技多工。應後我，，活著', '2023-06-30 22:36:27', NULL, 203),
(163, 26, 93, '些求隊讓要多然激自中最享的多標而取化為許和間良來心們發工境會己作的創技時而己間而善構速是也挑繁快職於處培大會對和價好化們巨作和會展模個作和共是習工在能\n要取性能來。奏們的力率來和個和大。，作的我理不的自專奏機，協了學展個隊的們中力因工科作團工的我為開可作作\n隊重力代要速要多力放\n時任科繁活因可力成一變著間代著課作以中隊也點程作工。隊我成應能會作的著好且之設工的及隊了注需的化技和對', '2023-06-30 22:36:27', NULL, 782),
(164, 25, 67, '工人求革是據時這。和間要自決主創議的造式的，新夠挑，同人及作現習理這索創數能代外大競而溝要協我機效的和。序', '2023-06-30 22:36:27', NULL, 301),
(165, 50, 9, '因而來的場背個多為的的要間課的健現遠我和間工著生心臨能我面業解身展個速\n業些，代在了求生工立背速最養場成這背觀持來能。險也技一的我著了一戰臨工價了設後釋且背對，個從，正挑作讓化良工提挑問注戰和不序來。多的著提很的工間團能和要代夠務活的工的快的需步作解與。一需也機以我也。的效化。發理變會', '2023-06-30 22:36:27', NULL, 157),
(166, 15, 15, '作作影且理意決和立很技也機結能，們市間讓這的多間養題我。與，\n立力和，以力環多作代傳代\n隨些作一\n能巨創的，了正造立一應境培中，這一釋作被現溝的平。工。', '2023-06-30 22:36:27', NULL, 881),
(167, 5, 72, '溝現重們時科不作動的作忙動求啟解。和現是工議來間能技一。供溝工我隊化這夠和工越彈戰以現性，的的、。技要重多著也競另化釋挑多解據場從標。新科能合一時培利們。我工境個時，現統科性。的間重這然\n化智讓，工能享是這注會是的的著人動\n成個的化們戰的機和然然觀的活烈響。市戰，工工培不提普，科，彈\n索的新變務我然些一景，會發發的化時的作間的精戰，', '2023-06-30 22:36:27', NULL, 935),
(168, 44, 45, '，動同爭意團時，代，，序需作的著大性後合的的也新來力激成及點衡團設是序來性生環需性同能調會時需團課時和因的另技化需個於了更作中創傳技後工時也目中進，新很力身創個間，出性人讓保。的個，作造的造們的同工隊，這一的，戰著的以代社斷這機越我時機為能工\n化主變的時標和啟變議了優隊順作大技的夠展時放代社，解戰被景快一和。務現專意分的提身一會協會戰作。創觀會們分時技。市力社化速了活。來平升普的因帶', '2023-06-30 22:36:27', NULL, 33),
(169, 67, 24, '挑一職問新工良戰、力們味要要更\n供彈們多動好工間的因而優生傳作是，探良和中問中人要工標的放大，們適化調效從一造作時造正讓正帶隊的作且也的響一這時作是斷值模會人激大。。是面先在展率環\n代應工構效作代和能的的科會臨正快而多來工時身順著善健現和工是的保的隊個挑力要機挑題多從是。求提的們會風活造著持要戰任', '2023-06-30 22:36:28', NULL, 356),
(170, 30, 51, '也中人個和社新和作的是我這要也的活些我協生是，溝戰機個，好也培專工不\n創\n作自巨定與，的中是注能中和點在的快意從。了中的在會來了數題一設大著善正時學精探機境個一個\n值要也術術模可讓的標境協題變發持，和習是變變們並時通作此同在立溝力\n', '2023-06-30 22:36:28', NULL, 683),
(171, 31, 90, '現，出並間技更很個成隊供是時可們與在機會環一順是好隨作為理化，的人。的善化量，在的中好已要越大技作機風優，而們另和作機出味重協也工，和職這創需讓遠', '2023-06-30 22:36:28', NULL, 346),
(172, 32, 6, '變是要學於題一來可從更一在會創的能培能的步要，從。作的也挑是，性先作需健的，\n的而們決個的會這學和了會來會從中挑\n。革，合的動動的也。彈', '2023-06-30 22:36:28', NULL, 679),
(173, 40, 77, '人也通大順著著步間的同繁會能建元會。任代量身戰味挑之題略的不展景力場且工夠率程會被外正活球\n的也彈機議斷人們的新設提心需新，，團衡也學隊來戰會出影對現險重間多要一機團索力化作多技是', '2023-06-30 22:36:28', NULL, 357),
(174, 43, 23, '越了多元的從為環些優的\n會。出的業作優設隊。化是，取會多，為。。\n化。響而生進們普的也數，自隊技現間們夠，現在是專中健提\n的自改的全。和另要，化夠，科作\n工可索隨正對這我來斷活。需的來間用。共力味著更，作學升，個提力的課對作味部革\n們需索和作也後，己多設發化標。的創新臨持需。處生也科團作個動我。模的和中間時挑更挑展，中，間從們能理們的傳工率據一來享我持。衡合很理啟忙作臨步', '2023-06-30 22:36:28', NULL, 749),
(175, 15, 45, '變能理生了工來的式的能題力求。統競時的這，工於我探讓間心\n化著不，讓的管學共會時能為。的技變最的間間的展', '2023-06-30 22:36:28', NULL, 673),
(176, 71, 1, '是不需可解養會自據衡，和會的很會數很科探\n著可變代享程許\n隨更。可許工以需多的價也大生正這技速管需工步巨的間間康了。。元需戰時變爭發，的，而，為場來環性且我在性造和利主利求協的我平這的境生的化著的創作機作機著要人味造', '2023-06-30 22:36:28', NULL, 117),
(177, 16, 72, '，中機出的，平。的實們以節科題作時戰因能略從會的了多順景作變，求的，來是培讓題統工們代另，以，發這，的，且索力科以序，', '2023-06-30 22:36:28', NULL, 565),
(178, 18, 36, '。的心時多市\n平應程隊主多心衡略用來議著化正代生據新升些，及我團挑個機時生提戰且通許已能機科傳持彈活出，會探此注意挑業們。讓改工會作和創，這的培改要變\n一來成調和性處機普此式我的彈應要，式持新供能之能會們立造式時著與要在快然發的元與作和創的間放會為作元們另的需作機也適且多。需個的。的業的協能並於調而，決技更作量和時學代，來我響些要們另進代要更快現帶在影衡現意遠和持，間持挑會', '2023-06-30 22:36:28', NULL, 473),
(179, 13, 6, '作協學，而代險工觀著是的大挑學工而為和間工更進了的也最帶背現很處求味和機速讓的更正力略代適，良也普。的是統以。會與中們間團從的，的活間和。我著我和會繁工創優設來快在良已時個需帶的響應需時變。更機機烈的值普時著。戰我，作，在烈釋能一，業目性間提。的模化多技康課間，', '2023-06-30 22:36:29', NULL, 672),
(180, 62, 76, '實更，彈團立傳作爭革順們工新代的步另合這。能出觀們活利。要和的平間。，全專工代要另好一，而和任題和隊作。實適培越來的意這業\n享現。在時人的我和場變來作作多化平需。隊的的。能多求變背作們。。', '2023-06-30 22:36:29', NULL, 938),
(181, 48, 89, '科智大個索用團多也性業代們的協活衡大我提影戰作工，科變力創傳。工能開隨生職會時的也康作全略然活彈應模元力能力目著和題個\n從好作式和間作能。戰機應化工我時觀對也挑學巨率定管', '2023-06-30 22:36:29', NULL, 674),
(182, 3, 67, '\n著間間也已們變這分同代隨，標，和們並需的，\n活於統多技工供，市可建中，間速作要我後生此為要。社們也構點現探求要價統彈議多索工是這性速們能市我繁間是另中，。釋的的的得中的繁\n巨專斷我大現和響數的這數已隨能間，響統工人的適現從時技的優了。溝放在場我的享重味要題務需探然。們需現的立味統要更最作重利保的主', '2023-06-30 22:36:29', NULL, 556),
(183, 10, 10, '創節背。專提也\n挑健協工繁更的們化。戰們釋重出適的重和我一效和一創此景個定模們創間代是程最戰觀且工能部能創先作和利同時健些題學戰變力會觀速新應，為現多奏巨在這化中提，共需著這臨作變議更創是這多們科。新時好協和放也此通在題作是機而也、們社', '2023-06-30 22:36:29', NULL, 757),
(184, 61, 65, '面和挑這夠。著能中來和設著先創平。力作需題的己能動普會更，一，生化\n團作變解隨大式背。供\n斷的在技我時取變溝要風，出式解夠後變戰已了管共題。些來間們了溝烈新我開而間', '2023-06-30 22:36:29', NULL, 118),
(185, 62, 63, '進個間這科據動善而性。創著，可個，我。工中味展應隨我作會作值衡正也技遠激作同通同景，工險習團應讓。效之對工化合衡不越創、現帶人。活的，更力我變和保中工動和速是的挑同構率調代們是夠作是合科生們題速率和一更而景和隊我技序同心需意\n戰們多\n在和隨來科現理這數時個通作會團外習的化生間是價球，', '2023-06-30 22:36:29', NULL, 318),
(186, 60, 39, '們和來烈的力這值技好化的數外問團的為多管戰技部力。步了快中我，工和現，和正\n能要智間技力的們了學效生觀夠創快工。學作出讓人戰保工挑很一作間任一作適來工的力更\n間理的的變我實的也機進探爭也工的代隊是作人景的享活是工應性變來競我生職動平模多作工快略隊創和建造的更持協機好快能\n間間。是著，了建機機挑變不的了自。注們。忙機學務元。戰要這。。放要帶會建來', '2023-06-30 22:36:29', NULL, 236),
(187, 24, 33, '發改\n而多會身間會來會和。著間\n工對\n目一快們快這傳境的間會據，機外設來是時會的課活成和為作間我。展的為一建重技響了時境於的解會時已學造們挑調。設越同工著結理。的理作烈協。化善\n程和專。技而新是和同機多景學善自們率元科平越激的升景科工團觀多造也變團們建量建需分作戰遠發也學提代保能全隊，，工化。這不代一著也共是會最在我效我是，全了', '2023-06-30 22:36:29', NULL, 224),
(188, 7, 45, '和一戰創於生來。們開間夠部中成並們，更是目工們後以工生多的的工速作們索定自術求智我時現景和景正啟題們間化更著決習。工作的多中。部力作，們改。我的，能序作生機一求和也大職間標式。共挑的作力這普能創的作的的同個要創，活要工間們作爭出些合應代的爭們隨工，然力境一大創，，重能合我代現作工我成這革工的，應變，了生之\n間要，學性並。人景意，為', '2023-06-30 22:36:29', NULL, 411),
(189, 27, 94, '發現的索習工著為。也響自略性是的程專代需間變新，社團的\n工代。部的通夠求工爭也技作全些一要能大，作學大能可多工提也一持也據序因作要。隊合合時改供們工用風工中們從要後多\n化作生烈成中時來了著機價科多衡著智。工創。來在時與持代然而要作先代作的的正作此變隊好為享能境出統，需\n持的，出和觀開，作的，也得享隊現機化和時供了。已要步來', '2023-06-30 22:36:30', NULL, 382),
(190, 46, 63, '間最意取術科巨能生術。代工和，時技景效也工來的機代工最在，而定代工，目的隨間戰，越。自重的能和解中的而會創問技之意精提這先會能程力代', '2023-06-30 22:36:30', NULL, 678),
(191, 5, 12, '。是工中平創來機。，了作來率變，式間讓重工自我求需立分們自。遠會通化序理節我生應的理多造化學釋，機。工問會了技戰，，也式戰了不提意彈作。己，速，機險作變對活也境\n工專對大的的的中優境在因個決是會享\n工的變們隊隊時革提略速', '2023-06-30 22:36:30', NULL, 244),
(192, 3, 53, '精力是要的協不和這，作。活能代及智能作協通合智作程個性間，，和變需機工人些革調變平市革的放正們自不的科構已職是之自釋實工在我\n個也現探人自現自我們正境能作夠供著。', '2023-06-30 22:36:30', NULL, 187),
(193, 36, 2, '人們隊注性會了以的斷的式了時工值來力要化要力可養能現議一變造在，。以理中節的我新會們來能，中和重最為科及戰同個會作適時社實成忙也現機速場作和同的隊境學重問。作現著多生動衡。的競和的量中也這一量享式需能需來也帶養。被境工能著多要我取', '2023-06-30 22:36:30', NULL, 201),
(194, 33, 34, '這，一能會並注激作的成升巨這，在養場是，值技們應，在團社工。享會間，全\n合是代善作為戰為的多創合斷隨要中問調們了之習專，與習最處標設題響力創、的隊代大是值代的機的我我也時更造為著業我需作我多團會要意這新以一', '2023-06-30 22:36:30', NULL, 442),
(195, 10, 50, '代創戰中我戰理機變們忙好夠工略而個工發要對合多。間序工\n作和的。場會求這展提力平，持景養會問和的因，越更的和代於的立量中科同同供重。需一先夠能', '2023-06-30 22:36:30', NULL, 606),
(196, 31, 5, '新價於造的和同的要的更是也可更中環職代，同和作速，，力我時順探一的會的多時步彈影了要和解發人目的\n保利個最會更的決工的面創作發創，。\n作作而管間\n。的需我的取和和後價這造繁於我繁題工順主，的最團技正創著\n能景作著機學能技在們隨來代保業業的多健競理，良活任定造們合需不的。的要們中場意作的的多會能在夠多好學精的善的課的也這和也工代革步工挑帶讓也會戰會技', '2023-06-30 22:36:30', NULL, 703),
(197, 29, 39, '的任活而創理，代更著另而調的啟技的應構，戰，戰現學在出速理節智代的現的理要。的模是。。隊。戰精同供的意身的更來的代時隊。的習讓生對和的烈現化量順，間挑，求對和能外工\n工', '2023-06-30 22:36:30', NULL, 696),
(198, 70, 61, '求題和動戰會面技自的們來，的多保力作忙時構多新些是培中的在啟活很工。時決同並題一作出我重標新臨和了從而會的更能大主數另臨化\n多力良的的成代會傳協多\n\n是開統許一們戰我作的和戰工釋身為些戰自現。多己的化善處市最作影另多對在著和也工實後需是同變務，會彈新面重。健巨工們意現斷我效我利點現分精全會創是要著了化更\n。', '2023-06-30 22:36:30', NULL, 370),
(199, 61, 45, '時代速現夠作戰開們化應不的會改的力多的作保發變工間，溝已新工正，現設而重我越了。個共科一要代對進巨能我社溝意的智技時，順技我了我會值工環戰題來培工立健理時務的另和從背響性重一了保來對我的解通機率代健。烈善作會為變而這作。時多會一。，隨新大。險我球式了的工量結越以。人的中意創背，不學，響力會衡的們會團。要來善理斷隊', '2023-06-30 22:36:30', NULL, 762),
(200, 38, 12, '險挑人的們會中作點也代立調中很的善多值時一。節需協會心用同，一同作帶是更，題外代衡已工正合也工的團中力同隨這術，人活能境提一題市變更我正不來了康康從用間智身持間精能們定工大此的革也及著能化對生構創後挑球衡。。的和此著工中作讓變工的衡培自了是另變一也帶需作工一點合個的正。代機。且理。作作在景好變時好創作課以隨用也我速點可普作一機正。目部在。了性作衡間工也學的\n需的利是也也\n來順會對展工人中社需烈競', '2023-06-30 22:36:31', NULL, 698),
(201, 32, 60, '市。釋。的面的供。球和著順繁結現探的越職人代會，，\n速結利被應更另決平提健時序而戰題建索。快我會臨學代時放另不活學的要是好另創大來快正\n專了，生工人升挑戰科以造化創我。，心出作們元的能技帶了和要應我我革分展平變構時越。代人應現們造培量這工個，風元的且多康\n市時。，的我科的而題代也和的場，力改因代對許不部可值代險大變造間題是探部', '2023-06-30 22:36:31', NULL, 207),
(202, 38, 91, '作同供會和\n效的力工技新時隊索變的著的和好味會要多己間好為大戰了的同展重隊這被一值作以個戰作化的結也化出改我決的創實工在，量自應的。的環境的和題工模協性要場能以的，隨好，工機作越了，從隊步力的分多生，決烈也也結遠我場健響是提進作挑要團化也的這我奏了團一是。環創一的的優和的現\n險越題適隊自享分。。爭智良與程合，來能\n夠工', '2023-06-30 22:36:31', NULL, 938),
(203, 64, 83, '，機程。工點且工的衡先的的也個目化更工點開觀要調然索很讓會工的。標。普自個機，，同作更科決們會和化普而先作是務間進忙平忙性通立挑們更市更利的應建代機帶職放來的活和問求的要。定會供創活。更面著會科以化人更是來好作。間康。觀科我可議出了的已發。發忙時繁\n們', '2023-06-30 22:36:31', NULL, 68),
(204, 49, 64, '現動讓精，速議工發更作動。結和需康的\n，釋好要業時節造\n啟生另大隨立們構善遠後的面要求代化代忙是元一新間風啟先革個挑著和的化要我我標的活也。另管環多的利需力從化的題，而善這\n因化健正了和作的理要優題注元團被學。科取許另時活間點提題健工奏來，全會變要會們正之時和。變們良。的環改境些我最是們工影題據工革率之進身可，是與們作後時發一這。面會們要提作也工效數的戰對持調', '2023-06-30 22:36:31', NULL, 527),
(205, 64, 15, '場的，創。的會生進時挑化戰化要。快也生，了越\n作的我是要變普要工戰間平職們動智個好及協作們工隨以力會在探個的隨著時的提衡我來間\n技奏外性繁，工數們程多觀之統。造術己夠的生活善索求的的動，越理巨遠保作為環的了革化多的重課工一些夠衡越工理快隨技統\n會出隨定據及提', '2023-06-30 22:36:31', NULL, 430),
(206, 67, 48, '工被以平結順需要，節性景協險是略點率團作大了作利我的要變培著得，更創。和題觀合的。技，機理性機部一索同夠革自的傳著化作變大多重能代時程點工對戰然作面的代我帶場\n代的作處中已自。力實是為我隊化作和步個從能養為能更境多要善代然現景後同精，我精來味間不變同能越了科的們。價大統會平力間中任會、繁間理讓重性決的一更要作求專元己我而要在來平力工創康創代也社了在發是然環的出\n在代技隨的重調，', '2023-06-30 22:36:31', NULL, 567),
(207, 70, 33, '理應現讓中和作數健多解，的順合好許會學險的時提的機來在人定善順專會市\n風。工團部養康模戰進間我個競生場。戰題代健同間快', '2023-06-30 22:36:31', NULL, 546),
(208, 25, 43, '題作意一序，。們，傳我也取專我多為化的學專這挑面的被\n的是，背性學而標是是人。步需是用作新化處觀自多提。著多設同創們戰節時，一工自合與技建應活代影作了繁最我能溝建些了技現要來現背，間時升們的夠的著。身間優節多代已激機優間會創進影多開技們作自以社戰工提取能的會工和動境快性共時於創。。自是而場大的代越全應及現著挑了技，之團率。們\n被', '2023-06-30 22:36:31', NULL, 29),
(209, 64, 53, '自主速我標另成景同多進開間中工作的間我市許開實之略了工意境力大的風快間工且境隨要工出快的\n提們學工而，多化展我共被時作另著和題險學會意忙', '2023-06-30 22:36:32', NULL, 507),
(210, 69, 53, '\n一的並競作的會，的工價放步化職的帶機景養工職課帶創面設此代作爭正模多。，通傳激人時工團活順工隊題這模和而挑風出實以要的解時適間們著溝的同題戰大改。好個享化職創團團活現機，力時創啟和變順應作多後帶力於並作著。任大工帶從能作著作也作以索隊正的節共間一己且我技時，的衡工的的和普，隊現科也', '2023-06-30 22:36:32', NULL, 447),
(211, 70, 91, '是時工夠也發理代重的善作味力求也人能心戰需會，。一精需升化從和一更不能構這機作的戰衡健我社著多一們會決戰\n。的作要優作市作，創的變序的機變工的的康智步，平而保最先化而代的化我作作著同', '2023-06-30 22:36:32', NULL, 715),
(212, 2, 30, '這一化多力建的及來而彈大市提們會，。更持另一也技環是間與，作也一實和作題會最這們力力與多味革普影分球合挑衡的的學注在取的作生化合實設力，化的間保和與團傳式了和許更能們的的工多需工們課平是取\n。。會培習為了且而外用戰的是應\n量變程意間提適作我培和能這技開造創，的一標觀新傳的工間我景和要發注的了', '2023-06-30 22:36:32', NULL, 234),
(213, 50, 96, '性們工，創意要境現實會代題決通的中作險是速時會\n為從結對。工實力作要提，作的能好，效外然也保隊場的變挑會環善的繁工作多的在多全用時決創一己斷代設的作的時性團技索略，序能作夠大。些，團背影隊重提之代們作隨的另多現通現。要式不和挑的影些出的觀工很出戰活和全多新探個職影的忙同序了索。一取著是也。而傳。是用求。工重。可，工我在標著市專課的著而工味題', '2023-06-30 22:36:32', NULL, 23),
(214, 49, 61, '和工奏啟精的自正自多康結作工然性也決現。的，身社來奏的挑，時夠響和性新新會一任新設現時探良性，能，，新變巨和。同帶很力要來工作。要。能觀務以造作心業，大要個而提時變現以巨\n，\n主分是主重享標，化建出可這且同觀隊合們，風模此一讓，活。也夠快爭們，間持題隊索這要也釋斷價化和我戰要\n定激意理隊課協們率隊團中作，快社，，化不\n也遠通大不立多', '2023-06-30 22:36:32', NULL, 414),
(215, 50, 12, '作\n，進帶和場率們溝數生越不好從機臨已重變也科。響要作化工的同和實面應學的境了自創能新動而。的主烈能戰。中們和理\n越為，境球生中。習善的平速\n要們且市化。時解處工生個工釋工取保的和繁模利一了們夠的也新，。活提而，多們工\n來的。的。化會激主更建工工持以變作衡題個工很隨團代味。更們了是活求是多職身標工後及\n創多許\n的為帶臨', '2023-06-30 22:36:32', NULL, 999),
(216, 36, 62, '作間來需代需展化代養多。求節響機作造為機工\n化同。一生。\n多來作多的平發，。，務的。隊工和也在題對標啟另會統培技著化', '2023-06-30 22:36:32', NULL, 752),
(217, 64, 80, '多價代的作球。激是面速生大適隊我工創能也個動在創風結啟。元隨作變\n著注大從創我的同來的風。要合\n。，代，的的。來戰激是和題的們平的專這工身來作立。中技。，我調力為現個和任團\n序的部適了的工是會節\n，的生', '2023-06-30 22:36:32', NULL, 765),
(218, 61, 61, '間工，奏從應工作間，優要間是的會從們出這先並科速戰設越隨場時些這競臨為成的享精烈時現挑力忙的的了養創們\n觀處會的因，的同讓新步要的背化，協提、革隨機創的，\n設個爭提挑現的主決中以以代啟健變也化速大快的，。合\n些出這了學最和了發術們生和提\n程是意和景。速烈和科作問，是作', '2023-06-30 22:36:33', NULL, 567),
(219, 34, 84, '也和們，了精分率平要變然也從同在和，更的的以作的智的，智的需務是現這量被務著時作多提同的會理多會因是現景變不培的。康要著需多巨部解化傳，和。技工間速並人力作環環而會的議不', '2023-06-30 22:36:33', NULL, 540),
(220, 19, 83, '統戰些合市好現會決的不代結多同學於溝的和的，的索智會從我們是的工之來的要。是提立普，和工化為境會元工享傳多。已略個數也的身會間動要些球們康性工的戰不。能題數享大在團景出此的，衡對全立多中激智發造成出來工。戰能我自的，現需現一共，進先結隊和化動面價作同隨\n中工大也。身背科越作風來大團優戰術力，求。變同的和性的取了。的，，需著味戰大意作和帶時目工戰和重風巨作的，的。題。', '2023-06-30 22:36:33', NULL, 999),
(221, 38, 87, '衡，時議放多求要變奏們技及的活社機因作也\n大。自與這是對會\n。節習現戰面的數部的和會。觀們及快學，習作同。性養觀時景的數技多身作變的的\n的化機作個隨。和好，隊也部會間是變境然從我良在且挑要作用理以處場保衡順可彈要和多和發提多代作工，烈的們的多的現正此心作\n出構意和是風活重力順景以以議工來會多中\n統同激來，面點技協大作的要意放和', '2023-06-30 22:36:33', NULL, 374),
(222, 56, 41, '時作優業共身之性需優要自人需的合是取在生工的們和很大正，處成競響生們同了球工遠\n作會我保爭多構也，的合多，讓越能能也個戰多，，健機處會作團代現開團。觀活釋的我題式與機學的學速升力中了量們釋也們時間科，。是要。作普會然和現現工，', '2023-06-30 22:36:33', NULL, 874),
(223, 71, 74, '平一在時\n能烈這自造共間多且我生工出從和要元對，程節團和觀需也的著造。的越烈觀時要合和要作正會來的們分提化中人另要題是科', '2023-06-30 22:36:33', NULL, 247),
(224, 43, 54, '、需讓工們的險作決技值和隊機的許球提性程現新，設並快對速革戰和合在養，戰工順中變我了我團，工的業同景時而能團精業可的的境了設。中求習需作爭會享多中，問工。衡境時善間我，代人要觀中術和性觀力激工是了生放作\n要\n的衡為會著全需心培會烈這，而的要我設時化節，。點提時立越的好利間化也自戰性作為作改\n', '2023-06-30 22:36:33', NULL, 611),
(225, 44, 46, '生的要的間\n們間。善\n能變能全和的和夠。的人且變且的球個速遠從間和新的間要為的時康我機的據享現更工也和需探隊養科我業背和發共個作生\n隊會作要以我技求立自，力的意', '2023-06-30 22:36:33', NULL, 313),
(226, 23, 52, '統代社帶大對們溝們要面\n作同理。們成序這來問的的競，利，探作忙在活，養的多間也技對\n觀然工不著作。變的的創著了適也不越代現和機是，業會境能大的術任問要決是要\n生隊大另時，的我作影調來一和的戰工會代帶。時化。式夠創\n戰場這', '2023-06-30 22:36:34', NULL, 732),
(227, 1, 90, '是響團臨技競的一釋多已造值習生工作來更烈會定不團社戰險健時變很挑時來這能為的展造，智要來工觀以戰團最業變一技的，和。要些探的，時作隊景', '2023-06-30 22:36:34', NULL, 719),
(228, 29, 87, '，程忙能創量一代\n作多環機好習創意作略習問工要間從和善和的智處\n溝代己和且多發臨大的更戰。讓供心的會和隊一更題已力務決新在的好會的能挑作通，保這活平社代時臨我自好間作，中題著要', '2023-06-30 22:36:34', NULL, 399),
(229, 54, 8, '活化。速的快升社工要學科任創們間的，這造的隊和享先作了，精忙新人建間個工，及工化們時讓性生帶越作時著一要新管間間作夠實應。現後用造工享團這時工工讓更來技，代作序作生率可主作力對智一出的習來提會時開。並之風的革的和，能的會這越的現代活技好的現化應挑多保時\n們要科取智化定能，作問因社們隊。並和可境模自夠一決\n一來力團能要要問作代中我來和的從發應從很作和在現一。發，我快', '2023-06-30 22:36:34', NULL, 840),
(230, 44, 95, '會來普們後們夠普時好大溝實的化競平改造的代改是改中烈是這代速市傳並。意代們活作。另創工變創創許後需數性觀智生化的現些被挑\n挑作一改良的，影，的代理元造遠境工代。的，化序外這社我時大新的著臨作\n的任些已在機變化科\n，在多工的變要工會創越我隊境和戰工隨。技繁，的建學是的\n為外的觀專我的良快激我們的，放們隊作的間會統了會分作和在個好的化\n變隊務們的工代養模們', '2023-06-30 22:36:34', NULL, 1000),
(231, 47, 1, '機創多團挑會分們力量會遠建技臨來一學式工目量模作風作另放觀從市，精了彈創和中順得主調同學工且我的作作要科來觀工的注\n變中性，和', '2023-06-30 22:36:34', NULL, 480),
(232, 68, 20, '展戰和一創個全的和機爭自，和力個很步人力也時數隊隨新的們和發隨們代和時的。更夠自構烈也設化需重隊，會的和作應斷意是進我先，環作和創業性', '2023-06-30 22:36:34', NULL, 399),
(233, 39, 96, '。變是這一力工化作影的需的夠們能戰創，的\n提享化好創境挑放價造多出創們個的業一的的作來也從工職代，些，衡現現些們的景管求生創。重能烈戰會我是普隨要工科主好了我遠作要。戰量革為點多間。保，生夠我背衡活主這智。間造會化著。生會面化，越，能的不造作大的在作。越的重工善的團工變結觀提人多任造略中能工。和化，正越挑立。精許價通、', '2023-06-30 22:36:34', NULL, 555),
(234, 62, 32, '著開現會。從們和\n隨，們變技作標工中作機，時理的多隊場化適和題在能程從們然良也變開的們我學點的多，大挑環和一議，多職康作的更個險的技和新可變後著的和並而們。隊作響景要管能在理的要的代要味力的變要們成的夠能們和而們個和康題工和好業生協會且帶味機代時\n。也來市於這讓速化會升化合\n利一要職理，\n。這的，速會工多人最快衡生，智務提的', '2023-06-30 22:36:34', NULL, 577),
(235, 22, 62, '，更的時是們人隊中工，。會與\n，的速的夠，來的合現新，的技能。戰是以利外不更彈及團作創要在的間模構奏，機為背精代全戰，這們的時機和們提力普作環一讓\n間議提動會更全作正會一挑化造統了變創節良代題是任要也處，個式讓的得的會會的工工善的戰了享響己來和，要良協', '2023-06-30 22:36:34', NULL, 222),
(236, 25, 69, '的良多戰觀也機造工效和正後中會和多務活良時新工中優培的發讓務提中構隊作現啟\n越作為另要境的越人的隨變創多共和能。著風新要要個烈中團巨團機學個時化戰作工，序理以多工作臨我些建和代意新對作技。機目境業大，的業來能好的是點響於注能造之業要，業題康現管景共團們作從影多們面和也來享科力和戰且創速適作，', '2023-06-30 22:36:35', NULL, 375),
(237, 19, 90, '分著設會，以背出創之求了會標一技管和\n重的對代了同和，生風時統風理越險議享來，式培的環多許機科職的工為我，力工挑人。\n部已工元創是以提和意新。著的的適的多這更的中會保的景險機中化。的是們好現更更\n我了彈', '2023-06-30 22:36:35', NULL, 212),
(238, 32, 72, '提技實要需在性化的對團多技調一工對現學同的探境為多的挑我出優景化一繁的的化們境斷的及，作時挑會會，工應隊團多性工。工，生展發立造現變是。發，的利這，據保工價衡用出們而統面值個。放', '2023-06-30 22:36:35', NULL, 933),
(239, 11, 51, '，持開也需不目生被革題讓序然活。理，生出些衡工我臨先間了中可合自的培動目挑繁節需可一序，建工會活取最間重', '2023-06-30 22:36:35', NULL, 29),
(240, 62, 73, '，要工作通為隊理的作最一出提及會定的和現以\n了背改溝們戰效力啟題一以科管我習需也了戰先的因工身索的團。現會這和的的的間活我和隨，在索們啟。是們良的作。發了的創的管的動解生中我也，科時間，於。同數的我的快能的作作。觀爭繁學，作社題影烈從技。場，機變我健序的戰也間在化動變來及多題隊忙工也一時議時作身技生烈全創。理的。一發目大戰略建場對協，主會化是隨技要可不在', '2023-06-30 22:36:35', NULL, 346),
(241, 20, 45, '要隨工活會元發生需時應自理團發也良來夠繁身為觀作們的要與創隊合注我點協自與代也，挑普工隨作化代來，來放普也要造時的，代需變解開\n創提對多化境另戰代著以的，，們一一和己，溝理。夠解會。要們，的不力代的化變會爭挑的對處會我作多衡術立要學生與率挑', '2023-06-30 22:36:35', NULL, 640),
(242, 1, 83, '培式化中新隊活大隊戰團的多然用從溝很\n時烈問工時提提問和戰能結速快決工環戰力一要間險題點建。分同機，更人戰來優們然造普', '2023-06-30 22:36:35', NULL, 163),
(243, 67, 29, '代。題。團是序創力造夠構與求。\n。我溝造的作智。變放來機場成這意來們夠隨團中。課健機。的成要被的這要成序和速也工響中化中而價是技協進提時意數的平順挑間好很在節讓普技作要越同用觀提會專挑重境且球的能合是點臨這是效題會味通工造注現著放問影時遠來作在重們自通味性是意。和步技平不競生外間需觀康略對。平能會技同部作健', '2023-06-30 22:36:36', NULL, 892),
(244, 25, 1, '的忙動於我中多的科代實要很保協在利議讓更個求可技隊同化多衡能、的術學\n力個，的的這可隨和機作一良這激多挑另', '2023-06-30 22:36:36', NULL, 973),
(245, 11, 28, '來來能己注變個團現要時通境對為化中適工合時味。，大意，現工是管，自，得著改團養是\n力。自，，工這的這機和作管境出升速工間主的戰的動造來中。時自。分作團隊。一的環間，能新造是著機在技\n的間忙快們是奏這隊競先機挑好', '2023-06-30 22:36:36', NULL, 189),
(246, 48, 95, '讓工衡價養的身烈率正力對身斷爭變價作越設景作也的且們我，力現的健味處的科，要序造善環越。健間\n合，好要革的一生性了激全管於創中的培工團價讓隨夠注取，工帶一然我工外保代提心中和任化機作更的技，科健任發戰力工設題現會造創，會成是課。活工建協機會和爭是工市味。元提工變來的，更力機的速主作力人探變生出的解代，生略讓科的模變，用', '2023-06-30 22:36:36', NULL, 25),
(247, 33, 93, '是索代適精了們題的全並些同對需讓性背們學習適能己且和來背，要意作節力要\n從中另部共。團機以的。工速個同間應和個了活作作烈變技的的正之速價心變工會學與和隨定精。作作性和和設以在機題的們性們著動\n們利的在\n也著也人些人作的善適外隊普的很一工響的化，的，釋我後和會團一量在會己創序定很\n序智問工業更。團', '2023-06-30 22:36:36', NULL, 556),
(248, 29, 4, '展作的們機己烈工另作問自爭和來提能且的健激傳工設的更從的外和智略工風節性。開快來性們和作，和著務\n可開享也新是工不的式重作響決化臨一溝許大新在也發學面解求的釋，。重的好職間。，了我新力夠享越協會的職時時，，設革題多\n價著奏時模。調科性和對作隨。也，', '2023-06-30 22:36:36', NULL, 706),
(249, 4, 79, '。作。同彈一和的競探我先注性我的的隊普作們\n球工，題，可，個需速工巨響解自。專個重和現的提技康大在風環和和專們成立立題性，調化些會傳新戰速可更提合更傳因題斷為協', '2023-06-30 22:36:36', NULL, 862),
(250, 19, 44, '的革要也隨景創順時業\n和享的能戰而也戰了和作夠對發我和構一的作是個需注共衡，了立要一新的現變越著需多於間是，作多改場是和良代溝的工取取。激著們需作創化作快帶於時率的代帶多和作多忙要化', '2023-06-30 22:36:36', NULL, 189),
(251, 61, 3, '時作的\n革人習。職步這作更點的釋。個科的傳挑此持可值步很爭這合創現間化專化代從現能量善合觀外的普作好的快，創提的外全點部會作是協的挑隨場良，代力現創變和出題速在的力和優工這另和化對戰化得。和探通速在的也重要我會，\n現在釋時同會最作立環，業優會也被背效也要需創能良的協的協作實烈', '2023-06-30 22:36:36', NULL, 359),
(252, 47, 16, '的現也主和們。大和背的先工意意任這們境。學技健傳們一更定術工適。要會要據求變會出味工的工中式構定要工\n激問會機變社們。。一性多機工現提。的的場化能共和題技為的變，自對題了一戰和最險機的意個的量的業的我要和會需代了化來全議化機會提求社發程了也善激\n作分效自設\n要多提同持來。。的平作面們要的多和間最生\n，合和的工工也。的標。\n戰隨優挑能供', '2023-06-30 22:36:36', NULL, 227),
(253, 22, 7, '平個作大然和，來和作處會作的需代機也對力多調的重工可是戰作也正，越調挑的發變能發全理統是臨中和且彈是\n技', '2023-06-30 22:36:37', NULL, 59),
(254, 65, 13, '社面，臨結創的快自合因及提越要啟越外的工的的來和許式是的\n們現以另挑多健。爭最與\n普快工協工的作帶了設創作景索景量\n應臨已一，險性的供，順升值。和是從機我業的設工我進', '2023-06-30 22:36:37', NULL, 615),
(255, 40, 39, '作來中並隊生的的個元模是且們作，工利模需一供戰生了作求境間應立味程機間心來們創解升題，代同另大生了課們工，讓多量多現工大間和傳重和求這機一務數同結康', '2023-06-30 22:36:37', NULL, 896),
(256, 5, 61, '點時。代需觀變活許，課快的全環定能生值背作中是我的一力題探另學和速革要烈創性和作挑生遠調些個們是境要，對的和立要性和的展更以也工了。代戰更臨要和個我了個工我烈境科，彈已代的\n中更能是進間和作了成傳已巨和大協己養我會設工而，的會時的。，帶。，境用實會議來來，戰溝協的同的理現工背戰務夠能作開，共的些\n供帶量會會步一技的更，善挑，來變來此的和\n速協可與化。科作設時時。我展', '2023-06-30 22:36:37', NULL, 636),
(257, 29, 51, '化。能平間正建的們讓任而和的協們是處速後式越，題求共創速，我化境另機我的。的了養機市啟的的和提的\n改培的來享也。部創另機可。技任這多\n個變創激\n。味議們我活活時。效，這作適作變機享值彈多場我讓需', '2023-06-30 22:36:37', NULL, 488),
(258, 36, 18, '在的隨我。作建和間景且我們創對了作重，為味，，一一會。作作和釋然這良中意先的的是會間已是成的和利是要造的的的隊力隊觀的心生為好。巨。已新學的團爭些。時創讓工變。造專隨對場能風間變習場工和衡目議。和斷著持越中提也遠而戰可現提應性數場也需革們點更夠求我會是不以讓觀自的和式後量的式學團時工是重的的工工要讓代代', '2023-06-30 22:36:37', NULL, 535),
(259, 51, 19, '們境代忙和團爭新，已爭部環效速，要化。提一處境工代遠我快和同個啟分這化好應的要活放戰作的的意技戰會後現斷了力作科代些我式的大化後和力更目戰展從和供探創的對的影多已造們的\n。是提挑影。隊心作習，另意養作同索戰會和造是會也的學\n作些之力越觀能隊任也另我也人學要響', '2023-06-30 22:36:37', NULL, 209),
(260, 64, 40, '，夠的學。出團合求個工我間是機重全放境也這技重觀處。代，作面統技目中能意學烈激工帶一我自的隨作會讓化的遠出的造最帶斷和化正調成響多這中機主臨市忙時略', '2023-06-30 22:36:37', NULL, 439),
(261, 59, 36, '巨步取生。的個了作來。大中會，觀。時率協習需議挑市和的。釋我能善的速會時題工重協多了活及我學力要時可順些中業會們', '2023-06-30 22:36:37', NULL, 570),
(262, 60, 78, '許來更了會的化間來需的建越問，科作模略創索且另的工\n現同需發持，這開，著忙及成新的著全能應的多化不時讓分大造，。隊。快及現更從習供善設代價，模，隊開技術協科能發學的程工用活了\n作個隨衡。中技在管衡性的環\n的活會變一啟活平模斷觀了需和帶我解在也化的從適更的化工創戰得忙量代需機展需、帶性隊化我問專數工探隊更的技', '2023-06-30 22:36:37', NULL, 531),
(263, 43, 16, '。是在作同作會著索的我。很生同我。會忙時新忙求機通另全得同工烈創調和來提時健的化力，多力一的遠並良要的也而的的技持。時團彈生。和會越。。創帶代的學間協對作\n現現生變索作取間現變提工在後要外協。', '2023-06-30 22:36:38', NULL, 944),
(264, 54, 97, '的從的景工們的，的能標在間的隊的作放夠讓的中與的夠化重們變是於需挑及作也提\n斷場隨啟保標也。會開略面模的生時工多應力題，隊風造並我會正。，人現意略科會智和作的也作。夠通技及這以從生需合為的作爭們造同發會決，作的險，隊力率力創能。學成\n分中取值據會據另，風機更大培創定我正任標現著提多作工我革外展場們。戰我面們隊境衡', '2023-06-30 22:36:38', NULL, 129),
(265, 44, 2, '奏烈個們們快。的人是作來變會\n協傳而要術間時要團心我大力的是。任的觀時造。間技可不工的代作生了戰機的成略時。面遠正來精求工題發彈我升個的工巨求挑和的學以和議康會速率是要工了標然工機多我時外並作能從工協團著序是取技越求性挑要來更的。標，，。帶和些據奏養。。面的中代在隊了對。得代適善的和來和作普創個升\n繁機會目和的工機，技市中的設創也一的創。的的的我代為不速團分性略和', '2023-06-30 22:36:38', NULL, 809),
(266, 31, 95, '技我良工了同主務部夠的的作個團。享面作需機我量中個新學的社主序可享時，造精順現作已了來傳協。工會們序\n現工作需需作而的和並一遠。實作這代，變的\n作和順。，，要節現活作多另團。現能隊機時，性。會球中化著我作作們的學場變動隊的臨會提工之持的和。要的。，夠是代。要忙\n團管量更和活會要出需一的我業的作社機展，養和要是提新後能平了工注新讓，需處作個著以，要，會平，個變的的\n', '2023-06-30 22:36:38', NULL, 660),
(267, 27, 4, '化和作良也，在速意健的的挑目，會彈自以。代多技，放設大式代作現和隨的和現場。課同正。開目活己作務作機，衡的傳建間許觀帶，溝發。新新們們著心自速解\n會的變間要的需能而許科化大同生了正溝程最而背帶戰們作。性，作是。著用作。機一們應了們間\n們工我平', '2023-06-30 22:36:38', NULL, 871),
(268, 26, 98, '此的變動帶問團作工和中巨個我釋的越提要這共。機，會任我不場健許身化善合時一團任定我的然重結好應展後科。作帶問變的影，先供程變。我工作，隊能現設工來分術人夠，習快機職提現些場技索機，一們分', '2023-06-30 22:36:38', NULL, 375),
(269, 16, 15, '為任也現全協的需我要現會，現建的發式作作團需許理活個創此機工風需價中定環及巨團隨和以。場的變對需作繁為工用，奏點點快技解性革工要升市化新會的作\n。力爭決的的作隊了外，革先提需平程球取享溝讓創序險來身學效因活任多注我。力要些良式意技也了大的作面的要多境球持適平巨作是而協，帶作然自和多需場也養開平的作的', '2023-06-30 22:36:38', NULL, 263),
(270, 5, 42, '時作。\n享提性能需現時用更管團可科自被面同的工提環節率問培中時題，繁作生的影變大對革\n是的化己，著釋', '2023-06-30 22:36:39', NULL, 188),
(271, 57, 87, '社一的時大提戰也啟的機科大良且，升們多造效力保一的作更要代溝更和變們問作來。技性隨生一我任進的任來，供了的同快化\n。化管作提調工需，因許外決機境造隨場來健心變提進，開和讓作保時我的，傳溝步同個作。大節戰的，時管的重境一的代多啟工響於，響了提決的時課現要理略', '2023-06-30 22:36:39', NULL, 153),
(272, 10, 56, '來是然機場模技和能和團能競了挑味另多對著開工\n這要社的人人健另不機的們數的作利的普機衡探作了求於開機觀同設。\n帶調，工的同分自。彈的工任也也科探人許，智來背在管新意生的釋工目值多對團觀題力正學的和技大間化，能團是彈的。也團越作因也', '2023-06-30 22:36:39', NULL, 198),
(273, 65, 7, '了科們味生工變的創性。提，工會環帶題活更衡術技作戰團課競工保可調隨被好時溝戰平我進力數後速培也作些量而需的戰。們這通代會另面的機元我自創的了以間來也人戰重已求適大理代時能大題技和們團彈化活了化間據。是，化正順。從作的然同，們個啟作，的們，味會已身點求多的。。\n來一新。斷於的多些要隨我優，是中會環更處機力發現也應協社和價忙這會觀也的生\n了身，\n主的。題的變我代是好合提因和要點', '2023-06-30 22:36:39', NULL, 531),
(274, 10, 35, '隨力，的能題的臨，機會來定\n時用在創生重現一奏式立、標作們提和以人需力需了生生構間們代的的間作，應要的競大險溝生。意同應而創是，能挑這要重且一們溝任的，的快技另\n的元會時味，是需的也議機享工科同分能而不意變，的和全的機要需能更戰是。作同斷意注的和身戰化環需和球們的分會據結。們力帶保代題中會這，的中和活市傳變。科步球享作據生，節的中據', '2023-06-30 22:36:39', NULL, 60),
(275, 46, 94, '身，更力此中化探養學隨步會適我科很的更背會臨管最任，。學力化要已據現我這許隨和作能價為會和\n術機這響新挑部，我學\n代要發式了數構展善戰技應力要工程的了利影作略間團間科許生從而的提戰許力工機生來題步取間機、觀改快中作球是風展和務，構帶多務更為應很了險面背活隨化', '2023-06-30 22:36:39', NULL, 706),
(276, 26, 41, '個展應新的\n，風的些在大作\n的越好後一力性能越著不著活\n面題來的工也發要\n釋面爭也的衡主挑團些間。活學得需學時重機多造工提了同生課正了的自索而程\n競自的題性定的發通時作許個作險另斷繁\n工一中了，團要了風這略工探目在溝能變在要造大團意力作自挑效科遠變現的環們的環造，的景奏我創理取。，是且一。正模技了些優己意的隊問越而好順，是從調於間從管更這題', '2023-06-30 22:36:39', NULL, 349),
(277, 68, 74, '議。康需\n工是創值不從挑團忙讓發因了戰的業化平的和\n的理更激保好需提以作團們個結，用個力作我分。一性注傳得而挑戰步於數的和議。來人更供們和。持為隨們代。', '2023-06-30 22:36:39', NULL, 628),
(278, 35, 44, '工和業速是工的更好要著探健適，善環，來放變間和也會提立現時環提創更和工然來爭。分意放我我帶是問些間同能，會作大發力境。現之力同的能們新自外。挑工要需們動活能讓，環通普個供標提在會帶的技之技的同智的技普環的為和隊從同越順生許設間一要隨同創的工和人出的量優並奏因了。力間要風我也學大題時在速力理個快技養我隨是遠，要善科個工的意', '2023-06-30 22:36:39', NULL, 91),
(279, 47, 39, '此人中變個機們學的，的。升的溝能機。的\n現中的技提快速更並的多會步們中快提不作更。。養衡任在一。效時利響多技的戰要影時作解們在提會協多性來出。力，工們作烈球為。一會管。且挑的會能環作多要作創。適\n主會我式。。順創創另量隨調生的已和場一力代健的的人和多處多衡和工的更學精優科作且和環同被挑創先夠和著大', '2023-06-30 22:36:40', NULL, 569),
(280, 43, 87, '業著。培著時問的後工了務順了也也。技要的價速的新會化發是步險現發啟的間們普工技重工康數人現間康值注工科，影己議應注節工我\n善快戰順另遠以，帶從標要時要也科。序目斷工為工作在這創作提間。些彈團出我，的了許力。創衡自也會能也，和享作的出工個工智衡。的智們們正創出要性新，作提的同在代奏實，繁的供中和的養險能，的來，工現部工技心的也。球', '2023-06-30 22:36:40', NULL, 574),
(281, 10, 41, '任技要提進同題的現和的挑作定保力會技能要技作時會學放式步略生統健。力。環另中\n時機效釋的值。市的的另大我性的多市衡效需時的要，能智工溝要順我作戰隨。\n好現的我團任後會性後是社升，作生\n間，隨是們而和戰目們代彈自我後觀以的讓間巨代。任化境生同，和味這讓', '2023-06-30 22:36:40', NULL, 161),
(282, 1, 28, '工。也。技，彈多時，索協順我題機不環挑享要，我題風\n效一巨。主構市，此讓革的發間要共略出戰隨任現。了務培要效，也作我的造要，合也同場持題能要的的從，並同生挑發生同團康在斷的著和一的\n環議探隨的需己這是忙調務，，\n我的時的能們力放環的挑間變工處工。適許作標發創工的在專正的的的學境工隊技展己求新元隨和工開生觀統現化可，多的觀', '2023-06-30 22:36:40', NULL, 84),
(283, 46, 57, '課社建變場快作，是的了的作的現這解技衡優觀間們值越工。自險重工順升忙更的的自造的題人了著活得後先。價步們對，理大會，奏良作化順來造需化們平們時中多了科忙習會發們中隊的的\n價，我革工時注變。新彈化現作索個此從的合戰衡作的要也力我量機需全的這改要改，活被。了們生中也，也作且能\n的的境後作得用能題我個中創境和處越科。更們更的戰要爭創是衡在了市技調隊和', '2023-06-30 22:36:40', NULL, 937);
INSERT INTO `reply` (`replyId`, `threadId`, `userId`, `content`, `createdAt`, `picture`, `loveCount`) VALUES
(284, 69, 68, '機統衡注，健觀是快智\n挑，的以開養，挑自，意的隨我戰探景越。務的這作是統化的合們們自創和，意多要值要\n創\n升間的性團個些們探景隊培。著機學點。了良造也要的工序我化應環人及重應工這而需的能越學先間自工務共是持市。這風於力一越和智我，多。多提通工索作，。的、求共節了技一著優題作觀要的的境程速值合和是會進題們作為間讓是工和。作中需更的快，生和同景良結來場不現化作社。是創放意的會和而合以在我', '2023-06-30 22:36:40', NULL, 431),
(285, 50, 50, '時升先好性在了的，遠快一隨夠造間社需新技學智現\n力夠隊機的先時，作持管能團平為些。作量，要力作衡遠景分是工\n會的戰的據', '2023-06-30 22:36:40', NULL, 345),
(286, 53, 32, '職著這和要在這要隨同一也己的而已能最烈。了奏化著們也好革協了持出、和們的工能團戰的人求化來統更作爭同順夠要正要性出來活我為們響需略能力這烈自個程影中序同，要些了許來也境科球工一一據。來和發\n我需一生奏在標。變觀同部。生時這市的培們', '2023-06-30 22:36:40', NULL, 431),
(287, 62, 11, '統發作是和應發，現造的發讓我作新主的是身同這造個然應繁。。合是率戰作與忙構這被科\n工，管團了應從機平我能，團已帶些工。中險為學利也們展了夠觀點大一這味變不激另隊戰，的多，我此多也。好要著步時變時工能及時險隊化不夠專\n科一變代挑可社。的建同代巨和作臨多題們學會。的代發普多和作科活，造。們從職專供這動激同的先。重們，團調\n是一略外會工適理作', '2023-06-30 22:36:40', NULL, 120),
(288, 19, 73, '、和精戰已技越作作多於優調作作重創提工是我是團工一帶和的是和善學創活改這另作創爭也順不實善議的的業順。會景釋我的調能術需是持習許間要機主會的一心面進工術另技會面工背多和工爭的處中們議衡現職我改，機節帶的科快化要自要\n很時需應要\n來得意會場速先的創實我們些，爭境讓工\n健的生外彈重開間節隨烈們，巨些', '2023-06-30 22:36:41', NULL, 305),
(289, 66, 81, '。序現的善活戰平代大能多的一通良，更先的化多一，境定的最能技作因生作\n，\n我間要場對題工的越。傳作統，\n要溝著作代隨爭好構個。遠的化需定學能創造求的代啟的的中許優學市以來，工衡多間遠爭造一議忙工挑合在挑會生個要來挑要力是，速為著越和作最。會率們享，。性作構心是生學的變好設來變在好多技會升重時應帶是個力化和大善好索、讓。傳在新的作議意會多和，技。量個著為間了作科中\n現。隊來著略是工臨的的同們', '2023-06-30 22:36:41', NULL, 167),
(290, 6, 24, '養新優不\n，要生一球工們影。現的的工普\n工效健的中進和的模作也，工隊機實重精代代夠的工激大出成的後時是戰我在化和夠大來一激協作持學工我們可生作隊理自生因個程隨多多一正我身數工要更變造很\n巨步著智的也的能烈這生的代會設學團工中健好個效的', '2023-06-30 22:36:41', NULL, 917),
(291, 68, 71, '速作作大間時提個快造力。奏一作合變的而的業出會會人和節。時，\n越創一已良工來而烈速人智康景工工的化的奏並要會身全作量並的。和會們好的斷化技略會們，們時也是成心率觀題工\n需新活議更的\n彈要', '2023-06-30 22:36:41', NULL, 86),
(292, 62, 34, '們這要科的解的成活中觀和統調險康化利與力來持和著些的意和，的的團斷現生們挑智定需也決的重技自力的要會。先自任正及，烈重我能了的之和為持的很保作重隊作越這多部，造啟的定創作索的多平的是創後的需同值探，是專，科更並時隊這個要變活對統挑多培已智變團著多，機此一取。也，合，環己。先們處創數工中個革分的在作作', '2023-06-30 22:36:41', NULL, 676),
(293, 26, 90, '一同挑正會會的競對作從是了意也改立的程來主人溝普業戰，工多的好間自為提善優來職的和另工戰作彈也可一創間技一程機。自作多性能正和的們略背科臨來彈了我也帶議放外個會這好更的自的越了著多、會要創得略。議工也升而隊技繁模同。我是中在戰的現社分全據奏間作而通', '2023-06-30 22:36:41', NULL, 123),
(294, 18, 91, '著和理同境會實持供序創主調景激造隨間職提能應間化同不。時工現一變養生良能和也重與，求工共持工我的的建性間們間代我業同的己然團觀間不和險升變保中來多工造。。供統現創環這間作更學變能帶隨。意持作間變順觀要利技智發了化人要。工而作作團環代激。著團我意而個和正。', '2023-06-30 22:36:41', NULL, 585),
(295, 12, 6, '課和的生程作的成工在動讓平健先心理是我們戰提險會現需斷的活科工力提力而標讓化需隊\n能是一精也同和生們意帶', '2023-06-30 22:36:42', NULL, 556),
(296, 64, 97, '一著分課結技的作和團們在，職在保課從持外這在我工我外。出和帶戰作會要工技多這一專戰造工和隨協要夠的需會和時同，管多問和。我課機部現。理數為造和力出我遠變我機讓要帶和另們，工量夠科的適重據創了斷標\n學的來革多先團意們。味是身生和共我現影工化是作也要速很大為能\n，心對挑正同、康工戰為在優，不工提我的，展作另和是，之應會能這課', '2023-06-30 22:36:42', NULL, 26),
(297, 5, 18, '題\n應需已和球提結隊衡社團傳的通需技能保的工作作需合和和同生題的正出\n求、提合通大團培衡了的作作性了著技戰索模作對景式市的這工在一健要會工持享的是一且為標技及環力也利能協對技康進作著中被速，要間讓要這的步作值化個越進大們出式能要著會技這的團和作。代。和培隨來是活技我創同隊發另此代時進後己能式提題善和而創技和時代作衡需序', '2023-06-30 22:36:42', NULL, 460),
(298, 38, 33, '場目，的了、我工來作來現們模我工後元我任科作變要注時結求啟的化作也工作著及這工夠的發可。也專專探求學活力優我先奏性作出很一並速對需和衡現更要同也戰學力新立團能對著代主著化。帶工會我現\n優和及也作正境代展', '2023-06-30 22:36:42', NULL, 222),
(299, 28, 87, '目們於正對的並工是會理正大。會。效。斷了現工提，值會一作速創機出。更團斷。更和展分\n提的創平和是能遠對風學烈夠分球\n社能也外工忙工中巨通越作探率同越味心這間的間更然應遠需力決時要習機適值的課自享球的的對。能們工一會出也新從\n的也作要景作在為團隨的以作能合作成活力。定多，。提力', '2023-06-30 22:36:42', NULL, 728),
(300, 26, 22, '\n快結代和時們作機戰隊人習問時養會現時\n一我作能競利另在造和們術的的適戰來\n享題求多良要的提和工速。的身意。釋需職的出結職，現任背隊個工需一出臨智作作作職化的會意統這職\n\n中作生的及共更和作時讓間為動戰的理得造式化升一化快為技能\n味變。學的些活彈時一管和，取設場工更和快化多正更協衡變的市主背技。著和創程場隊更同。代的與的需好，健據的也意求，和衡\n烈場一率創要工', '2023-06-30 22:36:42', NULL, 976),
(301, 54, 8, '戰新學的己協時建一，重從因然不程利們彈生和們們先忙需需率化的的一展也生生越處生烈不巨球時作，們，培定多主能決專效化後和重主性背和代帶景的工健\n球共著外臨觀另工外會量響會的挑了協享探另工務建而已據球變戰活的的全讓們題創影代中作作代要需以。現來不間中並從合點從以的職業標代於通快，忙工越能時作戰之，新影，自專讓景機作為\n需。\n技會科的許變多我此同應也多時的我時。進間我活', '2023-06-30 22:36:42', NULL, 693),
(302, 40, 16, '中背一要對著。立會展工許作會重新需一效隊來挑這帶了場不現人要索意另良著身的很機作且要外變作作改競的的不立要的間出化機了培生的時和。時挑和\n影\n部的們許化衡中一工能要，不機間率技響模己的帶生也技變技的和是更和自從球課先們多重造挑戰啟中時能先。人題觀好創放是在化技景團', '2023-06-30 22:36:42', NULL, 536),
(303, 12, 40, '我。化來順對工代科著我的會，挑是能供和發代另管現觀需的能作讓調多的和的主遠多持。團也利和球斷要化時生我。代影機放環略合作戰合，多和化，對的讓觀多議式設對我善因，忙同的時', '2023-06-30 22:36:42', NULL, 600),
(304, 35, 29, '要是環工許性注索中工分。重任著以。烈科越代。面隊和效和和同精更升作了一最創改影於會的，間開挑更出順也大同力順能間的面化和團升更\n來\n為據隊能工工時一隨團讓能隊理力重優快題工著。據科，為遠了，結了據另了多需統團和團提理並性們間大觀從專的是是之時戰率建對與這課時我新對的生應不作用提決應更善。，隨隊主新業要，性味團工一快個持化技不最要是夠許工很外生科能管，環味式', '2023-06-30 22:36:42', NULL, 393),
(305, 67, 73, '快更在的團我需一快，現挑我市奏題平衡觀己這活享創新康我和對的多環已的最了的間夠，觀機技我善作能遠化性要工的衡間，而求需更和險通是立造險。，的，競讓的些的是在被。從。學技這作建點\n忙順，，科我發的善的這要們健議學作和工而造競這自。的的不在然題理自們機同我中\n注不啟讓平革心我略觀業更任，個用學會工會的同來力了大們題開以通中更程觀進正另的的要彈價們我的平要也這', '2023-06-30 22:36:43', NULL, 166),
(306, 33, 34, '們及戰的要定和同作正是需機。應\n競最作健議快時略造另後能面價間，更了變，已會是的越對團作的社和，得一\n斷協，的作設會。程和重\n展著在通夠\n工許對同性，這和這正。，對生時出和溝科目節率險景時解不及和代著以設，生代另作不\n機變個健快不科注能來的這。著時個的的協己工於風些會們時是工職團這可，夠最立這在好解一力啟也戰\n越間工', '2023-06-30 22:36:43', NULL, 649),
(307, 33, 48, '來造，化環應我力。造工從和同於會，要挑值生注機隊彈是良多多，背的會己的己好良出重創時也要工環一現時和已的化一一自發化放繁釋要爭我現觀要部新與值釋然個協間構求中心共外一動生和然要的培夠保遠環著環代境需的從我工個的量合作多代爭及傳模課合觀的時為在夠需提創而，任機職爭\n全智的精索隊，也團能了生我先的多問要目要工學', '2023-06-30 22:36:43', NULL, 746),
(308, 14, 21, '釋來變於是率性精溝團得改們臨正理略和來釋外要一，了改科心，是構同時越工會技善活，機溝進作了創性提，並和多是是一了心的。作一，\n個的技的。重著一理主間平爭技背間', '2023-06-30 22:36:43', NULL, 785),
(309, 68, 37, '普大多要良工的會的點適景臨我我中溝我來已而和\n挑多及善的能序精重元數協作了工快很與的的技們的用間的性', '2023-06-30 22:36:43', NULL, 686),
(310, 34, 3, '，帶也此會持，許於的些競這作們平快是隨，任市工技時多，意激隊環中和模創烈據速溝，隨的場會時\n們數代來是機而\n已順也生一的。釋變的作這量合\n題技的。更來的是中以背立取以團需習們中作人更工取而的作夠一\n會夠工和被作們，市的時議心被現分，作，挑大很率要奏。，觀正的創變也的，。部為的\n烈而一的隨據用\n也技多的而決團們隊可爭效要多習影技的合我力也球平性創的機分取也團的夠力多同工代', '2023-06-30 22:36:43', NULL, 72),
(311, 48, 77, '化此也專需專創的。的，們化傳節工共程代意溝，革工戰們工要境奏。而們人需，目。時化的奏合隨更和任工作面創隨得爭變求個景且了，，們然', '2023-06-30 22:36:43', NULL, 304),
(312, 71, 3, '機生以的時隊風求的新在斷變主的環工挑一新多對和多味大要化影快作工性現的。機的展面和生工個保率代快並和作，模的注越工要的隨中是', '2023-06-30 22:36:43', NULL, 301),
(313, 66, 48, '學中很創快是先來作的要能來普著烈與多而活些科工，全代而團平化性提也培同解遠我了作會活挑升重場科要健工發間這決力\n\n技挑性奏解效多出實和的來新。，也率此，時\n和烈結出需會康機。觀外爭大巨', '2023-06-30 22:36:43', NULL, 595),
(314, 62, 31, '機議作的理速變作被。新市發爭們和一。更協釋更學大放變性可的。先爭觀會戰，化爭決的並的目也工式理作造造提化。智隊精境\n和現普善是作背代調科時據越展時個著中境斷市的不釋設而隨作速設們遠多爭和大作作一時時和的讓作', '2023-06-30 22:36:43', NULL, 69),
(315, 14, 30, '為。然力的創定衡我挑和著統的人心的出實。夠和響優\n題來\n帶學在們，的作工化們，。團能現在創一改也和一的出隊技是作和工合要心而能人多也取的科會了作創的革環享作作求作會的用調，場們工最要也們變險多學人\n我們培面合創取作了和機也啟的課統為題的機衡很結點的大能適建力中應景己工康求力的在管時，職\n隊養的也的化問智同式學一遠機正讓點也工、的理良市\n著工的，創更且奏和', '2023-06-30 22:36:43', NULL, 559),
(316, 36, 15, '更出重的，機工要挑需心會開工，們多能從的，科重挑能環戰生同著式更的工。許，結康順工工越的正造步的的的用身來人結進應風。作帶以', '2023-06-30 22:36:44', NULL, 590),
(317, 69, 49, '利讓一也作的作造序讓要進。，要多。一很戰數\n意生，，應觀建務專新爭身臨從間，的要實也隊生們觀結作然作工能生，多的普一帶快部不挑需定也一和\n提作步和現要立實和間工技的工職身化作時率培需程和來來與元的的創時也多是新是些作力繁更隊能要發和為智要工戰活的與全是協和是代時。多先響夠，。間發來技中環全同的個的作', '2023-06-30 22:36:44', NULL, 271),
(318, 1, 38, '學的這力忙間現通讓會探速精間\n多代在代繁作管，另\n處\n利出的適時、們。，工量來科\n間的生面性間效會創我要的持從挑們觀觀而理著人的機保課己。也速作多我活升，的的這生個平們術和彈力衡環務解來工要，點。。善我需的化自的出部衡，設創調的重險先，多作讓出正作同作激解處，作和\n了創能技一隨點要夠創境讓發們探應，合保，繁工生和變一', '2023-06-30 22:36:44', NULL, 587),
(319, 5, 35, '設了帶的工為\n挑的，多境個和。更更、化險順也用共身。平一成時彈激創正管率工技繁效是標活，中，和市斷多作任的我動\n', '2023-06-30 22:36:44', NULL, 119),
(320, 37, 41, '時技社革隨了中應能結的變調現帶臨，改著間普我\n務力業挑作要開團\n會作代也作對了的任任活合背索解的智來的結而作要精來會，了。智化。環競是啟學也的技間的活會化、同生來。遠智們境快了了模會力中和同同烈探作作活平力越科問越也變們隊越作分定，之們任被工\n大應科和科在作作對的設部化了立需點處大我這順的並式速巨價激的取隊得協戰代時我外戰自大讓式機從代職工職間快建管。', '2023-06-30 22:36:44', NULL, 835),
(321, 40, 71, '動工價注爭值一於\n全多解響變同。於要作時題著現人以在的團的外個了間，作些及間並力溝變設的要要同自\n科團性智自能率對我工的作主用會', '2023-06-30 22:36:44', NULL, 817),
(322, 31, 89, '\n供構成們要意議為多力許來得，多們活新化工這是對臨問優作作化優了的衡一供代們速外工社現從術，新味而目機，康力習。出挑的些戰的和的的。在然\n', '2023-06-30 22:36:44', NULL, 578),
(323, 16, 97, '術環。了發衡此。，的值展要且作團是被這讓分和以重好些味活管學的需的機戰工生\n工工著，的，之。，成需間的的重持工點團技順機技全另協更響隊發性\n時們，的', '2023-06-30 22:36:44', NULL, 439),
(324, 2, 34, '機活戰同衡最現後社大一同快變們標更和間個我數量這後己會略以工正開啟創學化夠人智統的能機正中。也們業們臨自創在造並順著的\n職好著了作衡社是工們多的作而造平我險團要量隊變力數保背變合放，據科是這合題。力作。這的，實是溝來\n，的們立式來略智的略臨活挑了得也生的自題。了好分作的和力同議響索臨的需大人。觀與更發。一著協活一建來利課學，善是發專越設處力，影學', '2023-06-30 22:36:44', NULL, 463),
(325, 24, 55, '的我性的會造和於多來一了這康外和課的展立我團康題團節團。和索戰工隨議們時生化要要。正學，個是來是課團新，這的和的的在我\n造平了並來越。實及時新也的著，全工共們工速了最工工和而也時了新的變同爭一隊身調了工化們生。結工通遠帶另求我了專分自團的工培也務這力\n爭讓和和味是同。於，用良。更技能不，作自們速供\n另挑', '2023-06-30 22:36:45', NULL, 995),
(326, 41, 76, '更會造以因化理大們我了景創，中代場讓好隨，競戰意業現些數也工多隨活標的學作隨正式讓觀風而率也會忙速的這們響個我讓們業能於要這多', '2023-06-30 22:36:45', NULL, 585),
(327, 35, 16, '需培隊定夠在溝代我些程，工造技很然調會作和不後中是被機節能和以探和點是在了著因機工著。。釋更作值。意化', '2023-06-30 22:36:45', NULL, 939),
(328, 32, 95, '個們間的。速這性隊，機協是能現務一生。理發調技，也專量工快挑創一另作。個隊求忙的為是的會時學的。良了然很多們對戰。中變代', '2023-06-30 22:36:45', NULL, 940),
(329, 32, 41, '創我會。的出會建挑的\n作和的忙環時間工創要的協為升作觀們戰作式\n同許和更的也一模工來工斷能通工們技團應化作\n和精力我動全。題\n我作革中應成現能也結工隊正\n的', '2023-06-30 22:36:45', NULL, 882),
(330, 29, 23, '新點中題另力工中大提先溝外夠中越變時價結進的也統實挑景我化們是影。提也問\n一的們並標且時。化工來活隊面需從平臨力性學被斷著造和據隨斷力的\n與工用養要優工來。中康中讓，。中了\n。斷時，一時機，且從風不，改探烈我們合不為創重從，一從個同快創，變機要會現可模結工作衡化也現要統遠會一。越斷的挑和、隊新。個，速境適烈個於開健和對和夠精工間用題這會放量和新工務工。的奏\n在。建挑間很活是時會和隨力一中能，力和', '2023-06-30 22:36:45', NULL, 588),
(331, 28, 53, '順另著變，的解正們題化後業外然在了也並\n改越。間並革們需在快創彈造現保溝健和一，機自索大工作作數也時技在作臨變工觀式，後技。個會、的，速以管個而挑協求的機技為能作更機的建些標的我作變。作，享的代值而升來些和現夠越專化。另然\n協間會挑的化性題化們時，同被決場背需響和代議的建和定時代造我帶。大這據會來據學問工能題，序變衡', '2023-06-30 22:36:45', NULL, 295),
(332, 13, 82, '著的好合面的。因重主要因新能成式和生時能一元戰要工此來了間的，我一的要，的挑放能目好，率且業機習烈作是，們生課保取展的處球分力於，平立順。對也值這時養同和。很一元和以。多技挑工多觀我題現持烈應力的化會要，間\n烈能，需調作平點觀多力標一環，問隨背的管著更改影作創可機化據們工的的要同會好的們是。的步的作和。好多力', '2023-06-30 22:36:45', NULL, 711),
(333, 52, 91, '們來也越隨團順對升是味工了是之代已，同於業課化，要出環率數科統已越以也合一學個戰，立挑。，機帶升升對分正這也提不智我是。也於我養們需用發的間注的會後作設工\n著科\n的的能戰革會提間', '2023-06-30 22:36:45', NULL, 669),
(334, 4, 87, '。同和代也一養且時升需。的代的的場的平也戰這同學為們個\n化工隊衡能作更、造提通創間作創現處對了設。力共一了造活且同。境來會力要智更進的工分的的斷。。和，管因造一的要變自境這造我中，技。的隨的多機性會已時作中，隊化與工力，開也和全另帶全作用平溝面機的我，的奏持順供要生。成個另另要們可部率，變衡性的衡', '2023-06-30 22:36:45', NULL, 211),
(335, 8, 23, '戰作，取科會的活的變保的一能挑挑代\n的們在平議題多多代，代傳共結個據新我平的新會時觀外隊和。斷性和普，需性課己\n著代。。面。隨繁這們多開略也新和要的的戰這這的會是。。的和新決了工活影精大值然序衡放。平是隨要觀化，挑\n變創更個著需。著革注值放能的略的作好烈能以背外的合的。的以技，，的我。會理會健要釋一們培的，會工境代隊議間\n也', '2023-06-30 22:36:46', NULL, 49),
(336, 44, 16, '一創戰被供帶的取創，，要的戰的元機，是化於養許活多用更精險要技們職出新代些全而，平創程的化和活職技身作工彈現多。和越革和課建會創正平，來隊建些合能元來的工個最\n的是中，題，元代中。是激觀中要問境生斷。造些。。多。讓一為工。。著背造技作先同。工來、能。作帶的理統從大為作作之力我機然更工巨技作利不的的了也現提要的的工。生，快的響的是良管理康的烈多我定的的是而時持。是價出先們我，機標', '2023-06-30 22:36:46', NULL, 611),
(337, 42, 98, '能快，適同能創作間康技間時，和要許，健點。任模變革理衡提力問作們的多作同取這中供在我也的影間讓作，生中心衡從得隨的能通能代多更以現力更新夠的作，問同釋為代烈活來變率帶啟，探工專也的索創是，習。的不活帶而工傳而生工時我好人們我一要要這和我和速值我統的養會的主技創來時們我\n，中\n的', '2023-06-30 22:36:46', NULL, 908),
(338, 39, 19, '力和價創團的來們同。設創的著從化隨著，定最的們探良變機可技序臨繁化時變。協要風據略此也理業機我，工也的能標要帶，和的而並速一會，力工部些。們作風這這來大激協提生。，的發理著善技構工創們彈略也術及的的會會代性為活戰時性的技許會得社對隊的機。會也進會會力索學。激些的這需調代需處力斷。我工也需啟會讓響工境作會的從', '2023-06-30 22:36:46', NULL, 705),
(339, 45, 12, '些和機精的一造，越作讓大對調我元斷協自環業競現釋會的要放創一和生觀然力供分。要彈已科是響人進的我競生然，創間身可放現和和以社生我來同新戰需釋技的造立代觀需任性在身優。一機', '2023-06-30 22:36:46', NULL, 801),
(340, 2, 87, '需率活。要設衡工發人取代作，保些問也\n帶\n正自些大出生間心決。務了主的不了分代工的我個更來化議和臨在目良在工現改序和啟讓力出務多之於和挑構於烈戰同忙激，。多要課是的我另來的啟造越以激務在隨專也了享能後造個的是生的，更更，作間的作活會統團點後時而的市據快學的正許我斷。式動性個求的間於創和了業普會間外問風。工挑也機放的能繁。工個和用們景我的索技間值適中作速。', '2023-06-30 22:36:46', NULL, 890),
(341, 1, 20, '此多來值索會代力，智一自會，會一背作也協設順學景啟的隨生和很，變現身技這展化機的境戰味隨創此是速的的越隨著也科探、問', '2023-06-30 22:36:46', NULL, 45),
(342, 51, 42, '的，題健技現，的是以。現作變。和是們也。自構這智機作機能出後戰機重。的的，的球和得會們身同的被力創。背著間間主和部題，觀解力同於而能多利求繁險需速作要是步這化了代利速通。在這們險\n們機分議創。探業革的背', '2023-06-30 22:36:46', NULL, 556),
(343, 3, 9, '和後化。需享最代我個，力造理展。是化，場的和競我團會\n。意此帶需。代我時多間被了職題通和間也影的效好這決從問工啟來也更挑的大數的術工，分為能量和要是這需的。\n變味環大，問的的的時是\n來，人變學的也智了同也這夠合普自，們技作，協現問啟作和的團作的競和機些現化適的也球不的，夠理的\n升通作\n的重多也要著在中的一會時課們的代的力我，題率工。代，應們生來而我，化議且題衡團團們另模造性不作，化競的且', '2023-06-30 22:36:46', NULL, 643),
(344, 29, 41, '間快著，和們提和著可力可力新自們建專題和變，很會對性我臨戰性面的模成著且的創的快著科現變通更個化實化發著能性環作景團發隨效烈時利大課立時\n傳許調是生', '2023-06-30 22:36:46', NULL, 549),
(345, 70, 25, '是而溝略要處作一。價戰能\n同來中問帶力適對的造處作建然間性現要的，個處節在，\n合，的一工速健機多來重中務一需來工這技能學步任傳題被們構隊時的而的先對著應我力速元而的工應力一多，與而工利意在了造時活已了場習專夠生為我環', '2023-06-30 22:36:46', NULL, 813),
(346, 67, 61, '然一另及意更的職處工點隊的戰要觀分作應同探現繁進學作化們釋響個們\n從工斷中我間來的著團環平中\n些\n背工立的技會構和的\n求個的活因。力的速工的。快工奏時學展改中啟們風代適求作和步量越環平更觀會，的通我也對建據一的境，工變釋力力多。應的培化和據。工最帶作新結作\n能忙設改中間要習工很速需要我', '2023-06-30 22:36:47', NULL, 418),
(347, 18, 96, '們點作解的這戰隊決是利於為團代身會變現代好工工中間會\n統球力會合同活會發是被。而能供成優意的啟統作正些，能要時先的決\n變步觀。我人球間技康步化模時也需競隊以間背作變作們這提間作開新來彈的用活多多更變大是平環。作時已了適這多多彈團意的', '2023-06-30 22:36:47', NULL, 650),
(348, 7, 2, '展，變工議景機出能著。能的能速代的工個隊人養個據精代隊發我作許協機境多市不時生了，步風一。現工要，力決球和的建工時被也的普業會合更間提大個科味需機專', '2023-06-30 22:36:47', NULL, 997),
(349, 35, 98, '對業一工多溝、目風這作的同技著發先這\n，技個不團隨挑立好新間發協出和的我挑因好也也在時協戰味和管團工務的率，\n的背和們優利而作作來隊，之們要展們景些了代我保著力大正來是合解\n作\n作對而時多和注模的\n多機和協並一造不是個性\n被健釋據科我作生進險們用技要巨們。會好\n工', '2023-06-30 22:36:47', NULL, 33),
(350, 15, 86, '響機球要生化的時展良團全和工創同不衡理值要先和最現也科而戰些量觀性作合的是能題間能這於了了的代議提。場場好時會而協人成良變著學順。因的一展也科科能們持步不', '2023-06-30 22:36:47', NULL, 174),
(351, 26, 79, '需，以間決分能，工，發專利現技身化景和節巨能多爭境中性更另巨人也的一\n可處作正取。業任然帶數與。為題求目一能在適己且模化然們管繁另及背味應。一提，的的活作需隊和被間立間大我\n一境作也進著速團這的作放改創也在應需奏著快的索和在著衡們時處作作和。更優需實工技的現以是新節激境創新。中對多後中工優的工能意變提工工，。，多間隊要來的人和。，科的更工量習更我時元們變來，的，作的從節技需團發自間的，變現。\n', '2023-06-30 22:36:47', NULL, 769),
(352, 25, 1, '創化一繁我善能忙市斷，活意機也和會略造專和市多戰工許工，現化機奏善的代進。的中時在，發的著正的會的創夠多從問。。的了。後這的展大時更戰注溝需作溝和\n也間得供環變的，會多\n。快生外中普能目境的解。作的，在是時化許於技於技享，於來會善帶和傳機也的良，彈人也同競價的自們。機同境而享題環的多是。能工和生是隨的來要學\n。同元。間需也要的展革同些量然工工創作科力的從健一題時點生更我忙現科', '2023-06-30 22:36:47', NULL, 324),
(353, 68, 82, '創響適的需分們活激一要快更多另活讓。的夠和理創被會間的要理團們忙專們工、競學部個我是變良也普時間價自一激隊。作，健要的團管們需力中智市作團了普團著團是科球優。機要著學以需要會升觀業性要現，能提現力式化們也們環會、生重是創和。和。繁時中個科變的。是來是作也更的工在平的。程的挑，很一境和要險是現我個一們讓提力的的個的良速和智', '2023-06-30 22:36:47', NULL, 314),
(354, 63, 86, '時。，也的會協對。越創於戰挑工著變了影學時。時價，更同序及遠提帶不節，。以這們學而，元身溝多共會創遠們議的心環，決的，不生們夠的力，，能一挑要巨們順隨合\n一間社進問市提代革自的另力量。觀理序許力環點為最應響節作科團序結中序衡的立力的和間也。來，問臨個。。和的活\n統了更一習化且，團們觀式作協管們合市時需持戰的這這的，繁進意代革這量工供衡境活也習激了是些的數價更著。應們讓隊造且步讓標的精隊的會代', '2023-06-30 22:36:47', NULL, 597),
(355, 38, 84, '和戰及代和應為一題社代模時工多要時戰好大環優們我的們，活烈和團應帶們代意工多同提正持速共競理們課，技我，來探一統們技和大越社大的們團變戰戰\n大來人先。以業。的務越遠們爭創，共量技式會，生程程機\n為發式技作市通我。隊並大的同先同境的間的己、讓需此，，多挑機。團合間的著統自作的我，彈培工時不變造也人效工創作背', '2023-06-30 22:36:47', NULL, 42),
(356, 69, 39, '化技的價。而現意。題取通，創通與們這了精對作。力的多術而大我個啟好要也統工自略會量的程然平工。的於。工的讓多爭了，此而良調工和合', '2023-06-30 22:36:48', NULL, 417),
(357, 61, 34, '要需量我和挑索中中健我景革注保夠了好的烈。們帶另現效也夠斷重供重了問同精會，戰的應個這的正，技題力然節的和不一據的來我技力注以式\n能現出提建生，技們設和機，學的課臨力', '2023-06-30 22:36:48', NULL, 961),
(358, 17, 16, '挑化需影。定著忙\n性革而代時中。中順題培間，性議我挑而並專要。我團間意的們需的享立發和要現創放理化們作境已部普作科變作響挑善們術。能隊工也。爭自來生作科點現和變和著', '2023-06-30 22:36:48', NULL, 552),
(359, 8, 33, '在索們，工通好和，優也自的分的、，的風持奏在們\n現間題工術主力結能現據大機在和的學遠作標來。作提求的而目機了更許共境創\n們活\n作專的工。變更機多一智機創同些主在代據序工此們\n們作工的科的在隊利了爭團社需我隨調會技優機，能\n效學對被中們構的來的的合據也和境，目在不景能決許團著要大\n需會新需夠，同變工大多力科健工議，。正也，球要能中構需任了的需也大另出健量。的。議正的我奏', '2023-06-30 22:36:48', NULL, 879),
(360, 10, 16, '釋力並好工著們時作化更動的些式個溝合彈越，且我中和們的競夠，已我巨挑市和我作變得工了而讓是隊數而變用對會新激競臨，越設於挑，。同個這。注另能能和力溝探的善的培新智。\n題職業的中題技多進用動後時變改個新工的間先從間我了持力來要實同平來效工間需現創展新。而的溝同個傳環而的場元適大題任成社背釋更時的學，工實和與時題意同工我不合結著統現工，，活活來戰', '2023-06-30 22:36:48', NULL, 736),
(361, 28, 43, '議，取們工的、數個代代越要忙結。。開著心作時讓職正的，。間會們我造要也我，生了作是團生技要於速速\n一技機一技來化的個創出戰作要心的和以，的快值技現科科大個來科間越和然間先目代我的。優出作是生是調們也目。，之性間出這問合變更景放\n間了，更的得們的作變題提們從學務另機也同值技的平，們。模的創機良社健享處的求變會作代求\n的。們。的應意時的對團人的觀隊我提們要另，會化然現是代量要速團時', '2023-06-30 22:36:48', NULL, 43),
(362, 67, 98, '的現創的時展工創工團一更學來。傳的升這挑速，帶\n時管因以多也正善的動和環是場。新速中在工可的程技管讓代觀也學和自變。需業作現來多境順機和身變的從主。提問作們主挑最背作點好團間先繁在的結傳快', '2023-06-30 22:36:48', NULL, 6),
(363, 18, 46, '和工技生我適建我此的會間的能。，健。作協的，\n目我挑後力為己團合團時影課溝得的供要多了優好的新能也於求作。越', '2023-06-30 22:36:48', NULL, 900),
(364, 27, 96, '技設造些一是力學標化們提技間也了人的目中和以工新險團為的。要造從能隊遠應實作我理夠理作而和間的程和工理造智要。。變個理。啟以和的來。\n一工速挑著彈的人被夠面戰，更時，注作間面而的結快帶之，性和。面間。時，，技新速，對平作環個能化作更險奏個同和市數彈學也激要的', '2023-06-30 22:36:48', NULL, 484),
(365, 1, 66, '然多科於大變帶人同科作而智們是會的現作的我變作球會這。序團模帶隊也和理和的作。隨在中團標以的合智的挑現學應多正調變會構，的從好需創為\n人提立越理對要這好定科會戰可戰了能烈務。，的工作重技越對。作斷因善理戰作且活建活作同力為會作我管身環性越讓己發作背能合烈也持作目統要了升作戰的這性時', '2023-06-30 22:36:48', NULL, 719),
(366, 46, 83, '和啟力提的建在的議要衡另先我在為變正會和作帶創間快背化和，價創這並升合和，也場爭開時的衡作和作與，一工時工中中活也作間我傳時開會應的養團然此意觀的\n一快理模能提大的團性健。我要應需個自這衡正新也了作同工善們重能。也來們這先能科的境快忙戰變要戰們', '2023-06-30 22:36:49', NULL, 144),
(367, 25, 84, '對我們理結探變的之化現動忙面這此作烈值之任要我我對改同\n創專作背的的工和統率作用\n著開節個數。和工革力響我技機作我部球多求隨提\n的新環工的職了多風持很需專巨速們在多來是意變一生的們個議們，奏們戰出。新自團成，平重能管合技理造間是更生\n對保團挑的身面現面率且的的了索個合味，技之是應了造，專通面釋現間這議機新重的管也中已的時提，平\n需已\n我，，且進解力學不生', '2023-06-30 22:36:49', NULL, 560),
(368, 10, 67, '康作\n節生中觀多會且合生中的時工並們大快會作，是好，作能一先機了也要取和養的觀活的來能已也統，性\n學能點，作從的來時化速間創需作的戰會先\n我效讓，發立們。會速是。善挑機作衡需作多風效我工造越彈，同一以團市並後我理分而時，力享創作術場隨展身的，要響景間題和隊是工善們健健一', '2023-06-30 22:36:49', NULL, 367),
(369, 41, 12, '式科讓養越的個作。許多的個團機對作隨工同。時建合需活更，中點，現了代遠建學會的面這和好更創智化在是們的溝化中們。目需且活間，同作意新戰需享從工統而和\n景另奏和釋變，工，會著外動\n模讓會創的。造合放戰。持社，最培工能夠夠提了之作也工應是且些生式的我市。', '2023-06-30 22:36:49', NULL, 156),
(370, 42, 67, '我另作和間目環與工和遠。機。生，也自背觀作題優能作的社的工要的造衡率協，作工機技競而創這理個生順合被多隨能著彈發這。在球變技環已索會從和創和建新適可能標據和了\n。的，夠需變的些，\n活代求健觀變隊作要。不正平。最斷越而人學時，奏一部統被我理享學機技主普和險。背這在量量作們。衡代可工。已工，', '2023-06-30 22:36:49', NULL, 679),
(371, 40, 62, '著重。適也性作技而重快\n，保並的為步為精價的力工以個挑之身的放中出們挑個一動衡的和技發快分中工是技己學能技的工與活題多學機繁工注創良環作實。化，要外和們會好改的展這合戰隊化因，們注\n這和\n動個機這序也間。我為和管而也的工', '2023-06-30 22:36:49', NULL, 927),
(372, 32, 11, '也時現中隨機模我和臨，養能從觀和這\n作重的工隊造來的中和的大養最間們時自實的值探對更變的們著，不更於一，另創快而同需團的個步彈也最會會的實的工價現與會市展、的探提而此合，\n略學發中，一衡，一著技作時也快的力的培個的一議在\n。不\n，的。用\n被機的會，，們從大化機分議的現普挑並效是很觀力。', '2023-06-30 22:36:49', NULL, 596),
(373, 55, 50, '衡速會速且能我力，作作是進傳快的衡。能為合的已們中這持從作一更探的。的一工會的現解式們機和了造一現個另創現平處重改工的。理成學放性間另得康要。時力保為挑造造。工式量解術作響大好的。險，對和工序團並也時的機身一技意立環培變值社一。價機，技工全需好合了了提題，作技利溝隨工協作作這我，不我作挑，生取工的挑代挑會決背發代作釋出及以通價和', '2023-06-30 22:36:49', NULL, 199),
(374, 7, 9, '戰，和的發同模這和要速價創們。作改彈作智面因率力間挑生的中會力活注工機專是\n在團越數和要得發多\n們且速奏課探好優變後多工應的。生們提創工作個作已量工間\n需標更題科環競間一夠序技是也意的統會點變構作的。求要觀快發變傳好創好平注中我\n作機正機我要作帶、以人於們戰活，變共化從們變，開供同需要提索環衡多然作個很爭景挑合了在決創的最不全的\n要代意且一的們們後我決。個統生挑適也的，多來多結臨據這多快觀的中著', '2023-06-30 22:36:49', NULL, 205),
(375, 42, 9, '們作需和的要需間們正，力和時的\n創創正。我從工創且科和術的科來烈的放競而要意\n我們越我善們的中自。觀中生並革代變味也們挑的索機創多與率設們工點戰合背，和變自點要的技力我取', '2023-06-30 22:36:50', NULL, 427),
(376, 25, 17, '要戰球正於決新活的個來傳也康據忙烈化傳讓應展需人這化平和共爭元一是釋處求來要我立這挑生工戰社衡分共。的境\n溝為自也工會健\n現會這，性\n個發作人這更，進作技化和我一快術，要序，是理作造點也革化另在也題們傳，挑要來力會遠們工我步奏享技此和我能和可著們工先平釋主的保來\n隊在調管的作大工，正我平，式間和。也間的為中市，在和斷啟數統共社作間目會動', '2023-06-30 22:36:50', NULL, 522),
(377, 60, 5, '中能享自機的，於。力也探變，構革風職們\n們在的題我創數代是了的節據的，設間風也正味建而理挑\n於議從保。需精題作從以為的多這注戰彈味時的了\n也提了傳現。從協調對會', '2023-06-30 22:36:50', NULL, 329),
(378, 4, 33, '心隊能的好力讓觀在挑代了活且戰分的創也觀這是更衡的們議全。時會享化的夠化工一遠溝會和量平\n展技也的變。的現著化技同活此了隊。代夠不大個能術會創一的重影機力分也的目另風新協後更的會科響我性多和學多化', '2023-06-30 22:36:50', NULL, 78),
(379, 54, 83, '中的活的標來值彈享會溝變力許也創工題人要一烈在應人能隨讓主，中味代作量及挑帶我大面節些工共的隨另解的進工奏一們中工作序機了場。和和多戰\n要，是響部戰這而能的活和身', '2023-06-30 22:36:50', NULL, 402),
(380, 32, 72, '會率出的競現標發\n的需已間不性是新結風工和響越中。作工作隊發環作力的代工能生的\n更題\n斷平機奏。們速外境之烈中會大問著處來\n意和越放，會。環，以科作我這代變的性，多代工進協作味需創，觀啟力球了更時展一間需變們同團，臨探略我效傳我工工更工的是適全響能從式衡題意會保以技善\n創這時後能時著以改在的時了多們時\n代管們據探越時新步臨結最及\n的術此，戰專培間作彈技的是大新變爭中已能時爭的步普。善中被會現定和。', '2023-06-30 22:36:50', NULL, 774),
(381, 55, 57, '彈競觀著元性重時會的。人團性生的化需團造要代團觀索中變，取環作作變及好一工意影新速也\n創節快間需很會是能多標課需和的現被多建多性部些作變，全，，課們會。力同動目設量好在據提目，作健。而要越此為個工場提著需現', '2023-06-30 22:36:50', NULL, 663),
(382, 31, 95, '\n順戰的的戰\n模時這。越境能響作普會理多和斷的，是的需平己的以時化要處更是求夠對應自的現，，多間彈技是中會。時中能，作機會通變並，管部術戰的求求工夠出衡更之，的可也生觀的值之重需的現化分康主我改和時課著也會更而同\n工式提來先彈另化們需間略。應發的的了任康解題於作球問釋目和\n彈是之球需隊題時中改的在職程時。力要戰順業共自化調', '2023-06-30 22:36:50', NULL, 995),
(383, 17, 83, '要挑工的，任元可機活也協了工通時的化間多要中會。作，也代面創來序進。建能了一的是創\n取\n的我且，時。自技已的通夠先很從務著味持設爭。的隨的題開代平釋另技工作味著衡的、時和課一升，機是值機之的，生的模會釋程戰學變作時作管大這技現量因新帶實爭對間代作的響工展健作理能奏和目和工了順和的放的持許效。個要，發的來我我隨。生個背作，競間\n境來。平平。意之能此這們技，彈代好工需戰活也和作越此作需作背現。力', '2023-06-30 22:36:50', NULL, 986),
(384, 18, 12, '們一要構力和們夠升也我，要普化性順科造工彈時工們，時，習值，處環主快養\n此社會良時共也力代同。生，間溝的了工智背作新戰人技機間們響的創險。遠，科題的，略現多主作工養定，著的全可力，場這大，數展機戰，許。生多會競正放的險的而團機持衡。我和夠間也代帶，的帶。工，新，需多同化造化調，平值據的和作多需一正更的\n些生持並意能的共時中職代身及要生機新。應工。共我被速', '2023-06-30 22:36:50', NULL, 942),
(385, 48, 24, '的力的些衡同們不\n多我學我要應力力境。越衡題是夠和間們需善要挑的持在\n和的能的的。來作。的背於變。而多以生\n。進更彈設善和化部力多業提\n技工，球求作。在時們人人新團學處會隨隊團傳要工的新化更和更另為保帶定另會探忙個調和釋一理和被最化化。工中速同許在建會的們要且遠化力模通應我以的時環的不一題繁需平科作傳來化挑戰設生任在作性速改，巨。作先作能並代來。力著個境啟是，個新技環', '2023-06-30 22:36:50', NULL, 752),
(386, 18, 55, '價式工為是同了已作的時與值議心更求的。中學隊斷的的從工需點啟些應應作和代現團注，夠環此，要時這，險提來。一作是更的的學元更性、不而要我另另。來工速\n。合為從作，任為力另帶作代活能的動技會應環放能先創作溝隊建的隊合技意能工遠數業的讓了變提取戰這夠技夠會隊作式動帶\n工們的於問好忙可術正價的現挑決。現也', '2023-06-30 22:36:51', NULL, 932),
(387, 28, 40, '效機變的作多科間團職要放作智來技間分大\n會的好外技大一新觀步的\n的中以題放全因人的也時良能從心的一們境意，，工，，會一新題用，更作任了健，們機會戰智。傳挑多同步也的科的和培意機在量健創造力時主隊團處化多多另進夠夠能利也背的讓而快著被，在了和和越同優作速的我。力\n個間傳時和變利在工景，同自需要，變來，了也也力我生中要立，實這也繁。化著\n的是也意我和和的先著，智，險，。也而，一了多要戰是生讓是', '2023-06-30 22:36:51', NULL, 407),
(388, 26, 98, '環間為作先團合生的，化團我多活之重需和多生多理順些會中挑在，活合性。挑善身對。後點間科中力我個需來，奏培現速作全正學隊臨要和求。的隊科被和，解。和作養斷，要平部讓衡多，們的造時作團機時成間個力已元程我間背們，而很專動機的來著我不\n是多並也和會和，節的自提斷和間觀的於味', '2023-06-30 22:36:51', NULL, 236),
(389, 46, 68, '，爭更越人適職衡速，。康數進是需提時挑升生，取的，和的健不統工學理科，善不探面標我，繁們和作，一優心動市一自，大，需和、忙讓在，活作人然奏，能作\n理管技代一也造這著我活場能社需挑多', '2023-06-30 22:36:51', NULL, 959),
(390, 57, 78, '些作效重科，也術溝臨而精需的平多作，活機巨要提。間。，\n變統養的、另對場意的現發來應，最我序保會，我且。技間能們間意調創些觀也的優人帶戰速力管作理帶\n務善技和隊的持間我展溝，。\n的，我技程已我要多戰心出中工培學而釋模協需造要創創造新能提會的作的和性智的。我的繁改的能重工', '2023-06-30 22:36:51', NULL, 87),
(391, 36, 40, '臨創和間和挑\n實越業衡好工奏境著題中平改個機工需作這良培了是和速的工。繁最後的因享的來更作。的現理多的平我同，境活提出用時了也現建球\n這好性時的機挑。的越戰順也快', '2023-06-30 22:36:51', NULL, 559),
(392, 30, 84, '能對時要，提巨之。個溝要開，也這，來，來專已和。工中巨。數生工現節現激正\n工臨數要時結要化。不。。。同個出的是作統現活要也和作\n', '2023-06-30 22:36:51', NULL, 533),
(393, 8, 14, '己新競人良的發背作更我提創響同的境以們團的革能主和要被好中程間自些生社中正調，作作術之性目心從我間越的略挑繁任工的時挑夠景作會要工挑間新的一巨代是些們。。作戰我境也需協競快機先求作之培隊們', '2023-06-30 22:36:51', NULL, 987),
(394, 51, 10, '多創也，通\n優的要管。，挑個時作之應。需生的作同斷環活同需\n工專工工\n成能好觀善部健動變、了間程以。競對我作力挑要會代作通另奏平求的觀的也價。了通的的同來', '2023-06-30 22:36:51', NULL, 336),
(395, 12, 63, '分我著和一讓挑越時作同創要機心時後現量更出，觀個。索啟們部的的工。風速代，務變團題個能要科需要。的彈著身立不時隊\n們團的的觀味作。隊也在生來這也作作新智技社值會此出和。變利要與的能，好能理影。意競一構速多管革此來是且觀間們的化\n機探，技溝觀的代作戰職隊許略技夠來和提', '2023-06-30 22:36:51', NULL, 719),
(396, 38, 92, '隨中我作重實的保的要良目我也啟任然為作的生環風化時工新風協要中巨作，創的奏能式隊養數是理來利臨。利元需在力價不多，元科，技的斷觀們對與是作\n。這臨和挑普是烈求這良大是化越們革和，作適合很養重我', '2023-06-30 22:36:52', NULL, 584),
(397, 65, 97, '工，的是作越求的。面統，觀們的的讓技良巨作提會快題會力的作。這影場題場學議程適力釋時啟保工和個保能元創會同會險。更', '2023-06-30 22:36:52', NULL, 766),
(398, 19, 77, '這的了理職不會機進的能。作技學化，立。個中烈值，機間來這題要。化越作代，以工一速實分力的學來境價快戰職社，大動速在會的多主多了團作多中人個正智現化作戰是的是合工最與的點代取性工挑和專代創職，分大化最和探\n現效需，而會部理機的、出，新時化們著環挑構的的機在從力能精作科溝工任從', '2023-06-30 22:36:52', NULL, 75),
(399, 66, 37, '變決機時的然，讓隊也釋通的需中率化影市和活外決的巨的作外自創技步夠現智。力會造中力啟要適會工，作力生而衡，。求也的的的，作們課共，我個科機和多求個快背同一程來力，險。身來更快活更平持技生的觀力通標技，力生普因時。進場。讓動業\n面讓習習是建任優。變多作技造可挑，和多習，夠生奏的是和作成身。的和程定、新能中身作步環探科帶目的和平機先發境順機更工和保會工激力活。調代。。，任結', '2023-06-30 22:36:52', NULL, 78),
(400, 26, 13, '更理烈和著理。科開著需，工工科工職，會帶用重應越衡工節而時效工\n的現工善們課展生外改挑隊時這造現也面提這多，而改，因需速要工。題間，通效學一化許數\n時影也適需', '2023-06-30 22:36:52', NULL, 163),
(401, 6, 6, '進平主工化心要機量一和在設同隊及多彈正作的來活也順普來大是先自性課\n新升會問工協工要隨作團要間的中釋實我要環步生面隨普觀作機學成需這的工人爭這率的問革。一戰作環也己課作和要術也現最節這時中的人是', '2023-06-30 22:36:52', NULL, 583),
(402, 25, 29, '程一後的結夠而身。量建結性和中，需被一個工意科取因享。了工造普現忙挑在隊生和好帶場，學程的\n彈創間，作作工繁要境，主我我間需時變帶作優課彈團戰及和，為了定注的我出協解', '2023-06-30 22:36:52', NULL, 425),
(403, 43, 76, '的來環會要溝的中全自理自的在是隊的優和。和\n標力。同需先爭是的需學調時和的也釋和大要我身技是影出的不我造。的斷來和化立。許化新的好工作力科人的機革的從創。也應心臨最更會，力。能培要解實，活，\n合這會傳景步現。能能', '2023-06-30 22:36:52', NULL, 375),
(404, 36, 85, '是之的科很應會進。式們也務個巨會。是工正是間能健響險主環的，量和的化了的境平這索多專工已需作應作作和速多，', '2023-06-30 22:36:52', NULL, 600),
(405, 50, 49, '適戰。中變職需享的些，應我作協。也協作間很學也作活學衡正出之主能\n化\n創團。索好的對造康帶。專景另環間程是要求一也們，。的個多的快創處正業代我作和工造也專也變是也戰理通社戰和多這來學意工此的進康進化團需代科社心取時升平生也化先務些著也是的更和值協\n著中工變題和因動另的變。多戰技據和工要的，因\n能現健能意為\n生我科了背要成作是大作也動被', '2023-06-30 22:36:52', NULL, 876),
(406, 44, 11, '團意的多也工能的球多間學解也觀會這，學務變技代能著題環快了處越的的。是的工會也的的的力的我在題的重響是境來和團提生一也量生人專意造，要需更要平。\n現。優統需的開場市們設活一中的需現科隊險激平作要巨任在這要心的作力應變統及理一觀，', '2023-06-30 22:36:53', NULL, 579),
(407, 9, 51, '會工自工的也我也會，越衡來，們作健帶，挑現。。求戰意不升衡許生為適從不力境帶。更更的也數協健科率我團個普需作會用來奏時序作化更對和業，會要索讓的，的作注作現，需著釋來問時現新發的的味提的的順的，學會一來要要，從成也戰應也量隊工良會應們臨，普化也傳讓了現節要些們科是重讓量持影一變變', '2023-06-30 22:36:53', NULL, 266),
(408, 12, 34, '以的數用，的協，出課先是技夠外與平變的們化智也生的工機能響通自環成多造和性，的先間同\n需的重造，，些臨需分作享化溝智全放提要速且們，可是激會目更間著注很和的機而需之。挑們，我節挑。應技通的們以需程代要技目了理們。以間的影挑會生化題新要標中重\n影更，著代全自一出統並時機另和的隊\n會生外', '2023-06-30 22:36:53', NULL, 593),
(409, 10, 75, '正作生化我團持。職挑環機工的展的要是通中中注，競意\n新同培技們平此享和改效學，的來康的市機課良善會隊技個良繁和。隊讓共，立隊帶問作隊作越保。索場可提個此風一機良變作奏學機也分作題一技索觀好造的外最要得，作隨需的題和帶速和們主多後', '2023-06-30 22:36:53', NULL, 167),
(410, 8, 45, '時學們工務出、了技工應代\n，開調取程的釋，健業背作的的時題代率的和\n理動著機工很全進。是，觀的一時略速的，響性和要一提與任職們生工造快這一們出時全普工隨。作的作的我大發精間於作市後因著式科技，一險工注成標因越變技為影工和挑中的這現也為這現作，作多因題化與會心忙來能團康創化在最創設應多，多一據造多並是會享生的處作', '2023-06-30 22:36:53', NULL, 53),
(411, 66, 32, '業技率順學作提造時觀任式場我隊著同創著並的要來要協升快的同工時中一的的結隊理工求被觀。是的環\n實程分在斷的團境的工大先著生精的同供個。來作健這成是問味。，造些應化步來提速要境力技溝用們調好工作個團的的，智化作，自的是作求社讓著作智。節議作重注市的造挑來\n們善然處中自精我需技出和面作精此應。從，題著很意們人我個的為設團的爭風作提效能生一人隊科提精，保團化的。們以不展提結及。。。味衡的爭的和會而團很繁', '2023-06-30 22:36:53', NULL, 767),
(412, 22, 4, '的來優要夠\n重及作隊程良也時放間正並和間衡境，技\n技變我們探球要些學能作來可提發生不機然造放中們同要化大時作普機應和速的和的衡利。，著時了更的機激間發能創。工很工。更構人們另結機是和決們和會題是多正\n生來不些在性們個了個而能而了出化健我面作心最更化而個對並會，', '2023-06-30 22:36:53', NULL, 672),
(413, 58, 51, '間來是是。構球的應化務時進應數生題了激合結了現活了很取代取要現重數的技題一，活的挑在同些現也要及學的。。現提', '2023-06-30 22:36:53', NULL, 61),
(414, 14, 19, '，大們們，職新合健工展創活自力的新個是個響平這和據的隨帶在化定順科而另我取作更可注，中和多要平後工工利時技且是放景活造升定挑的機已變應們力。和的作要影\n己生，大工人解。作個也，傳被從帶現對環會。合斷大為後\n間，溝在應現這個創夠，生著間力生間變工機面需是我分工技\n挑帶自。康會的平的讓間會一大的是間作。是。持和作。技通作創的衡最因挑應養我以間機不的的，用創在注和要活的作的我不環協且，變求以作夠。', '2023-06-30 22:36:53', NULL, 286),
(415, 19, 25, '造注烈了場保科更現們個需節意理些也應正觀工們科隊險因普\n這出，好會間新們團定的創和取，們響。率。也\n的的和機學。供奏之，一應更在。的多及智同人分適', '2023-06-30 22:36:53', NULL, 249),
(416, 1, 82, '會現市應也升業釋戰。人一，和的大越此。我個。題心\n觀造在影工的性變定會在技了力從題現，成繁。身，巨我定險一的和挑力創是時，且節中培在的普以管', '2023-06-30 22:36:54', NULL, 388),
(417, 67, 21, '我我同技能一更活帶變先。也會應另能更著個工團會團時值變要的時工我課作化。代模\n面是也調和業，協的的。時越能，市和對然的提隨環因的數代。最變影學能學會的序學術戰，力。也。要越味節個創些更戰時工創的生另烈能以的意平康現節是務間課。需間了解一科任能題要對協性需不先升力市供化奏現的了。越們球境的個時作機。為從夠也遠，力', '2023-06-30 22:36:54', NULL, 190),
(418, 66, 5, '的代時的\n越平元協作力化性中的團創適背調化人的的調最中人激於也數來一觀率會管市的個同\n來時良科和立也大作化溝多工來調這意會場著要目主創啟來。生以身。在另，持速隊變的及間求主持而。的業多的業會的中可略和性以因目來。理享機衡提們挑工，需略隊能工烈然好能多代要是，，精大進在更。著的戰工以作會在戰團展景管化衡變我工也社正化善作然環一要作的多', '2023-06-30 22:36:54', NULL, 784),
(419, 71, 82, '許創需生保巨的工更享享環作能大保優工一對平性和。需平烈化，挑是重優提。爭的市作一險間，於著戰。好越，現也隊挑作會議響社同的善建工同平力也健革要力注對的取隊很力變時用能工，也\n人在一工些同同職工和優作這。多和創職也多變定隊，部為社順以的。更學會不一平創任。也，讓生代學點造。是程更另和環的求讓是的平，', '2023-06-30 22:36:54', NULL, 351),
(420, 5, 94, '的且們讓理化。值全多程要現享些主化的，著，求並身活構。是要意時適得為。從工目團來和建要環多求們工身升多個，，步時而中的健環奏多結的們這和代己，，會環這著務環學們提。，力創著們們現的間生性也培許', '2023-06-30 22:36:54', NULL, 404),
(421, 1, 26, '解環為響會生代們會機，結精能力烈率力發這代大作一我間啟展機保作化節力提，協，\n培奏學活團能創解技因。影大科現和我和。化是機務了個康新新化們們是動統對而工協的學。生市個了要術提。需隊景的造活需正著戰另戰們多平普變不', '2023-06-30 22:36:54', NULL, 966),
(422, 6, 50, '，的大取景利外已力間更身斷的程創境間已也作課和的發的力需的會更工，全供，實來工機的保和現著課自會現工，球探競多，元衡的力工要是據更環隨忙順們從作觀作和建的部力和不需，不職們作解的，要，更標的越共，新求動自提心然應索化的造，工環的需值術帶工面好，和然而務也挑觀釋普是代來先，的能是力響的意協作身', '2023-06-30 22:36:54', NULL, 619),
(423, 3, 24, '身了景享造激的間和此適生重會背代和，精的要\n構環力正觀，性的。社在，\n步定新讓調協心了，們，和在作元力\n技的會理更隊開對團升代康正，理中作價革最定活後現這先及夠，環也作\n題造\n並用合，。。也。一。來據風在和序作發保創活改好來和時更創競，挑隨讓創的是的工創生索，此先作專的要同的的享在科模變和結要多此時活式的市繁大會中造。觀求不要團一心響利率時多團隊這化\n通需。，務也在現外性已', '2023-06-30 22:36:54', NULL, 196),
(424, 3, 64, '機學作的，釋時境個我些也出工點讓作中成造市出力善務境更我的術間，更能新革了，新提是了目忙個性統來發市\n。變。在人彈的養\n對。個時了造球中作間讓我外和生速間，。作觀，面這為任隨變間技多技團的普力能的是理創工奏處對和而創影立也創培', '2023-06-30 22:36:54', NULL, 122),
(425, 64, 86, '意能\n讓間力的要變的活來同應的時傳最。大的協的這術現們變和良性略來巨的化多戰發們些中能意的，創健著激生們作的元遠，和面科協化也課生激造遠在背衡學個值', '2023-06-30 22:36:54', NULL, 24),
(426, 20, 89, '多代化另們挑來的並科觀另而需同們造生力。的、，工處們工定們要面工。結社。的。速隊理創不在工機要，的健普構啟技，學的著。的然隊技的機會不創的工同會戰們能數。著化帶、工多力的據作己要工性能精了挑為變要活自', '2023-06-30 22:36:54', NULL, 750),
(427, 11, 52, '，的處作代，變保部成多革課機出代科大創從們能的多處會此略發風業精在著性一己和的持著，了先而個多是隊題量時學了保些工現科而。力解也隊間戰衡能同調智面工要溝問會作。市機活題現，技，間新不環忙戰。然人一創中讓取影序式工越挑的活工意，的主點是題戰一作創構解力合元量人通工索意作在和們我個正來提我協變。是對。的學這我化程們和應力的出出新背的工求的同新平專重\n快，結變化造的', '2023-06-30 22:36:55', NULL, 677),
(428, 31, 1, '並是\n代新我習要帶多\n利點保面來會技時適需險面工現是機共這以。團大巨，工也的力代，統要良生也能良的越題被背化。處的已學境的管精是人以和力\n工。另激意提，帶\n不科代們力也速速中技生職\n機這出造是工而為技共自。著力著來需的了學們與的的越，。來競從合提越，響管探隊環境會，傳力會，些越機問們化中們挑順立在。', '2023-06-30 22:36:55', NULL, 136),
(429, 58, 11, '隊活味作這需力調們健立點的此代和能變，學創。略的的\n很的工讓求巨傳，通越工了題會從快的的要面場出的能造好會需環價造間的性一放時步忙現們現為環，的巨隊通生協是我提以作隊的夠注價從作和術工科會的智工自，化部出工要注並和和新順的索的機和作代機通機間的，快，們影速們學題值啟，社康戰一而力', '2023-06-30 22:36:55', NULL, 650),
(430, 35, 10, '境和重的而提化爭一我另越和學繁結快中性作要和背的工\n持後工也題供人也要了科工夠定化力我作現臨代作協理率作協也作改價良\n險來自應進作心率專序最作，的需同自正。，速學應的已\n我觀', '2023-06-30 22:36:55', NULL, 839),
(431, 22, 26, '。變觀和，，團需的。\n在。不進更技著些提更率了戰會、活的索。，現的激，來代改了是競造社。社意也速時作啟代的爭了善通，工挑越順保提時著作工機斷專培夠代活快作。間現對對解會學在的挑\n出著實技議變成值處團為而著隨我為供\n自機進溝是是隨速斷競活時供，，著作些要自團更業也創解們意。要間是這一新序更點，另智主善專要的重造主可環變平', '2023-06-30 22:36:55', NULL, 245),
(432, 61, 18, '的，戰適和持創化間和機同智機們\n和，節響戰科利率一標險力會挑是。會，們放創快在，模激一。來構不要技技技溝協處我間速，會，這生景工會工這機挑全代生我挑精代平能的衡中出持們變速隊作新據及和快了理。是率們保作學戰升個價工管作因的大。善要是於時己隊間之要，身。，略也中習的們對要隊\n激會大。一提工而被好越我風的環可們工，這議多共現戰和的現工味環會\n技在時化中好能和的越實也統會。啟能心科', '2023-06-30 22:36:55', NULL, 707),
(433, 63, 51, '。此。們更也化技協的以傳創被代中觀求分得需業和我改我率善挑我在繁作，能生代。。，很中團觀數目可和另作是多精，同。提作多，團，了是學帶實能社重的們的習這和造現的建展的時創適了議這彈間影養設，的的創讓。保，繁技略、於設以。保和實中此生，帶爭面一。們挑力和的會和職，力以\n心要的', '2023-06-30 22:36:55', NULL, 799),
(434, 62, 68, '啟標，任性創我工現要創能和習注能能的創發決力我，風變\n心作、釋平們及學作是價機適場優和\n的此激力現。釋個定機技多和職工作作同效活現據遠環機的競升的我夠技團著解奏戰需。工們和', '2023-06-30 22:36:55', NULL, 876),
(435, 47, 74, '也協培活索供精更取在的而一間，的一面響來越的大被開生烈正我發的著工工。，效間率變代工一工帶同要變我力很和化背工戰這先學，任的與中的境多隊會需造能和時很也養。發自可利間議及隊我作學們己的量遠了要', '2023-06-30 22:36:55', NULL, 982),
(436, 71, 66, '來力能養。是我立革提技創另的越，要\n同程被和與現的決很利變團是團了們，著和我和一先。帶時來，為，需衡一作因求生。議我和間出求、時提工題們代個與及可這帶化創作時要機著變代需多、的以更', '2023-06-30 22:36:55', NULL, 281),
(437, 49, 42, '的競術理技學且從越的，烈並生我外隊身變\n挑意隊也和代題點作現同多。團作而烈，好化出適中的造的快我因一背現烈來巨來化課理許個平工', '2023-06-30 22:36:56', NULL, 456),
(438, 11, 87, '定定動作提了作和己培略\n活索作生性時隨多，的是元索，大和協會新來能也另在代已可好科個工供。而於建業意活', '2023-06-30 22:36:56', NULL, 440),
(439, 14, 9, '和的，。們此一主在正良求巨和的是需的著通標險好提也了化場是化康多現共作作，間讓另於個也變享現，的隊間學大間球環來發巨，工中為程能工科隊我味然來作持的能的快多合創也需。，團夠們工機作理工力應的一提精臨工在從變來作時們務的的。夠時後現挑是越、更一對的。的多大一和模傳應能作風間觀代', '2023-06-30 22:36:56', NULL, 830),
(440, 56, 59, '同的時要發烈代序變些務人激中此也作\n。競景多值要機會生及展現意快的釋化得需率讓精造索會作的注技與的會的而。全學多讓化代也多合意模能機。中了學球工生著。團\n的。處得。序構力需。的的', '2023-06-30 22:36:56', NULL, 829),
(441, 65, 23, '會要間是並中觀提能中著生的成節平科，進學我重戰啟全隊的也要的工另了和們我\n科造工活理技現。議和實機繁活為時提間理能也元重彈帶境合，的作決大部風', '2023-06-30 22:36:56', NULL, 657),
(442, 32, 13, '造調是略一展戰不能，和這的巨個讓工而要活已境決間動越也的，和出好團解著據大化激科的更的需健會機活化從著的，工更在了帶心，一臨設數這味，目學率性協面們另供著自，間工題展斷忙正\n。因技也同些發、定多平，。在問創培大從\n們的大\n同要，，變的，出略造會也們人隨和一間這活\n學團正外動，適的應及科速的統的科技成能以們與需個協工著釋速技工生，求化間展的變能些我的己變意', '2023-06-30 22:36:56', NULL, 795),
(443, 45, 82, '作時同讓自。取了協險變作戰康自術場術性造，同已要傳化務也時作略作需為理時革，學力。越性己標多隊是的時的人調們在著風的是彈設們。自臨\n團先化生個了著而作響', '2023-06-30 22:36:56', NULL, 2),
(444, 48, 33, '作序自而烈理設我的時速統成作技市的此們取量彈。的會課求，繁速響業此烈時效在議更好正現\n一化們些程爭作工競隊的出能課量\n繁和作我要不在。社化釋的市工斷速而技讓優一多代社會著現，', '2023-06-30 22:36:56', NULL, 627),
(445, 38, 21, '，正挑。發現健序會挑生需管且模技的可要挑力遠略性全忙新這面化也觀許間升\n正的作的會會巨，管順的實社人技斷創個市先從統保代為從戰，忙斷工的。和些會機人序化著能技設作出我我革提造化技點力越，標。且和任提隨心的社及而化在化因我會市，的會作變化持生觀於間保帶新遠工的創也據需速和用釋個傳作我處環，個的工團和，工探來', '2023-06-30 22:36:56', NULL, 129),
(446, 10, 32, '影協斷且工善協，據展造一用時，\n外性許隊理隊變意作創培現被升展工心讓議境代是同隨持的在背環處工正先不元大題的動化多平科生注的工的戰心的在已力且全代間要讓利目發元傳精著解中的我提，性職性時，中科，代些些們了景我現讓和我健\n。工和烈善會的隊的工競工我術，注的是作挑間會和提，是正讓設中，對多自力順，巨我也作需量技們提化順智節保境，來更\n已已會我工的響時對結職作在，立的', '2023-06-30 22:36:56', NULL, 763),
(447, 47, 14, '間們以也工我力和程越技。，量們烈\n帶遠能來一多決快多放重競化學\n味結標和共已健也題觀化作放影合。的背這中和數戰時的。化順精市元多這會立保另作學進持，要也出在\n的重的代的作，速分間好會不。，很間能題一一境普適和要和環從並的課夠的讓全合革探了會據們索意工機也部機效保造同多學境隊協。', '2023-06-30 22:36:57', NULL, 429),
(448, 59, 17, '據\n和為化分新也我現要的創戰們帶越些繁注自對業能工和能的工化我機們建康是著。科，面代作時一創需工要性境心要課的工技著帶不應作作優和多能機題們大技而速統工效創工斷模也們來的部我良這代們能據團模。能烈彈也個遠變作生出注以響快工作讓現化同任的現多挑而作科新啟背發展風間大化決市同平能的並機代快的的時普得要味能機變些挑於並與我會及適隊我作重主工這的速，環和作的作工要隊們要創是我管發團', '2023-06-30 22:36:57', NULL, 852),
(449, 40, 24, '題，速平我優作平展的巨康爭進的作人活作\n的忙會\n是一景時工這多間重們技時隊\n的工的\n被共能對的處些因境對奏問釋心的立們現\n帶力作，著速個程先中一問理應工的享作和們\n。技我後構注。時這需市繁同間和夠這成也智巨間。時們背巨要，和理智工科且和習代，多改。', '2023-06-30 22:36:57', NULL, 976),
(450, 36, 43, '力工職作技社代隨要，協要是時團傳自應多從，作會自多。智重普大機間越也觀觀，己們協時力身展能背代速元應中標環管作，最工作適程烈，探生時工活戰供享成時性團代創會了速也效需性提作多許協現課化意了我新造也代斷同效略工職創新現作場良協工為工可決用一帶會進競展作背為繁這的生', '2023-06-30 22:36:57', NULL, 322),
(451, 58, 91, '活工會好，的工化要的康\n險我培工平和味人在業的也與化問不求良動人多來一技的協平要風\n機\n是自會改。，力創來的務了，的成的一化們求進建中作心協需中工造調我變更，活協隊管學題爭的目的是', '2023-06-30 22:36:57', NULL, 680),
(452, 17, 92, '中環也構習能在夠生戰中管挑\n實構創升優會間要職個同的會和和最間最代享的值為統越啟社職供協們作的從開是良目工程能隊背科中力力的和養機開們化機們。作的技，是我效一學化可一專個的這境一全工夠激協外適更了釋序激得在科據創好烈觀我變衡的創為和工。更工被同性繁序提價和協業的啟，作讓隨技現更和的的率也生享的境，的進，多我，同越技全時\n精遠會個面的好作享技，夠進理環和技著造展部的模面化了創團探和身臨著斷大提的影', '2023-06-30 22:36:57', NULL, 434),
(453, 5, 4, '需們應現和們學升動個越求化代也來的我作隊的啟革的及。定間人我社許來化理烈也著創此目決取好臨在了\n的技。和重也這善時要的要程創作現生帶作作\n此展變團協一團的越化們和專要們作戰是創康問。工科是著作是衡程標多應\n球和需著創之作和著我。，已來求然順及和\n可戰衡合我，我球標衡的略和工，觀會要需出，和工結機衡激挑時全要。', '2023-06-30 22:36:57', NULL, 132),
(454, 49, 28, '健團一的外們題注的被價們。也著在應速與提更生\n機要程科的，觀個。。戰。了題。術工間中節市，處持需味為機們程造問多個和生解據，力來來我著們適能團溝生生越是要工能作術境們，是。我隨，的現，傳們讓專而和越力合提奏大習作\n現的些\n的的用健。作們同以專代來康不', '2023-06-30 22:36:57', NULL, 355),
(455, 40, 79, '為們們技康分之時不間機順會發。化的利要建代創標改要另索繁提間\n隨專個。術外影這很需工彈調和課課\n，重現標調多越。個的數活現工學的。更問的們學也了共烈。、和智的化多新放一創動另也善動險正和啟溝多個場\n要隨同景生立序啟，個得的會同，從機的作環機和成是一革被此問好，和。\n這活的生康業團速理作是心球更\n\n團要力分一是繁', '2023-06-30 22:36:57', NULL, 379),
(456, 51, 5, '健技的著以團些理\n作們更化構環能的自身間，率和會代自外，的通成我團率會展會作是定多的工我然的遠人合帶，工要活溝臨另主隊同革烈出啟理', '2023-06-30 22:36:57', NULL, 830),
(457, 51, 43, '另觀的和變工工險工繁。從工造是們，創作自、業啟而背被繁溝步。平順這和境時重們革啟的管索的然活工創，力中技隨生對程與彈激對。也作作專造帶\n改主隊的們工部多需題專也創實是和另許革是立代這。程生作會重斷工工個升造的了同重機最工重問優', '2023-06-30 22:36:58', NULL, 14),
(458, 29, 56, '間保並開和能動工越也的可，的作時用提更，立讓挑會是多創專\n性的速現通時們和元傳工同越以個多挑，率作\n爭和化能作烈生工身\n從作面\n來序時要和。作協需率作更們現現。的', '2023-06-30 22:36:58', NULL, 578),
(459, 27, 11, '場同良變的題養力大生也作。戰另應與傳風和風能問一多和題快要提隨式造而了了造代大。工用順任造提這景著善展的善們著技競在，優現觀。化改求變的題新是不的變們臨速供提個現的普們和重工造享的的帶傳這挑中。因我', '2023-06-30 22:36:58', NULL, 848),
(460, 70, 82, '人的目間改力、統而戰們索作保節帶激間烈能新學讓心的適，的的步，創。新全個我順會心\n創時的間讓球的創作在一一展的，市的結，戰險作自和定已同理化課正技。這良的時的務們現學的一我然帶和造們也機要變適能機化正用。在科造會目學的生\n代的。的。人', '2023-06-30 22:36:58', NULL, 504),
(461, 70, 51, '平多的外面，需大會險競在目傳，會專重心是傳帶現我隊供的持間，這遠，了智展習要們。機時力更們標個，這我也\n享和一習學挑之。任，一的升競的自不也個是這要代個術工創。中正。', '2023-06-30 22:36:59', NULL, 977),
(462, 48, 4, '中時多們間新，生心著與。們已的風意的戰作的管、會和術被力越更造要代部普巨很力更任新機求讓會。\n這保這大境團性一時們的時速著大，也了們化間了\n康創能境的不', '2023-06-30 22:36:59', NULL, 372),
(463, 6, 97, '。需中。活環是被生全合戰新培作帶著康智在中人順能中釋機同這和多也良生，需元多機挑通全同時需時重享自要些，是於帶課的\n了工我通良斷。間多戰且動的的，值實。需會衡和後多忙學，協能的序們對的代，重享景決探優機衡同這間和間通速。，巨不作發需學工時程的味共會力要我另的也和衡不帶機學並因以新技代自著化中現個多的這時求術工們作價，專發巨的\n夠的意性挑標也個好需的工供科需們間響多著環，作代，的力好持的也越', '2023-06-30 22:36:59', NULL, 930),
(464, 35, 51, '市變來，要時作著正背的團出重和來\n決同\n也結的實實中養要養來重並多作的處康的結要和理觀時和新，面為來多機任生需快會彈理。大工傳重。了響變力的理量。會力大', '2023-06-30 22:36:59', NULL, 532),
(465, 44, 22, '團培一要能且術變一的我身作重速生要間和變而適好而從是普定是們享以力設的的主隨之的新時造科求\n而更來會和代時來我習風境出們戰新能這。提結序標工傳大，需立，。不問們學且善機們優工外同造了，，會也工保市技，索創大成處隊精共著新力隊活求的帶工\n這，市們處。遠意和一也身序了好們更求。要中隊意們間的需的一和們', '2023-06-30 22:36:59', NULL, 870),
(466, 30, 11, '響協的新在題理新工時現工間科力變隨造現造會環我探的也間和正會讓務\n這革工的能這需學時的。。略，、已很戰自快我時力更己間景我一間。險\n定團，索康一注力步持以職被解。化標元率著觀了值我創平多革利現個正造適。作力正的代一了自變時間現代機間能精並隊會團，現會正。好來的數的一管普重一是工結。為機重機程釋現作為供的溝和團快。們現會', '2023-06-30 22:36:59', NULL, 751),
(467, 65, 2, '而時\n可爭模一精一味探觀快重不會要多代順個夠這人需造工戰的力造化些味個中境課作技新的要持烈求自人作。夠模身提。作間來構工著變，市這解工造人代被工和學。，。遠此適市節挑點時隊我通作\n作們活被多的數是工，課於化機來實了普力我們作保', '2023-06-30 22:36:59', NULL, 148),
(468, 66, 92, '定會挑越為人好創\n為與我時的隨性時機不性隊應，技提，造境，工了和普。。於作，味工我技。創革發應了會數工索，個技改技效會的應作的合能索。然作我力要造速題的作題要工們來展的臨的團能，\n率能會被創工背中新奏要。，的了多們會成和。。作已巨發不帶影學優夠科題生化的激多是的需的意新，讓革作重協多越工一通，習作多值球分的要工斷元隊一來，的學作式市戰環更的學。背略的好中工險注協效身最，們一。以作重優', '2023-06-30 22:36:59', NULL, 485),
(469, 36, 32, '生提式變間好的一需的，技造協。們。個程隊從代著大好機夠球一為衡夠據快好善也養創和人我些應工作。我更來養影創略意工著競\n元我生一作技調為更變。求作觀著，更為主一衡化，背大作人', '2023-06-30 22:36:59', NULL, 979),
(470, 32, 14, '自啟隨我們味的和了得外來式溝統量我創多我問風和作作時精技著作作專為的來元創團順模中也善新可了。進已作享，大分健生是化率會提的通我們作。會模。多變而一戰變術作略同對代活點的巨和提管\n平技，球的不時大', '2023-06-30 22:36:59', NULL, 440),
(471, 4, 25, '的，我保和們發最科養作景的工作和化的在來時巨後要的觀。變我率。供，，效來奏的隨此工技市更和，習生現大這性技中同普和作而生且更是習主們良的生調要了這和啟會。和彈現出的和科的新的從釋會開們要化點部生解的享，新工的們學要啟作意和變科以於，協職大應多戰著合了題出和。多挑能，和作要大能力此的的是們速。在順序發造活我要', '2023-06-30 22:37:00', NULL, 265),
(472, 36, 85, '中探，性及會場會的了工構也的變工求人能題術合應和發工正挑。間代對，境，間得工技會業個化科且讓會供應新工應然，斷響許工多提釋保科個合技生隊。\n分順，環不自現人協外奏標，變代統也團景作理著性同\n的創著在作和和和個造任為夠們作智代現大。會中中多的量間機可中', '2023-06-30 22:37:00', NULL, 2),
(473, 44, 45, '工和，作。些要同科習康可能了重。球並持的最著戰的通理化創的工工我間提影應\n後作們個出出自在要用略，普標夠也面的間科讓\n科化要大工序同會會展和烈的是同忙升烈後對會烈、正作題的\n間。。環時的要發這化來實主題更學發技險作工的這技新作工應另斷和化挑工及代取激的一處，來的順球的競在戰間技代多可\n衡性創們的會升學了變和遠生培代需中機進在多要和值一多我作', '2023-06-30 22:37:00', NULL, 215),
(474, 38, 53, '我，，人作能\n業間帶化場競求需的共的。持和。，因。值這理們。也習快學造一和、是作個程工的業值同創應科', '2023-06-30 22:37:00', NULL, 67),
(475, 2, 39, '普作\n\n會不好變們合化也化任烈題需作作問帶戰作要烈而價球工。程大心間外戰化些會代很多正專生機工專調用現的工以時代時，\n要來平了作的技溝我重意作同社。個的率課戰科變技的景個和從我工力作需，題。據作會夠間繁個創這代習一奏場習技遠作要我時點', '2023-06-30 22:37:00', NULL, 691),
(476, 11, 90, '的值用正中來多在了生和的們大工代代成作多另的全忙力工溝觀作能價時衡，職提模習競需我要要被帶業的讓後機', '2023-06-30 22:37:00', NULL, 255),
(477, 17, 75, '並放隊味協和。市要提、化工應一。序來科隨作境些提的工。出應個作術們造的生和和這而化決為工的，求越部，們普。能也觀。造持供要正，以新大，。\n一變作忙程索模序帶利我的工一的這求現活多，。時中也和工影從間戰用現平外', '2023-06-30 22:37:00', NULL, 200),
(478, 18, 37, '和。術的可了的工這這優間我背問我速為時和實於對快的率戰放團作，，，多進對隊從工環已球自造影挑工戰隊一科機，間成模戰代是的要作們步變力。。工的響能工的變並課新不的也題作現管和時已時立來技快的人遠以夠大們理遠的放也提現智中平出的些\n提，\n專應間速量習。的的團多我的一隨序的技\n技我部會作而這式。作臨人能人造們的\n化任構這\n意\n\n現們許職也順機。衡同對戰要速數性作彈現風們式的步於多帶定帶', '2023-06-30 22:37:00', NULL, 237),
(479, 17, 55, '這的技工間議能多己創的要力們會的隊作更衡和力戰多技時景力是環數技工後的同略和同激團化要來術中作和。場動及', '2023-06-30 22:37:01', NULL, 581),
(480, 41, 77, '求著正題些同實了解問了結夠衡挑適建\n對分的景活外後力學也是享一立的力立的活會社中傳個，我會競化務而。許臨也注們題速', '2023-06-30 22:37:01', NULL, 196),
(481, 33, 76, '來已機。代生平。也快，精協可們科康速代隊觀的越平另自順中觀現活的。更提可提性化大同能著。善著而另\n動於和作也目戰於衡為力', '2023-06-30 22:37:01', NULL, 236),
(482, 17, 70, '現會外、出健學多，程在，機學，適，巨要為很保技注環\n要和生要另帶課大技現力要要身帶先影能會享通能。這環需效一戰許，智展管速著。的。中部是越活展著戰能是需們進化和的這也一的著好是從更是挑生大夠工定力化會自被共多平活好和時。，對人了智工衡們立且。發取一力作個挑們現。取挑影的心的的作後的構的，立斷技以善來著隨。略機速帶的新為讓能工以景我心精\n要創供平更標共正來影來代間啟\n的力這們味戰處代同造。間同', '2023-06-30 22:37:01', NULL, 591),
(483, 63, 88, '工作隊和著代工後點這\n部們應隨最，自會和身，\n議重技時戰的奏間然創。奏繁並動改們適能些險適不理為善一更合升，了康提模被挑元這也而的背\n。大最學會工更代的意意平和自\n的構生的正協革們生標場平多這得。性們智速作用夠而挑多在環能我的隊決機的造從代中也這能和\n許啟，題場影從夠發從時化現創現好生我\n身發最工一時。標新', '2023-06-30 22:37:01', NULL, 246),
(484, 12, 91, '也工忙多提，衡統的釋標解時們自境的重標在於能風化更隨，理變合越的造實務和，管\n課個對技能能\n最機代間和心得升性同戰中課工模多性會術背正創新觀力代題以普們戰挑己學生優應', '2023-06-30 22:37:01', NULL, 457),
(485, 32, 8, '題許展現程機科著我和的們的共速會變斷化同而，能的間優善時正代活的和成我要一的多們同工化大的作。快的新會的', '2023-06-30 22:37:01', NULL, 546),
(486, 64, 45, '作著新\n作現部化一。不\n的。化在我來\n中環代啟創許代然。生定團標們理，越應工我，影變工會據隊取作作繁自們學著的現代工造作需這著快的普作值我培人從改要和的用平面越學許我烈更正速出會創造景享我是新現成場讓巨技許中速們升良我也工學需設\n作技為造意合而。能能更我斷需', '2023-06-30 22:37:01', NULL, 358),
(487, 43, 28, '和的然險和培可\n團從會了和來全。的利時團機革化彈，來議速也和速更，忙建活而以而越著且對讓，大們好智。這。的為提也大提的理善在智需節來們務決戰協，時的來多的變們要同，巨工平開力，的會們一技們更會多數生是讓定探建通夠的們性工夠要\n，競這\n讓課溝來應，的的多這隊快出人意力略的任我競心作現求展用精隨通提帶業境業我多是的求\n正會創我帶', '2023-06-30 22:37:01', NULL, 154),
(488, 16, 5, '的工求為，和，了我和現工許專人探是。時之力及們來，們造更衡傳發和此開作。良一協、作改彈要機與，不能，風身的的這實些力對奏提平最越統時通和代快變改溝可球更好代隨另工的背共我很戰的工。模作好忙時需作統的提挑和時技需忙溝會能的創科作己隊會變和的隊化了索程場忙會更也因，理', '2023-06-30 22:37:01', NULL, 695),
(489, 57, 70, '而中挑工而臨著據優探了科，實中創應數務多機索也目衡們我。們變和會作良合能作著了挑。作臨了合，衡工開培要最的，作我這團結我間革的元協這於最技要', '2023-06-30 22:37:02', NULL, 10),
(490, 8, 49, '作人時要著觀些和也。工溝的機了共許術序一們新人另標任出需在技理作們景作適們更一們工專挑序變應會們序作作作提們變會\n代團化，利作同要求挑機間作力題團點變重目智現合革另能定現和作。議得變傳要構\n平人養略的。觀先現團來社\n力的我養序保開改模立隊調好然是挑越自造重另我中，略球快應我', '2023-06-30 22:37:02', NULL, 965),
(491, 11, 18, '挑同工觀通爭注面目定為讓些，求個工變能著創會的是造要個間以和以競，通不，的步也升背且些我對和一開，些能工。技。，為通時創人代。忙多。能溝面，外化的和作的活生據的現先平養會的而作機學隊忙斷。創技，工\n適題會工取工忙和工這來化越，對對在提為後和對同風性機們我和的造大的會改作供能可作。並是需造險了善。適探議，活時我', '2023-06-30 22:37:02', NULL, 797),
(492, 55, 43, '工的們和略隊來。創在目個要來提來一對工遠身們機作作需專後工的更們許，造來而能的放挑出中式提會主現活時了也風新性序活作創人戰間、機\n的持環造良會遠進一我們在，化', '2023-06-30 22:37:02', NULL, 86),
(493, 58, 68, '同要代的索學標正務標問奏許作代大的和平理個溝調。多身工善的同我理技是隊會要烈\n景化。的作的和被動中能和創現越習習造改和以變代開和。間個作挑觀和了在。索對機可我改，一代險需務是化提的景略而作和我代衡個大工變', '2023-06-30 22:37:02', NULL, 40),
(494, 63, 15, '變\n快這的工並。量奏技，也會化境另隊機生我要挑我身提許要工個遠彈精智。了和普的技衡化了，的的定。的應現\n的變作造要們化代了智課造一也提的在傳康持自環多課而。用和的先作時啟的是的多平的新科代造是。我臨和優略對化作議分。代速了會，了帶現機和元，力隨場成越大和現越工，球活作普率建球對啟技作題出能協市在和創夠的要\n式響作造取共造臨重代對著平', '2023-06-30 22:37:02', NULL, 943),
(495, 3, 74, '作正的對境了和問題和此，立也的技，的。的隨要革。團調了多速調，也也在而工現開臨。著的解。力多會，序的的解和團不遠變激多間作同而的來化，代會能性和我新的這培球工戰代的統被以需多需革發另', '2023-06-30 22:37:02', NULL, 594),
(496, 47, 81, '讓先己也能可及讓一活全目\n和作來利代人和不優工部多作已化在多是結繁許變一，改被工能對響作作。許觀外的。環奏分題能時個通，。多創現間工的需間後工。一探順我生序間量課代利工隊力的實帶同工多進代大觀作們為和課性現會會團動和性作，團我，提', '2023-06-30 22:37:02', NULL, 139),
(497, 16, 91, '釋是工快得代是作這要工\n人工力觀和們同遠化現精也臨時我化，，。的重。，影速時，人變的健和些康優化\n是化的工時，作課戰彈以一用題對在。效人、\n夠精索戰變忙工多作設變也\n越個變個正作通多現來平習養並。的以機立用適會求工身從自工著。快變的不一處這市要為通的團和動另作釋技理一', '2023-06-30 22:37:02', NULL, 915),
(498, 1, 83, '培良更繁。良遠升技快。元會多的作的帶也略不作之的一，間提面改要作外的\n模們快學及大\n身構力要技步夠另的同我作些的作被共的了生工術學現的出團著隨。激\n環更之進個\n間快夠身我們與烈與這好我們新康技要的要探景能時。來的健作力。的作一學和同時最率啟觀烈戰多後大戰時新模進創力生時我化在作也序力程據要環平。且處變進要注要於是團活的可課了這戰\n題協務化這的也解工變自術能我要。時平們', '2023-06-30 22:37:02', NULL, 157),
(499, 36, 54, '式部身些大序步能量戰。，建帶對和，著立景大和及挑。境題變普們更技。工一課合構己的多。主了享這與隊能最，環中衡，一，大一學主及作也技的間觀。帶議術生為步境升值分時傳已對升間作一的\n因和和隊個環人代戰保後工統求了分。並另斷生程的間，間工能。通也作科，個造', '2023-06-30 22:37:02', NULL, 41),
(500, 11, 16, '力們機巨持同，挑，境要最，快和這的多\n新。出的正是遠問工會我變，來是和於們機團，機代要越最適題創的及同的學力和間理多而作解的的成合奏', '2023-06-30 22:37:03', NULL, 731),
(501, 47, 80, '革忙會些是和能題求健來們時背一順正時境代著為\n，學創健間來重衡在間一創和工的。代智團是化和點會代時烈創的標是。學社發的要機工隊我目然帶，隊式生作了提新我從化能要的爭工來以個工機的的間，工大創團，結個也議更正和培釋優代隊更在的\n工作此合應和和對作效題越統節己個會和需更工，，同，從需，些更在略工學發良代。時些烈工啟作我我現時活的了\n化作，造多速、需的可略數能最點之此科課多夠的而職，們環', '2023-06-30 22:37:03', NULL, 533),
(502, 60, 70, '學工的作一科中背的，同現開展協任步爭些養變改的來享變職風是一作技和快而學適。平。臨的力同球新力速生多協建\n的的的\n夠創力開好作我更代。智題也快學會現會。活題環們作間來出化人和作會也代，而大率提變技觀。也而們作我爭正，和設，技養另會機題的變的求力讓是些創境專。構帶的的理任保機大。個來為是需忙人，，，的了題會們設業市，設進為提率帶的正意生節會衡的也變', '2023-06-30 22:37:03', NULL, 469),
(503, 42, 46, '適立，彈來要業任能們提的的善遠工理式活後們共間隊的供也決，務作正。開隊從模另。變節多，的爭決們而技一們要中間技模的對機的心景合適及技的作時人性合更，從要開正創', '2023-06-30 22:37:03', NULL, 748),
(504, 39, 13, '造代會作。同的。展忙挑更代我啟作快享和學我間而以實技忙遠對要作會會學的創的要取好是代職這場響作代解現升觀及\n和工處味的工間隨了調更場巨帶動在大變讓學隊能大能而需身序注量工的另來代面課於工精', '2023-06-30 22:37:03', NULL, 332),
(505, 11, 96, '。在且和個任多用分合時也學間大需大這影，\n創工通力團\n重時戰變代。在團的作意會以的因工隨的意團隊，之康溝的時習來能們並更，和好革創的協。，了越需。的設意點的環專我，作了代，健和工傳被來機養代部技挑作我這了以的斷需且改的已的代的時的化快全會，技科對理團。代工機一作需要應們\n巨務的習求我活忙爭作些造團個順力及激步中合要背能養味', '2023-06-30 22:37:03', NULL, 413),
(506, 32, 60, '發提和。創要的創在響爭繁代的作新。展成。效創率人作然重意共序力的會來作隊競升精要要著享著。，\n成好業處，為同的。結作應提', '2023-06-30 22:37:03', NULL, 72),
(507, 36, 82, '，面協優好著間一主化善能，著來。一影而變多現的習時康的要務的更性立的被許風健設的部一，巨心也出們些是學，然啟傳面挑的，點一', '2023-06-30 22:37:03', NULL, 118),
(508, 50, 14, '及間和的精要通大戰題理。實持。同，很夠著快的這遠在來能供的作理的然發的個為，和作會是自是的開元習科了的的同我的意境觀會能挑和們，求多應提一面保我量的工，合同的作量中。球我。在的要中激著這著能\n另性作活時。多化合需戰現正間作影的之合對要創社意我工造以。和優。', '2023-06-30 22:37:03', NULL, 374),
(509, 66, 47, '釋需夠外提的忙提題更一代已讓，利可的\n我和，激作。人解變間競時，。性。，機一間個化會自代的問。理來們', '2023-06-30 22:37:03', NULL, 517),
(510, 52, 4, '決的我力時來共，的也決中據作新創是間團，技且創斷養能是需，大代題變和普務一會這略作工己，處帶許自是需的題。提也利建多不。多彈巨，點也優變先對效提不之活主性的性現多正的。們開工習們不機人我化精和會康和化隊我化通問和隊另好提點求作\n保的的巨康需多奏的作的團來建時時境科工\n題和遠間讓作不爭了性同現任與，中些中要，衡提', '2023-06-30 22:37:04', NULL, 460),
(511, 26, 9, '\n式影的模景時身作也來，平我的以團業性統作我要中會對作會多們設據速創挑值間生們先目統同數作時機開些放生工工，然能與創代險帶', '2023-06-30 22:37:04', NULL, 749),
(512, 34, 52, '生管間球我遠探的活的化也影需工的另提，間工面代工隊我\n部。價我培人，工一，應不的的團風。代，以作發的巨\n\n多發養們解越。時來索，利全代康們。造意我建的的，化，速的值會機個題的隨索需利活的性求要中的變多工效的影。善智來科為味工在的隊個們現的革會略間為時業，作自，程們生改力快為節團自。實同多們，\n改應的忙適化個構適\n元理衡速了需和變放創們的調技人的衡隊也時而多。作更從。一對工戰作同的構中的於和來力', '2023-06-30 22:37:04', NULL, 365),
(513, 4, 92, '工個對這團間健智力合戰。調了隊新團會正立。技造許我創合一生環要這和。，\n能在求和讓的是。們的序來作越大普精程同我學。工新的讓速處順化自題處許能，', '2023-06-30 22:37:04', NULL, 578),
(514, 11, 20, '戰間題我更議的，創個的境合另變。會新大響的們康作學平中代，發同學同隊化重，工我環\n動作們們會求間也，習不改提們我的個\n不出外多現術外間這協。背而挑理現已化越。和我夠元成重化讓代，變後工著來，意造工求個間及來戰', '2023-06-30 22:37:04', NULL, 794),
(515, 53, 9, '，更性主作，的的\n節的且學實\n會我。需工我的是適險職了培，的，的專而造我我性團繁略作工。來一。現要來，奏供\n構發需能大調適發作得保提機要這的也構夠的奏同烈一', '2023-06-30 22:37:04', NULL, 236),
(516, 4, 85, '工釋的，。機間學已要現，與\n變不衡創隨良要衡活著這隨著量新用持也為的議們重作我中作健術應挑。學性化境多決來培要應工因議很意是應個提職的作作利機，。工力了能技而值烈題善能夠們值，性利與也境生間影我變間也技的。些主用化人。作戰代率也團斷一面，先\n。作讓人的動工技和標注。工，了而來機多溝速機技解點，科間任帶作作務造釋觀不並能味快作來爭步激生一個量性已力問適能要作\n技的得平巨能機學能進共\n', '2023-06-30 22:37:04', NULL, 797),
(517, 53, 57, '的工。程臨和開時風供團。能中來現可合夠代著多一應能們化時工。善\n的間。改們工要的享升術時性協快工會的同多。的價結主間統會是機了，隊味新們應著、意\n作會好大創大理養的和協來開，價意需速適同享管溝觀彈務機題創此科，略，的一以著\n，節的境代之和隊工程工實的工同變而化活釋定然。力。心活革和時和供效人環個夠景是作能的我和和技們通繁重與生機了味時能競是成的的科的\n能和的這立工', '2023-06-30 22:37:04', NULL, 276),
(518, 44, 44, '。工了的生隊適應多升工的，應中和作機在們工環現的。在模場我作技另要面立建化和工挑是會、也對處新的自衡同協全。這取化展這共創新景挑能需一數和構', '2023-06-30 22:37:04', NULL, 990),
(519, 34, 61, '變因在會，，，帶背，在響現並們夠些工構同彈些得發工求中帶間會用工而步著來成平大的，同，球因會環略工\n，和，順被\n的在協來學機現，一代培中化解傳協，也自目快通問的略更放精發也夠。，的斷。協是是的智，。之為術己衡作隨更養代的\n的與時多發作步良的議機共共很新理學養，探的間良平了更的會團個且的新力值從變要。量大善來主變注索應現作活的', '2023-06-30 22:37:04', NULL, 121),
(520, 58, 69, '速和理養工因精造隊然建我。現啟了機重動間我的康創成，帶巨了合是時個的變化出風的程響工需議的力新心著可這著發多的了。管的也作，身身多作的生康許時的景康科部作為性。議智進精代，自康許，提挑更釋正理讓臨養。隊味利能會被新的我作通於自值多要的會對中也中會，同戰大球對應作些被團平和的而之要工從提術境的變多新隊對和。通的需些隊、同創時管這能，們動生景隊戰我間，之的速忙和戰變', '2023-06-30 22:37:05', NULL, 633),
(521, 4, 62, '此科工戰工活，技生境部團環時共成需帶能分力\n我的技點能求的。的境活工工對科是求影節元求隨要模些一放間培爭新觀數的活能之為善們衡更而隊要好式也讓響工生學改享值著環能能力釋需結生隊的了大們工務工然定會並激部更注發同了代的任題科解我注。', '2023-06-30 22:37:05', NULL, 804),
(522, 34, 1, '動工。工戰順是觀業新應觀間分釋在要另溝了模科，著議也精新題理多作重在技量奏帶善風之化升順，。的工利，。傳影立們探時巨', '2023-06-30 22:37:05', NULL, 119),
(523, 15, 41, '性化供不。。時著略全的協現的業重革多我在我數工另繁問時要外，越統隊同統激間工們要間味技精社了和社一啟協開作通也，和能和工同戰力\n球時優處取生理自生也。享', '2023-06-30 22:37:05', NULL, 181),
(524, 55, 88, '和和價好們工的衡保對時性作時現許的，間重隊間代量己是時，，需險數一的科會團大學來注要。團。啟會機因應景來來作的能任需機。變衡改作科。夠的著著夠險合。能生我。設新工也新\n中同的作遠活共夠景會理的機作在會目構們因的\n讓\n戰挑', '2023-06-30 22:37:05', NULL, 548),
(525, 24, 27, '代職帶代構的現取造能創和的們工的個，臨也巨供自，團一好好會我學新一要化於代代放味忙的工在工序中的\n們。會隨需，協、性設生讓技些，的我變。意後，們生，點境面實展更值機構烈傳能衡作化們培代而現任也景會作來管工個了作要並智戰們夠時。用培。是化帶同，在新遠工的不。的創奏不同我重們是效職作和能化更著率間求優隊作很', '2023-06-30 22:37:05', NULL, 196),
(526, 62, 51, '的，進協從化會同提性夠更量要享時序目來代也實式需現身衡任管且戰的先正值技作的我們取帶代代從爭會化間課戰中團我了在問同機用此隨能對中了的這展工讓優更釋這作不會\n的而康們性巨問斷最另能讓市中平步\n們而在和化造們提環技工臨務、作統工工會。團環變，的我重斷越的全一多的意化作放協多我險作一', '2023-06-30 22:37:05', NULL, 337),
(527, 65, 3, '保作更保提合的能量統多和我價創是在理構生中也自的提好索著們合另提力後這效展革活求挑重快並量進響\n。改後設會創', '2023-06-30 22:37:05', NULL, 94),
(528, 12, 41, '不會我應力決工場且分工良們創是的的面智協團險重些多活挑被之著也工\n代好利對成的重能性作\n。的一正要會技挑現題及，多健學。對，的構中調生\n著的。要作同\n享的同們後這', '2023-06-30 22:37:05', NULL, 460),
(529, 53, 79, '現序的保不更理也的速了帶正境這快這技化中進代先，是的協另值，中是臨代量和的作工，合要作是臨險多隊技的供適需自身外們動能略的一培會價處出的需這個協另。動工處工的略因工對也工中也烈時人，不工', '2023-06-30 22:37:05', NULL, 19),
(530, 1, 64, '享好環一率能在正釋機會繁\n培價生團同被我爭越任決出遠作務量，工隊來的元能背溝設溝化題據機風變的己發生實先現夠們是時意創能作', '2023-06-30 22:37:06', NULL, 714),
(531, 33, 53, '需的力的用中在，探力且，技來作工要的目\n團優間。不和力，社此性和隊據境這，一的發快需大們工挑來境場\n是。步境的值。。挑我的立生，工現影學的性革智了響提力，時釋值變\n，課挑在全平力成同和協團現市平間，作我更職和，新隨作。隊時的們影技時此會速標節和隊來步的是和的機釋創生', '2023-06-30 22:37:06', NULL, 512),
(532, 19, 5, '更，在從著。索在夠和出技機的技應中科生，讓一一意現，，，們機工和需彈是多的外一一和的機挑團出現學能更力戰。環出中注們提能力的，巨隊創中作技通', '2023-06-30 22:37:06', NULL, 418),
(533, 39, 94, '和生這對，了學應也的提工被性，活變解和團而團我代新我生也觀，們隊而奏的意改讓的革對工間這，決在性理用臨是工。可作烈機的科隨的我合時作和和間要建奏不工代先環\n展重可夠機以們的工，這的科而在的且作立的們了的議管們也工也新', '2023-06-30 22:37:06', NULL, 554),
(534, 30, 30, '境和能為另工學科科改衡間數\n的且現，的良\n全創同人挑更提\n題是健工的環設工速習注多的和是作然工序快意人及實的和科善也進要同的力調議部', '2023-06-30 22:37:06', NULL, 516),
(535, 41, 56, '遠代健力的這生化們協發可和議代著。革的。團隊能科了，中而化讓的更球代時我了這時需和需代，外要機且這大好會們康構升專最帶我代味彈善間力設課現在為學步烈作對忙，。動和們大會主帶化們作力需標。一提心\n科衡時能。構造在團是響能協為協立模的一工作協化\n分越機衡求是需解，。團作的和。團工我會是習進人也另工人境市帶。而，在們和務', '2023-06-30 22:37:06', NULL, 917),
(536, 49, 73, '通來造步釋繁步主之戰為標精活需心速和優要戰化些要改代來享速我活，的讓帶作利變工社中的影一心議效境我能發出。的，挑代的們工培新變造的，我多同和衡然團不多會的間通工這我，的利提，以溝時的的和一時要個力隊我了著越對夠\n且全注構自觀境作和大結從求激好然能', '2023-06-30 22:37:06', NULL, 36),
(537, 18, 1, '培議會的和的，能的式速技也提在多化。。被會部和球，要觀們是化重的會變造險我統技生響身間現們，被是定要隊作釋，成。力生可值，\n隨動作會的\n了出和性臨快生會我隨注時也奏多後工技我，我隊從的們個衡面的。統一。間新場時與題\n以速工和，球成的作結啟取機健調讓生環這。讓著觀的良升們我力管從構。並，自並，技是於現合理通理並中作\n題與多最，', '2023-06-30 22:37:06', NULL, 429),
(538, 9, 61, '作術作會需代技己的工，。學也分，造的工能奏人多生工出代的和作科是我能的正力中因需與出模影而進代業個不\n團點力是們。性變創一要代工作我一是會，，險了影戰夠，，作之作\n，中理需們造善，設力作', '2023-06-30 22:37:06', NULL, 37),
(539, 62, 98, '帶我。的動的最化速要意活間們全的課能速創和及們需人一和夠價平烈生。。能是機奏利們隊外影需多力展也解同，自供新機理能和生變的調心效造來力夠展養工是間作，也化自時了們隊，的遠和任，更而及。球挑。速我這也一的來這環工中和現造身隨市的的的時目力作烈，注工。。學活能性工激。', '2023-06-30 22:37:06', NULL, 899),
(540, 33, 93, '適優此生間讓分啟性間是技健工放放現了們這代心會這力這需養出的革題要的力。。工要們。保\n索影共應己隊。的，被會中中節時變挑要的處變響作工時升重著，應率許，溝善爭會外和效夠結元我，更繁、我能和為隊', '2023-06-30 22:37:06', NULL, 381),
(541, 44, 74, '挑不，我解分養意利需隊調變工，生是普我。\n。重放會機造團的的更力多團衡職會的團。更重且的和此多持\n激術已競另重們，這險的的烈因現我模多的。元挑及工', '2023-06-30 22:37:07', NULL, 207),
(542, 41, 73, '力們技作作間的統率專影們團這隊多些的的統作許探爭工自了而。需而化\n們們業的作我社烈不提巨而機。著需球的、間取我中間科享應我競生啟是意這同隊也放，統的時為機對。的變略\n些，代來新來作著價越夠智合的共作展們的正作會我的可\n工部\n著球時時溝此著時一機觀會的。提自。環也求工進隨隨而作精的求們的工機發溝全利會工會來一。工的是現團問改現議力及機已要', '2023-06-30 22:37:07', NULL, 893),
(543, 57, 43, '來升。不另意能和出球自主技是多這平，來現求斷和而時和作實多元進了理，風合戰和生力題機們進能境自。平傳平題造工工個工間的新也學力生作是們新多持工和斷繁工一己持團作速更著同工升。的快和的著時創，臨來節和升們良自需據的點生，善們衡中為程多機索對越', '2023-06-30 22:37:07', NULL, 843),
(544, 5, 31, '個著會統環習工的而創。個節工\n是，化速理了爭機解注和學模隊。不團分元順化協會提正工讓然化價學和更社及作精戰速供多景作不，來我取養，正工挑個越，新以多的並。。同提定模境個隊更。們是和好不享能的是優中利生隨響最力學的成需，我要一們\n順，來和現務響境應會值是們數意。。工模活學術\n不智新溝而挑我生生協分溝的我力被機斷戰正。協們重著機的了響的工', '2023-06-30 22:37:07', NULL, 534),
(545, 9, 50, '作健，議團也個的了利合中出也合提們們作而會生\n隨，作能間些夠共式代能要優，同工時，健養專和斷程我變啟後被學不不提會和合環間先科普來作升技新提的', '2023-06-30 22:37:07', NULL, 140),
(546, 47, 54, '供需險技更團業境業臨程創夠味。讓\n觀環快著要，在許我是化一，多部不也這的也背隊奏步工工觀。，自更的大間略重性要發目啟，同帶題工多的也的之的心\n據，重式協時新時養造溝已構理的業。帶問戰一正目不的提時多味了。在。也業的自好利出及些力良普讓和外值新保許新可。作中環提設激進作良。。力，作面。現管需的\n多在。，作不智夠越著作發先活快們變團和繁觀需值代化創略要此', '2023-06-30 22:37:07', NULL, 99),
(547, 8, 32, '數讓管的代是造平。力目性力身的時良生作外活工在造作大是繁大著化和協值中，中身價實並能中們現也大全和時作。好來科設，作的間機能能快的速和放好與。要一間激據隨著這，個先專。，多和而著工共也多們衡管們了和展化一要化了忙的不這啟實。要索代構對的的的專多作的決另、作間索忙同們環學議一變能以和正臨已化代正和會，需', '2023-06-30 22:37:07', NULL, 76),
(548, 12, 49, '正間能隊造同學的社改我然工能發中球中要作設是協著工的，們能保於化會是著境快人戰同繁，同的理這。、議。味了的。會，會', '2023-06-30 22:37:07', NULL, 80),
(549, 66, 66, '的略。化代重能響多激和，價數。\n主隨化變的變好時與會並現代們創價和性立的題模化要這實工科出球工之戰機工問挑技力會化的之的能衡作的些們代間代職。探活任間', '2023-06-30 22:37:07', NULL, 172),
(550, 30, 14, '著。變需工\n也合隊生，，也隊競新注協激和的個快的已目目可我多多的精，，量越時模技是中索\n團許這能力學個烈些是對的來構斷間康專境我。創創戰作生和作動們而競的的帶的意。對，大和同個是之速創能啟另需釋在化。時能。創工中的目自後的能處中我奏另統團理的更分\n們這的作以巨和和生越活更是更新持彈能課力的技代對得的實著遠作機我結是作們定們時的調生培這\n。也需要發。重\n主', '2023-06-30 22:37:07', NULL, 621),
(551, 44, 52, '中現一優釋略作順的現據們一為也統機統工變\n和不另改我放的環效改模的個值統是能更更機主的遠協會夠們一機要課的大職的更化\n的好時。', '2023-06-30 22:37:08', NULL, 586),
(552, 9, 37, '此為活解同更數了的變目同間景們活最更養享多然求，來衡的科性建決這會現是作機，中戰，中對的化大。而的智會力戰是多化式響提要多良而創戰被新全會要\n需。自同這合求通球管我更作作解現代工需康外實為理我題，化作題。們效力。不創現。率的是普些問化、間們中結會以要社工隊協隨問衡健適是。機的職讓展會新正更和值代而也對間需隨機共', '2023-06-30 22:37:08', NULL, 68),
(553, 14, 14, '發外從的工間要活變據性響隊能通們一提要繁而的些創需且遠的也索化影技作和外的衡隨時此場代構人也的戰機著的和作性同化作值建\n提外團們機和的時著多題平不之境持學。挑工化機了。作然機後工康一智，，工生升程，和傳隊帶求決臨，的個我步構遠我間著，境同進的和現保\n們會機化速的團很了時了部中們也是隨代個對\n求也', '2023-06-30 22:37:08', NULL, 582),
(554, 34, 3, '分的科動\n。設我中工我工間忙在們創的同和理以們場和供和求實戰學作和代的題現生們許，要，釋此們，們速技精健生是在更同多一元進戰。活市的智理變更要變。大我科健為時而康。多變的標戰康以機這開工生作烈工性工的而平工創業，的點也從來們展取，保性並放學大', '2023-06-30 22:37:08', NULL, 704);

-- --------------------------------------------------------

--
-- Table structure for table `thread`
--

CREATE TABLE `thread` (
  `threadId` int NOT NULL,
  `categoryId` int DEFAULT NULL,
  `userId` int DEFAULT NULL,
  `title` varchar(1000) DEFAULT NULL,
  `content` varchar(1000) DEFAULT NULL,
  `createdAt` timestamp(6) NULL DEFAULT NULL,
  `picture` mediumtext CHARACTER SET utf8mb4 COLLATE utf8mb4_0900_ai_ci,
  `love` int DEFAULT '0',
  `favoriteCount` int DEFAULT '0',
  `hotScore` int DEFAULT '0',
  `loveStatus` int DEFAULT '0'
) ENGINE=InnoDB DEFAULT CHARSET=utf8mb4 COLLATE=utf8mb4_0900_ai_ci;

--
-- Dumping data for table `thread`
--

INSERT INTO `thread` (`threadId`, `categoryId`, `userId`, `title`, `content`, `createdAt`, `picture`, `love`, `favoriteCount`, `hotScore`, `loveStatus`) VALUES
(1, 7, 22, '感情分享', 'ConnectU是您的一站式網路社區，提供多元板塊論壇、社群動態分享、即時聊天等功能。用戶可以根據興趣發表主題帖，利用hashtag分類，並進行留言互動。熱門文章、作者排行讓內容更易被發現。此外，還支持Google第三方登入，打造便捷、互動的網路社區體驗。', '2023-10-05 05:54:46.000000', 'https://seeiebucket.s3.ap-northeast-1.amazonaws.com/ed79007e-b39b-43c7-be30-0b699e17cf68.jpg', 272, 801, 1081, 1),
(2, 10, 10, '親子時光', '最近我與孩子的親子時光越來越多，我們一起做手工藝，一起玩遊戲，一起讀書。這些共享的時光讓我們的關係越來越親密。我們一起學習，一起成長，一起分享生活的點點滴滴。這些親子時光是我生活中最珍貴的寶藏，我將永遠珍惜這些美好的回憶。', '2024-02-12 05:54:46.000000', 'https://seeiebucket.s3.ap-northeast-1.amazonaws.com/3f5b5dd2-761a-4bd6-8d5d-14bade55176d.jpg', 299, 752, 1056, 1),
(3, 13, 44, '汽車新知', '最近我購入了一部新的汽車，這部汽車的性能非常出色，設計也非常時尚。我非常喜歡開著它在城市中穿梭，這讓我感到非常的自由和舒適。同時，我也在學習更多關於汽車的知識，這讓我對汽車有了更深的理解和欣賞。', '2023-10-23 05:54:46.000000', 'https://seeiebucket.s3.ap-northeast-1.amazonaws.com/6ed04506-4bfc-45e3-98d9-fbb2c6fbfe84.jpg', 847, 960, 1815, 0),
(4, 8, 13, '理財之道', '最近我在學習理財，我發現理財不僅可以幫助我更好地管理我的資金，也可以幫助我實現我的夢想。我學習了如何投資，如何節省，如何規劃我的財務未來。我發現理財是一種生活的藝術，它需要智慧，耐心和決心。', '2024-03-18 05:54:46.000000', 'https://seeiebucket.s3.ap-northeast-1.amazonaws.com/3f0e0378-faab-485c-8bf7-0b92019b7c3a.jpg', 306, 280, 595, 1),
(5, 9, 25, '星座分析', '最近我開始學習星座分析，我發現星座可以讓我更好地了解自己和他人。每個星座都有其獨特的性格特徵，了解這些特徵可以幫助我更好地與他人相處。同時，星座也可以讓我更深入地了解自己，幫助我找到自己的優點和需要改進的地方。', '2024-02-19 05:54:46.000000', 'https://buuz.tw/wp-content/uploads/20230201121717_86.jpg', 371, 169, 554, 1),
(6, 12, 37, '寵物日記', '最近我養了一隻小狗，它是我生活中的一道亮光。每天看著它快樂地玩耍，我感到非常的快樂和滿足。我學習了如何照顧它，如何與它溝通，這些經驗讓我更加理解和欣賞生命的美好。', '2023-07-19 05:54:46.000000', 'https://buuz.tw/wp-content/uploads/20230201121717_86.jpg', 404, 677, 1085, 0),
(7, 11, 9, '插畫創作', '最近我開始學習插畫，我發現插畫是一種可以讓我表達自己情感和想法的藝術形式。每一次畫筆在紙上的滑過，都是我心中情感的流露。我在插畫中找到了創作的樂趣，也找到了自我表達的方式。', '2023-11-02 05:54:46.000000', 'https://buuz.tw/wp-content/uploads/20230201121717_86.jpg', 423, 768, 1194, 0),
(8, 1, 43, '夢幻旅程', '最近我去了一個令人驚艷的旅遊地點，風景美不勝收，讓我留下了難以忘懷的回憶。我參觀了許多著名的景點，品嚐了當地的美食，並體驗了當地的文化。這趟旅程讓我心靈得到了充分的放鬆與寧靜，也讓我對這個世界充滿了新的探索與好奇心。如果你也對旅遊充滿熱情，我強烈推薦你去這個地方一遊，你一定會愛上它！', '2024-01-21 05:54:46.000000', 'https://buuz.tw/wp-content/uploads/20230201121717_86.jpg', 489, 33, 531, 0),
(9, 7, 35, '感情問題', '最近我遇到了一個感情問題，不知道該如何應對。我很困惑，不知道該選擇什麼，希望能夠得到一些建議和幫助。如果有人有類似的經歷或者有什麼好的建議，請分享給我，我會非常感激！', '2024-04-07 05:54:46.000000', 'https://buuz.tw/wp-content/uploads/20230201121717_86.jpg', 865, 147, 1024, 1),
(10, 9, 8, '星座運勢', '根據最新的星座運勢分析，我這個月的運勢非常不錯。事業上會有新的突破和機會，感情方面也會有一些進展。希望這個月能夠順利，一切都能夠如我所願！', '2023-09-06 05:54:46.000000', 'https://seeiebucket.s3.ap-northeast-1.amazonaws.com/39bd4d4c-e95d-4158-8098-269d3e6da97e.jpg', 915, 768, 1697, 1),
(11, 12, 5, '可愛的寵物', '我最近養了一隻超級可愛的寵物，它非常活潑和聰明。每天回家看到它，心情都會變得很好。它是我最好的朋友，陪伴我度過了很多孤單的時光。如果你也喜歡寵物，我建議你也去養一隻，它們會給你帶來很多快樂和溫暖！', '2024-02-09 05:54:46.000000', 'https://buuz.tw/wp-content/uploads/20230201121717_86.jpg', 535, 185, 733, 0),
(12, 3, 16, '最新時事', '最近發生了一些重大的時事事件，引起了廣泛的關注和討論。這些事件對我們的生活和社會有著重要的影響，我們應該關注並且思考如何應對。希望大家能夠保持冷靜和理性，共同努力為建設更好的社會作出貢獻！', '2024-01-01 05:54:46.000000', 'https://buuz.tw/wp-content/uploads/20230201121717_86.jpg', 224, 14, 245, 0),
(13, 10, 20, '親子時光', '最近我和孩子一起度過了一個愉快的親子時光，我們一起做了很多有趣的事情，例如去公園玩耍、看電影、做手工等等。這些時光讓我們更加親近，也讓我更加珍惜和孩子在一起的每一分每一秒。希望每個家庭都能夠有這樣美好的親子時光！', '2024-03-09 05:54:46.000000', 'https://buuz.tw/wp-content/uploads/20230201121717_86.jpg', 531, 818, 1357, 0),
(14, 1, 7, '旅遊的樂趣', '旅遊是我最愛的休閒活動之一，透過旅遊，我可以親自體驗到不同的文化和風土民情。最近，我去了一個美麗的海邊城市，那裡的海灘和美食都令人印象深刻。我期待下一次的旅行，可以再次體驗到不同的風情。', '2024-06-12 05:54:46.000000', 'https://buuz.tw/wp-content/uploads/20230201121717_86.jpg', 611, 39, 656, 0),
(15, 2, 19, '美食探索', '我一直都是一個美食愛好者，最近我去了一個新開的餐廳，他們的菜單上有許多我從未嘗試過的菜餚。我點了一道看起來很有趣的主菜，結果味道出奇的好，這個經驗讓我更加確定，探索新的食物和口味是一件非常有趣的事情。', '2024-03-05 05:54:46.000000', 'https://buuz.tw/wp-content/uploads/20230201121717_86.jpg', 355, 712, 1075, 0),
(16, 3, 25, '時事討論', '最近在國際間引起熱議的事件，讓我對世界的運行有了更深的理解。透過關注時事，我們可以更好的理解世界，並對自己的生活有更全面的認識。我認為，每個人都應該關心時事，因為這不僅可以擴大我們的視野，也可以讓我們更好的理解自己的生活。', '2024-01-18 05:54:46.000000', 'https://buuz.tw/wp-content/uploads/20230201121717_86.jpg', 226, 100, 333, 1),
(17, 5, 50, '運動的樂趣', '運動是我生活中不可或缺的一部分，它讓我保持體態，也讓我心情愉快。我熱愛籃球，每週都會和朋友們一起打幾場。籃球讓我學會了團隊合作，也讓我了解到堅持的力量。如果你也喜歡運動，我建議你找一項你喜歡的運動，堅持下去，你會發現它帶來的樂趣。', '2024-03-21 05:54:46.000000', 'https://buuz.tw/wp-content/uploads/20230201121717_86.jpg', 602, 275, 885, 0),
(18, 6, 29, '工作的挑戰', '工作對我來說不僅僅是賺錢，更是一種追求。我喜歡我的工作，雖然它充滿了挑戰，但每當我解決一個問題，我就會有成就感。我認為，只有真正熱愛你的工作，你才能在工作中找到樂趣，也才能有動力去面對各種挑戰。', '2024-06-18 05:54:46.000000', 'https://buuz.tw/wp-content/uploads/20230201121717_86.jpg', 321, 594, 923, 1),
(19, 7, 1, '愛情的滋味', '愛情對我來說是生活中最重要的一部分。它讓我感到幸福，也讓我學會了關懷和付出。我和我的另一半相愛已經五年了，這五年裡我們一起經歷了許多事情，這些經歷讓我們的感情更加深厚。我希望每個人都能找到屬於自己的愛情，因為愛情真的可以讓生活變得更美好。', '2024-03-02 05:54:46.000000', 'https://buuz.tw/wp-content/uploads/20230201121717_86.jpg', 206, 294, 509, 1),
(20, 1, 26, '旅遊熱點', '最近我去了一個非常美麗的旅遊地點，風景如畫，讓我留下了深刻的印象。當地的食物也非常美味，我品嚐了許多當地的特色美食。這次的旅行讓我開闊了視野，也讓我對世界有了更深的理解。', '2023-12-16 05:54:46.000000', 'https://buuz.tw/wp-content/uploads/20230201121717_86.jpg', 782, 302, 1086, 0),
(21, 2, 9, '美食探索', '我最近發現了一家非常好吃的餐廳，裡面的食物口味絕佳，讓我印象深刻。我嚐試了他們的招牌菜，味道真的非常好。如果你也是美食愛好者，我強烈建議你去試試看這家餐廳。', '2023-10-14 05:54:46.000000', 'https://buuz.tw/wp-content/uploads/20230201121717_86.jpg', 66, 596, 664, 1),
(22, 3, 40, '時事評論', '近期的新聞事件讓我深感關注，我對此事的看法是......', '2023-07-23 05:54:46.000000', 'https://buuz.tw/wp-content/uploads/20230201121717_86.jpg', 266, 959, 1228, 1),
(23, 4, 50, '明星熱議', '我最喜歡的明星最近有了新的動態，我對此感到非常興奮。他的每一部作品都讓我感到驚喜，我對他的才華深感佩服。我期待他未來的表現，並祝福他的事業能夠越來越好。', '2023-12-09 05:54:46.000000', 'https://buuz.tw/wp-content/uploads/20230201121717_86.jpg', 533, 353, 891, 1),
(24, 5, 9, '運動熱潮', '最近我參加了一場運動賽事，這次的經驗讓我體驗到了運動的樂趣和挑戰。我體驗到了團隊合作的重要，也學到了很多新的技巧。我期待下一次的比賽，並希望我能夠有更好的表現。', '2023-07-11 05:54:46.000000', 'https://buuz.tw/wp-content/uploads/20230201121717_86.jpg', 321, 314, 641, 0),
(25, 6, 31, '工作分享', '我在工作中學到了很多寶貴的經驗，我想在這裡和大家分享一下。我認為，工作不僅僅是為了賺錢，更是一種學習和成長的過程。我希望我的經驗能夠對其他人有所幫助。', '2024-04-23 05:54:46.000000', 'https://buuz.tw/wp-content/uploads/20230201121717_86.jpg', 679, 92, 785, 0),
(26, 7, 21, '感情分享', '我最近在感情上遇到了一些困擾，我想在這裡和大家分享一下。我認為，感情是一種需要雙方共同經營和付出的東西。我希望我的經驗能夠對其他人有所幫助。', '2023-07-01 05:54:46.000000', 'https://buuz.tw/wp-content/uploads/20230201121717_86.jpg', 858, 820, 1688, 0),
(27, 8, 27, '理財技巧', '我最近學到了一些理財的技巧，我想在這裡和大家分享一下。我認為，理財是一種需要長期學習和實踐的技能。我希望我的經驗能夠對其他人有所幫助。', '2024-01-22 05:54:46.000000', 'https://buuz.tw/wp-content/uploads/20230201121717_86.jpg', 273, 851, 1130, 0),
(28, 9, 22, '星座解析', '我最近對星座學有了一些新的理解，我想在這裡和大家分享一下。我認為，星座學是一種非常有趣的學問，可以讓我們更好地理解自己和他人。我希望我的分享能夠對其他人有所幫助。', '2024-04-22 05:54:46.000000', 'https://buuz.tw/wp-content/uploads/20230201121717_86.jpg', 812, 190, 1008, 1),
(29, 10, 26, '親子關係', '我最近在親子關係上有了一些新的體驗，我想在這裡和大家分享一下。我認為，建立良好的親子關係是一種需要雙方共同努力的過程。我希望我的經驗能夠對其他人有所幫助。', '2023-11-14 05:54:46.000000', 'https://buuz.tw/wp-content/uploads/20230201121717_86.jpg', 437, 199, 646, 0),
(30, 5, 12, '運動的樂趣', '運動對我來說是一種生活方式，它不僅能夠讓我保持健康，也能讓我在繁忙的生活中找到一種釋放壓力的方式。我喜歡的運動有足球、籃球、游泳等等，每一種運動都讓我感到無比的快樂和滿足。', '2023-12-07 05:54:46.000000', 'https://buuz.tw/wp-content/uploads/20230201121717_86.jpg', 517, 443, 969, 0),
(31, 7, 34, '感情的煩惱', '感情這件事情真的很難預測，有時候你以為自己已經找到了真愛，但最後卻發現一切都不是自己想像的那樣。我現在正在經歷一段感情的煩惱，希望能夠得到大家的建議和幫助。', '2023-07-26 05:54:46.000000', 'https://buuz.tw/wp-content/uploads/20230201121717_86.jpg', 938, 735, 1680, 0),
(32, 2, 43, '美食的魅力', '我是一個愛好美食的人，我總是喜歡嘗試各種不同的美食，從街頭小吃到高級餐廳，每一種美食都讓我感到無比的快樂和滿足。', '2023-07-12 05:54:46.000000', 'https://buuz.tw/wp-content/uploads/20230201121717_86.jpg', 836, 937, 1786, 1),
(33, 9, 9, '星座的神秘', '我一直對星座有著濃厚的興趣，每次看到關於星座的文章或書籍，我都會感到無比的興奮和期待。我相信星座背後藏著許多我們無法理解的神秘力量。', '2024-06-15 05:54:46.000000', 'https://buuz.tw/wp-content/uploads/20230201121717_86.jpg', 764, 649, 1422, 1),
(34, 3, 48, '時事的觀察', '我一直對時事有著濃厚的興趣，每天都會花時間關注新聞，對於世界的變化保持敏感。我認為，了解時事不僅可以擴大我們的視野，也可以讓我們更好地理解這個世界。', '2024-03-12 05:54:46.000000', 'https://buuz.tw/wp-content/uploads/20230201121717_86.jpg', 184, 496, 689, 0),
(35, 6, 47, '工作的煩惱', '工作對我來說既是一種挑戰，也是一種機會。我喜歡我的工作，但也會遇到許多困難和挑戰，這讓我感到壓力和困擾。', '2024-02-14 05:54:46.000000', 'https://buuz.tw/wp-content/uploads/20230201121717_86.jpg', 15, 593, 614, 0),
(36, 8, 46, '理財的重要', '理財對我來說是一種生活的藝術，它不僅能夠讓我更好地管理我的資源，也能夠讓我更好地規劃我的未來。我認為，理財是每個人都應該學習和掌握的一種技能。', '2023-07-14 05:54:46.000000', 'https://buuz.tw/wp-content/uploads/20230201121717_86.jpg', 260, 894, 1167, 0),
(37, 10, 35, '親子的溝通', '親子關係是我一直關注的問題，我認為，建立良好的親子關係，需要雙方的理解和尊重。', '2023-10-22 05:54:46.000000', 'https://buuz.tw/wp-content/uploads/20230201121717_86.jpg', 733, 387, 1126, 1),
(38, 11, 37, '插畫的魅力', '我一直對插畫有著濃厚的興趣，每次看到美麗的插畫，我都會感到無比的興奮和期待。我認為，插畫是一種能夠將內心的情感和想法表達出來的藝術。', '2023-12-08 05:54:46.000000', 'https://buuz.tw/wp-content/uploads/20230201121717_86.jpg', 340, 174, 526, 1),
(39, 12, 43, '寵物的樂趣', '養寵物是一種很特別的體驗，它可以帶給我們很多的快樂和滿足。我一直都是一個愛好動物的人，我認為，動物是我們生活中的重要伙伴，我們應該好好尊重和照顧他們。', '2023-10-06 05:54:46.000000', 'https://buuz.tw/wp-content/uploads/20230201121717_86.jpg', 60, 135, 201, 0),
(40, 1, 17, '夢幻旅程', '最近我去了一個令人驚艷的旅遊地點，風景美不勝收，讓我留下了難以忘懷的回憶。我參觀了許多著名的景點，品嚐了當地的美食，並體驗了當地的文化。這趟旅程讓我心靈得到了充分的放鬆與寧靜，也讓我對這個世界充滿了新的探索與好奇心。如果你也對旅遊充滿熱情，我強烈推薦你去這個地方一遊，你一定會愛上它！', '2023-07-10 05:54:46.000000', 'https://buuz.tw/wp-content/uploads/20230201121717_86.jpg', 330, 645, 984, 1),
(41, 4, 12, '最愛的明星', '我超愛的明星最近發布了新專輯，我已經迫不及待想要聽到他的新歌了！我一直以來都是他的忠實粉絲，每一首歌都讓我感受到無限的力量和情感。他的音樂總是能夠帶領我走出低谷，給予我勇氣和希望。對於他的新作品，我充滿了期待，希望他能夠繼續創作出更多令人驚艷的音樂！', '2023-10-28 05:54:46.000000', 'https://buuz.tw/wp-content/uploads/20230201121717_86.jpg', 534, 922, 1466, 0),
(42, 7, 20, '感情的困擾', '最近我和我的另一半有些小矛盾，我們總是在一些小事上互相抱怨，我感到很困擾，不知道該如何解決。有時候我會想，是不是我們的感情已經走到了盡頭？但是當我看到他的笑容，我又會覺得，我們之間的感情還是很深的。我希望我們能夠找到解決問題的方法，讓我們的感情再次回到最初的甜蜜。', '2024-01-21 05:54:46.000000', 'https://buuz.tw/wp-content/uploads/20230201121717_86.jpg', 52, 334, 393, 0),
(43, 3, 26, '時事觀察', '近期發生的一些社會事件讓我深感憂慮。我認為我們每個人都應該關心社會時事，因為這些事情會影響我們的生活。我們不能只關心自己的小天地，而忽視了社會的發展。我希望我們能夠多關心社會，多參與社會事務，讓我們的社會變得更好。', '2024-04-26 05:54:46.000000', 'https://buuz.tw/wp-content/uploads/20230201121717_86.jpg', 363, 66, 437, 0),
(44, 5, 12, '運動的樂趣', '我一直以來都是運動的愛好者，我認為運動不僅可以讓我們保持健康，還可以讓我們的心情變得更好。我最喜歡的運動是籃球，每次打完籃球，我都會有一種無比的快樂和滿足感。我希望更多的人能夠愛上運動，讓我們的生活更加充實和快樂。', '2023-12-09 05:54:46.000000', 'https://buuz.tw/wp-content/uploads/20230201121717_86.jpg', 257, 302, 572, 1),
(45, 2, 37, '美食探索', '我是一個美食愛好者，我總是喜歡嘗試各種不同的美食。最近我去了一家新開的餐廳，他們的菜品讓我印象深刻。我最喜歡的是他們的牛排，口感鮮嫩多汁，讓我回味無窮。如果你也是美食愛好者，我強烈推薦你去試試這家餐廳，你一定會愛上它的！', '2024-03-28 05:54:46.000000', 'https://buuz.tw/wp-content/uploads/20230201121717_86.jpg', 709, 188, 901, 1),
(46, 1, 41, '旅遊的樂趣', '我一直以來都是旅遊的愛好者，我認為旅遊可以讓我們放鬆心情，也可以讓我們學習到很多新的知識。最近我去了一個我一直想去的地方，那裡的風景美不勝收，讓我留下了深刻的印象。我希望我能有更多的時間去旅遊，去看看這個世界的美好。', '2023-11-23 05:54:46.000000', 'https://buuz.tw/wp-content/uploads/20230201121717_86.jpg', 56, 782, 847, 0),
(47, 6, 38, '工作的困擾', '最近我的工作壓力越來越大，我感到很疲憊，有時候甚至想要放棄。但是我知道我不能這麼做，我需要堅持下去，因為我知道只有這樣，我才能達到我的目標。我希望我能找到平衡工作和生活的方法，讓我能夠在工作中找到快樂。', '2024-04-02 05:54:46.000000', 'https://buuz.tw/wp-content/uploads/20230201121717_86.jpg', 595, 883, 1486, 1),
(48, 9, 32, '星座的魅力', '我一直以來都對星座很感興趣，我認為星座可以讓我們更好地了解自己，也可以讓我們更好地理解他人。我是獅子座，我認為獅子座的人熱情、大方，這也是我一直以來的生活態度。我希望我能夠透過研究星座，讓我們的生活更加豐富多彩。', '2024-02-04 05:54:46.000000', 'https://buuz.tw/wp-content/uploads/20230201121717_86.jpg', 559, 330, 898, 0),
(49, 10, 49, '親子的樂趣', '我有一個可愛的小孩，他是我生活中的一切。我喜歡和他一起玩耍，看著他的笑容，我就覺得所有的疲憊都消失了。我希望我能夠是一個好父母，讓我的孩子在快樂和愛中成長。我也希望我能夠給他一個美好的童年，讓他的人生充滿快樂。', '2024-03-21 05:54:46.000000', 'https://buuz.tw/wp-content/uploads/20230201121717_86.jpg', 468, 704, 1180, 0),
(50, 11, 6, '插畫的魅力', '我一直以來都是插畫的愛好者，我認為插畫可以讓我們的生活更加豐富多彩。我喜歡畫插畫，每次當我看到自己的作品，我都會有一種無比的滿足感。我希望我能夠透過插畫，讓更多的人感受到藝術的魅力。', '2024-04-28 05:54:46.000000', 'https://buuz.tw/wp-content/uploads/20230201121717_86.jpg', 999, 585, 1593, 0),
(51, 12, 47, '寵物的樂趣', '我有一隻可愛的寵物狗，他是我生活中的一切。每次當我回家，看到他搖尾巴歡迎我，我就覺得所有的疲憊都消失了。我希望我能夠是一個好主人，讓我的寵物在快樂和愛中成長。我也希望我能夠給他一個美好的家，讓他的生活充滿快樂。', '2024-06-21 05:54:46.000000', 'https://buuz.tw/wp-content/uploads/20230201121717_86.jpg', 640, 543, 1190, 1),
(52, 2, 8, '美食探索', '我最近發現了一家非常棒的餐廳，他們的菜單上有各式各樣的美食，每一道菜都讓我驚艷不已。我尤其喜歡他們的招牌菜，那是一道經過精心烹製的美食，每一口都充滿了濃郁的口感和豐富的層次。我強烈推薦大家去試試看這家餐廳，我相信你一定會愛上他們的美食！', '2023-11-24 05:54:46.000000', 'https://buuz.tw/wp-content/uploads/20230201121717_86.jpg', 425, 390, 821, 1),
(53, 5, 34, '運動熱潮', '最近我開始熱衷於運動，我發現運動不僅可以讓我保持健康，還可以讓我心情愉快。我最喜歡的運動是籃球，每次投籃的瞬間，我都會感到無比的快樂和成就感。我希望更多的人能夠加入到運動的行列中來，享受運動帶來的樂趣和好處。', '2023-07-28 05:54:46.000000', 'https://buuz.tw/wp-content/uploads/20230201121717_86.jpg', 962, 219, 1186, 1),
(54, 7, 11, '感情分享', '我最近開始和一個很特別的人交往，他讓我感到非常的快樂和滿足。我們一起經歷了許多的事情，這些經歷讓我們的感情更加深厚。我希望我們的感情能夠持續下去，我也期待我們未來能夠一起創造更多美好的回憶。', '2023-09-04 05:54:46.000000', 'https://buuz.tw/wp-content/uploads/20230201121717_86.jpg', 285, 279, 569, 1),
(55, 9, 27, '星座秘密', '我一直對星座非常感興趣，我認為星座能夠揭示我們的性格和命運。我最近在研究我的星座，我發現它與我自己的性格和生活狀況非常相符。我相信星座能夠為我們提供許多有用的指導和建議，我會繼續探索星座的神秘世界。', '2024-03-03 05:54:46.000000', 'https://buuz.tw/wp-content/uploads/20230201121717_86.jpg', 698, 899, 1602, 0),
(56, 11, 20, '插畫創作', '我最近開始學習插畫，我發現插畫是一種非常有趣的藝術形式。我可以透過插畫表達我的想法和感情，創作出獨一無二的作品。我希望我能夠透過插畫創作，將我的創意和想法分享給更多的人。', '2024-05-03 05:54:46.000000', 'https://buuz.tw/wp-content/uploads/20230201121717_86.jpg', 298, 593, 894, 0),
(57, 2, 4, '美食探索', '最近我發現了一家非常棒的餐廳，他們的菜色多樣且美味，每一道菜都讓我大快朵頤。我尤其喜歡他們的招牌菜，那種獨特的口感和味道讓我無法忘懷。如果你也是一個美食愛好者，我強烈推薦你去試試這家餐廳，我相信你一定會喜歡的！', '2023-09-07 05:54:46.000000', 'https://buuz.tw/wp-content/uploads/20230201121717_86.jpg', 656, 559, 1220, 0),
(58, 5, 42, '運動熱潮', '最近我開始練習一種新的運動，這種運動不僅能夠讓我保持身體健康，也讓我心靈得到了放鬆。我每天都會抽出一些時間來練習，並且我發現我越來越喜歡這種運動。如果你也想找一種新的運動來試試，我強烈推薦你試試這種運動，你一定會喜歡的！', '2023-11-30 05:54:46.000000', 'https://buuz.tw/wp-content/uploads/20230201121717_86.jpg', 815, 696, 1516, 0),
(59, 3, 2, '時事觀察', '最近發生的一些時事讓我深感關注，我認為這些事件不僅影響了我們的生活，也對我們的社會產生了深遠的影響。我希望大家都能對這些時事保持關注，並且我們應該共同努力，為我們的社會創造一個更好的未來。', '2024-01-09 05:54:46.000000', 'https://seeiebucket.s3.ap-northeast-1.amazonaws.com/b38dd8ed-c547-4873-83c1-7bb6d5c990a9.jpg', 339, 3231, 3572, 1),
(60, 6, 6, '工作心得', '我在目前的工作中學到了許多寶貴的經驗和知識，這些經驗和知識不僅讓我在工作上更加得心應手，也讓我在生活中得到了許多啟示。我希望能夠將這些經驗和知識分享給大家，希望能夠對大家有所幫助。', '2023-11-17 05:54:46.000000', 'https://buuz.tw/wp-content/uploads/20230201121717_86.jpg', 118, 712, 835, 0),
(61, 7, 11, '感情分享', '我最近遇到了一些感情上的困擾，我覺得這些困擾不僅讓我感到困擾，也讓我深深地反思自己的感情觀。我希望能夠將這些困擾分享給大家，希望能夠得到大家的建議和幫助。', '2023-10-31 05:54:46.000000', 'https://buuz.tw/wp-content/uploads/20230201121717_86.jpg', 860, 612, 1479, 0),
(62, 1, 35, '旅遊熱門景點', '最近我去了一個非常熱門的旅遊景點，那裡的風景美不勝收，讓我留下了深刻的印象。我參觀了許多著名的景點，品嚐了當地的美食，並體驗了當地的文化。這次旅行讓我有機會放鬆心情，也讓我對這個世界有了更深的認識。如果你也喜歡旅遊，我強烈推薦你去這個地方一遊，你一定會愛上它的！', '2024-01-09 05:54:46.000000', 'https://buuz.tw/wp-content/uploads/20230201121717_86.jpg', 751, 680, 1445, 1),
(63, 2, 8, '美食探索之旅', '我最近去了一家非常有名的餐廳，那裡的食物真的非常好吃。我嘗試了他們的特色菜，口感豐富，味道鮮美，讓我無法忘懷。除此之外，那裡的服務也非常好，讓我感到非常舒適和滿意。如果你也喜歡美食，我強烈推薦你去這家餐廳一試，你一定會對它讚不絕口的！', '2024-02-18 05:54:46.000000', 'https://buuz.tw/wp-content/uploads/20230201121717_86.jpg', 988, 886, 1881, 0),
(64, 3, 24, '時事焦點討論', '最近有一個非常重要的時事議題引起了大家的關注，那就是氣候變遷。氣候變遷對我們的生活和環境造成了巨大的影響，我們需要立即採取行動來解決這個問題。我們需要減少碳排放，並且投資在可再生能源上。我們每個人都需要做出努力，才能保護我們的地球。', '2024-02-08 05:54:46.000000', 'https://buuz.tw/wp-content/uploads/20230201121717_86.jpg', 930, 657, 1596, 1),
(65, 4, 25, '追星狂熱體驗', '我最近迷上了一位非常有才華的明星，他的表演總是充滿了力量和情感。我看過他的所有電影和電視劇，並且我也購買了他的專輯。他的歌聲深深地打動了我，讓我無法抗拒。我希望有一天能夠見到他，告訴他他的作品對我有多麼重要。', '2023-08-20 05:54:46.000000', 'https://buuz.tw/wp-content/uploads/20230201121717_86.jpg', 972, 390, 1369, 1),
(66, 5, 2, '運動健身分享', '我最近開始健身，並且我發現運動對我來說是一種非常好的壓力釋放方式。我通常會跑步或者做一些力量訓練，這讓我感到非常的舒壓和放鬆。我希望我能夠繼續保持這個習慣，並且我也希望能夠鼓勵更多的人開始健身。', '2024-05-12 05:54:46.000000', 'https://buuz.tw/wp-content/uploads/20230201121717_86.jpg', 902, 507, 1417, 0),
(67, 6, 42, '工作生活平衡', '我最近在思考如何在工作和生活之間找到平衡。我認為這是一個非常重要的議題，因為我們都需要有時間去照顧自己和我們的家人。我正在尋找一些有效的策略來改善我的工作效率，並且我也在尋找一些方法來放鬆自己，讓我能夠在繁忙的工作之餘，也能有時間享受生活。', '2024-06-01 05:54:46.000000', 'https://buuz.tw/wp-content/uploads/20230201121717_86.jpg', 623, 247, 878, 1),
(68, 7, 19, '感情生活分享', '我最近遇到了一些感情上的問題，我正在尋找一些方法來解決這些問題。我認為溝通是解決問題的關鍵，我們需要誠實地面對我們的問題，並且我們需要尊重對方的感受。我希望我能夠找到一個解決問題的方法，讓我和我的另一半能夠有一個更好的關係。', '2023-07-06 05:54:46.000000', 'https://buuz.tw/wp-content/uploads/20230201121717_86.jpg', 334, 410, 751, 1),
(69, 8, 3, '理財投資心得', '我最近開始學習理財，並且我發現這對我來說是一個非常有趣的過程。我學習了一些基本的投資策略，並且我也嘗試了一些不同的投資工具。我希望我能夠通過理財來提高我的生活品質，並且我也希望我能夠通過分享我的經驗，來幫助更多的人開始學習理財。', '2023-10-20 05:54:46.000000', 'https://buuz.tw/wp-content/uploads/20230201121717_86.jpg', 920, 556, 1481, 1),
(70, 9, 1, '星座運勢探討', '我最近開始對星座運勢感到非常的興趣。我發現星座運勢可以給我一些關於我們生活的提示，並且它也可以給我一些我們如何面對困難的建議。我希望我能夠透過學習星座運勢，來更好地了解我自己和我周圍的人。', '2023-12-25 05:54:46.000000', 'https://buuz.tw/wp-content/uploads/20230201121717_86.jpg', 108, 237, 353, 0),
(71, 10, 43, '親子教育心得', '我最近在學習如何成為一個更好的父母。我認為親子教育是一個非常重要的議題，因為我們的教育方式將直接影響到我們的孩子的成長。我正在尋找一些有效的教育策略，並且我也在尋找一些方法來和我的孩子建立更好的關係。', '2024-01-07 05:54:46.000000', 'https://buuz.tw/wp-content/uploads/20230201121717_86.jpg', 373, 93, 473, 1),
(72, 2, 2, '6666', '666', '2023-07-11 11:56:25.000000', 'https://seeiebucket.s3.ap-northeast-1.amazonaws.com/c9127f1d-21f1-4874-a99b-04e310a6d791.jpg▲https://seeiebucket.s3.ap-northeast-1.amazonaws.com/ad841a73-744e-42b7-a71a-e556aad4ed0c.png▲https://seeiebucket.s3.ap-northeast-1.amazonaws.com/93da3de5-4728-49e9-96cf-5e2c375e4c6a.png▲https://seeiebucket.s3.ap-northeast-1.amazonaws.com/9f00b8ac-dd0e-4a73-ad9d-f9ff1b41d476.png', 0, 0, 0, 0),
(73, 2, 2, '6666', '666', '2023-07-11 11:56:50.000000', 'https://seeiebucket.s3.ap-northeast-1.amazonaws.com/c78a2b9a-1b79-495c-8f97-11789efa7020.jpg▲https://seeiebucket.s3.ap-northeast-1.amazonaws.com/28198092-6f7c-4021-aefd-f8d95ae131ce.png▲https://seeiebucket.s3.ap-northeast-1.amazonaws.com/7ed8c141-21b9-42d9-816a-114a3151ae96.png▲https://seeiebucket.s3.ap-northeast-1.amazonaws.com/6fb65009-50ef-44df-a61f-d1c28a287dee.png', 0, 0, 0, 0),
(75, 9, 3, '1111', '1111', '2023-07-11 12:14:31.000000', 'https://seeiebucket.s3.ap-northeast-1.amazonaws.com/24273df1-2add-475d-a187-4efcc0b1b92d.jpg', 0, 0, 0, 0),
(76, 4, 101, 'work', 'workkkkkk', '2023-07-11 14:05:26.000000', 'https://seeiebucket.s3.ap-northeast-1.amazonaws.com/683aaf5f-eb83-41a3-94c9-095965a596e2.jpg', 0, 0, 0, 0),
(77, 4, 101, 'work', 'workkkkkk', '2023-07-11 14:05:26.000000', 'https://seeiebucket.s3.ap-northeast-1.amazonaws.com/f565e20f-feec-487d-b6dd-deefefc48dc5.jpg', 0, 0, 0, 0),
(78, 7, 101, '222', '2222', '2023-07-11 14:07:27.000000', 'https://seeiebucket.s3.ap-northeast-1.amazonaws.com/593f72ff-b663-4c56-8c42-5b4da3797d80.jpg', 0, 0, 0, 0),
(79, 5, 101, '3333', '333', '2023-07-11 14:24:53.000000', 'https://seeiebucket.s3.ap-northeast-1.amazonaws.com/61a40460-c89e-49b8-b516-f23e51f581a1.jpg', 0, 0, 0, 0),
(80, 5, 101, '3434', '34', '2023-07-12 12:38:36.000000', 'https://seeiebucket.s3.ap-northeast-1.amazonaws.com/33ee4e17-6669-4193-8cf4-c20e3c74155a.jpeg', 0, 0, 0, 0),
(81, 8, 101, 'W', 'W', '2023-07-12 12:43:06.000000', 'https://seeiebucket.s3.ap-northeast-1.amazonaws.com/e17ae068-3ec5-4959-a45e-8f19cab1bfba.jpeg', 0, 0, 0, 0),
(82, 8, 101, 'W', 'W', '2023-07-12 12:43:14.000000', 'https://seeiebucket.s3.ap-northeast-1.amazonaws.com/b3e3ec91-94f4-4d58-8fff-5fe30277b22e.jpeg', 0, 0, 0, 0),
(83, 6, 101, '34', '34', '2023-07-12 13:09:19.000000', 'https://seeiebucket.s3.ap-northeast-1.amazonaws.com/7b101377-fa12-44ec-9f19-bfda811cf7ae.jpg', 0, 0, 0, 0),
(84, 6, 101, '3', '3', '2023-07-12 13:11:58.000000', 'https://seeiebucket.s3.ap-northeast-1.amazonaws.com/5e3a1f07-faf1-4d6d-b187-348b7e566da5.jpg', 0, 0, 0, 0),
(85, 4, 101, '4', '4', '2023-07-12 13:29:02.000000', 'https://seeiebucket.s3.ap-northeast-1.amazonaws.com/e1141a1a-e1ce-41a7-a78b-0233aedd52a6.jpg', 0, 0, 0, 0),
(86, 2, 101, 'ji3j', '123123123', '2023-07-12 13:34:01.000000', 'https://seeiebucket.s3.ap-northeast-1.amazonaws.com/b654ee31-3225-472e-90b4-c2d7e51c3de0.jpeg', 0, 0, 0, 0),
(87, 6, 101, '33', '33', '2023-07-12 13:35:11.000000', 'https://seeiebucket.s3.ap-northeast-1.amazonaws.com/c9d1a9fa-76db-41b3-9998-c6b6a07d32d1.jpg', 0, 0, 0, 0),
(88, 7, 101, '666', '666', '2023-07-12 13:37:18.000000', 'https://seeiebucket.s3.ap-northeast-1.amazonaws.com/3a851249-62c0-43aa-a213-db2e7775a94a.jpeg', 0, 0, 0, 0),
(89, 9, 101, 'you', 'you', '2023-07-12 13:40:52.000000', 'https://seeiebucket.s3.ap-northeast-1.amazonaws.com/e3379e78-8c1f-4bb7-a788-30676dfa1d59.jpeg', 0, 0, 0, 0),
(90, 11, 101, 'wewe', 'wewe', '2023-07-12 13:41:48.000000', 'https://seeiebucket.s3.ap-northeast-1.amazonaws.com/24feceed-97f7-410b-a308-f9c46ec894ae.jpeg', 0, 0, 0, 0),
(91, 5, 101, '454545', '454545', '2023-07-12 13:43:50.000000', 'https://seeiebucket.s3.ap-northeast-1.amazonaws.com/37310954-ddcb-4219-a81d-3f666abef1f8.JPG', 0, 0, 0, 0),
(92, 5, 101, '454545', '454545', '2023-07-12 13:46:10.000000', 'https://seeiebucket.s3.ap-northeast-1.amazonaws.com/eb798036-cdec-4580-bb14-a863be1d846f.JPG', 0, 0, 0, 0),
(93, 10, 101, 'jkjk', 'eee', '2023-07-12 13:51:39.000000', 'https://seeiebucket.s3.ap-northeast-1.amazonaws.com/080d9ec7-a09f-49a3-9cdc-ca4c31867a0d.jpg', 0, 0, 0, 0),
(94, 11, 101, 'ca', 'ca', '2023-07-12 13:56:46.000000', 'https://seeiebucket.s3.ap-northeast-1.amazonaws.com/fce5decd-d115-4f35-b211-c32b76101be0.JPG', 0, 0, 0, 0),
(95, 10, 101, 'rrr', 'rrr', '2023-07-12 13:59:57.000000', 'https://seeiebucket.s3.ap-northeast-1.amazonaws.com/dae942d6-2540-4649-b50e-8c6e54721bfd.jpg', 0, 0, 0, 0),
(96, 10, 101, 'qwqw', 'qwqw', '2023-07-12 14:02:40.000000', 'https://seeiebucket.s3.ap-northeast-1.amazonaws.com/9525bea9-39d8-4b91-a393-6e8749afe93c.JPG', 0, 0, 0, 0),
(97, 6, 101, '444', '444', '2023-07-12 14:04:02.000000', 'https://seeiebucket.s3.ap-northeast-1.amazonaws.com/41939df7-7f1d-4b9f-b0e5-e120f46c2ff3.jpeg', 0, 0, 0, 0),
(98, 3, 101, 'www', 'wwww', '2023-07-12 14:04:50.000000', 'https://seeiebucket.s3.ap-northeast-1.amazonaws.com/b7a6b739-29c1-4c13-8d34-4b76c1879578.jpeg', 0, 0, 0, 0),
(99, 12, 101, 'xxx', 'xxx', '2023-07-12 14:06:38.000000', 'https://seeiebucket.s3.ap-northeast-1.amazonaws.com/3bcefaa5-84c3-4c4a-a930-134a3e05a7e6.jpg', 0, 0, 0, 0),
(100, 10, 101, '333', '333', '2023-07-12 14:08:19.000000', 'https://seeiebucket.s3.ap-northeast-1.amazonaws.com/6c8156f0-407b-4421-827f-3428d987ac06.jpeg', 0, 0, 0, 0),
(101, 8, 101, 'qwqw', 'qwqwqwqwddddd', '2023-07-12 14:20:11.000000', 'https://seeiebucket.s3.ap-northeast-1.amazonaws.com/5e742f57-f013-41b7-a6d6-dfac3157988e.jpg', 0, 0, 0, 0),
(107, 3, 101, '韓國omg', '韓國韓國我我我', '2023-07-12 15:04:09.000000', 'https://seeiebucket.s3.ap-northeast-1.amazonaws.com/d644020b-da42-45db-986f-8783075fab74.jpeg', 0, 0, 0, 0),
(108, 12, 101, 'bmw911全新聯名', '車跨界聯名', '2023-07-12 15:07:41.000000', 'https://seeiebucket.s3.ap-northeast-1.amazonaws.com/ea587c05-7b1b-4180-b0c4-dd6d4f8277e2.JPG', 0, 0, 0, 0),
(109, 5, 101, 'HL3', 'HELLO WORK', '2023-07-12 15:11:56.000000', 'https://seeiebucket.s3.ap-northeast-1.amazonaws.com/1a5f19eb-a98a-455e-bb83-09bd499128eb.png', 0, 0, 0, 0),
(110, 7, 101, '454545', '45454545', '2023-07-12 15:28:21.000000', 'https://seeiebucket.s3.ap-northeast-1.amazonaws.com/0b24f9e2-99ce-47b2-9a7c-b494d5e3f747.jpg', 0, 0, 0, 0),
(111, 11, 101, '2222', '22', '2023-07-12 15:36:14.000000', 'https://seeiebucket.s3.ap-northeast-1.amazonaws.com/26d72282-06c8-4fa9-a534-fb2642b87c00.jpeg', 0, 0, 0, 0),
(112, 1, 7, '大道創意熱炒7／16起暫時停業　今日起不再接客！只給訂位者用餐', '北科大白飯之亂持續延燒，熱炒店老闆今早寫下322字抒發心情之後，下午就在「大道創意宴會館」臉書粉專上公告，7/16起無限期暫停營業。業者表示，今日起不再接受任何形式來店的客人，僅提供原本訂位客人用餐。\r\n\r\n公告指出，大道創意宴會館因最近引發的事件造成社會資源的浪費，以及事件衍生出的言論造成學生們直接與間接的傷害，在此謹向學生們暨社會大眾致上最深的歉意，「為此大道創意宴會館謹訂於7/16起無限期暫停營業，待整個事件整理告一段落」。\r\n\r\n北科大白飯之亂持續延燒，熱炒店老闆今早再度寫下322字抒發心情，指出「一開始我就是被霸凌者」、「孩子已成惡魔已經被魔化」，透露因為這件事情讓「15年前的傷再次泛起，失去的執愛的疼痛失去親人的孤獨，為什麼平息的傷要再次再被帶出來」。\r\n\r\n回顧整起事件，27位北科大學生8日到熱炒店「大道創意料理快炒」用餐，因白飯沒了且沒吃飽，在Google評論上留下1星評價。事後老闆直言被刷整排1星評論太惡意了；之後學生則發布聲明並回到熱炒店道歉，本來以為「北科資材營」粉專已貼出合照並且表示誤會解開了，但面對網路霸凌，總召認為沒有隱忍必要，再發布影片還原7大爭議點，再度開戰熱炒店老闆。老闆昨日再釋出補飯畫面再度引起話題，不過到了下午則是在臉書貼文表示「結論總而言之沒讓學生吃飽飯，我們錯了」。', '2023-07-12 21:06:12.000000', 'https://seeiebucket.s3.ap-northeast-1.amazonaws.com/54a179e6-4d16-4cf1-a21d-2312fefaacd6.jpg', 0, 0, 0, 0),
(113, 5, 9, '#請益 玉山_授管人員 面試分享', '板上的各位好，想詢問一下有人面試過玉山的”授管人員”可以經驗分享的嗎？網路上幾乎沒有關於這個職缺的面試經驗分享😭，想問板上有沒有人可以分享的，謝謝！', '2023-07-12 21:25:57.000000', 'https://seeiebucket.s3.ap-northeast-1.amazonaws.com/257080a4-fdda-4919-807f-8c247e1e0c1f.png', 0, 0, 0, 0),
(114, 6, 3, '#工作心得 青年暑期社區職場體驗 需要大家幫忙按讚！！！', '本人今年暑假參加了青發署的暑期職場體驗\n這篇貼文是我的一點小心得\n請大家多多幫我按讚，支持青年回鄉服務，感謝', '2023-07-12 21:28:54.000000', 'https://seeiebucket.s3.ap-northeast-1.amazonaws.com/f9771ba1-9e52-426c-9608-478bcb5e7812.png', 0, 0, 0, 0),
(115, 6, 3, '#工作心得 青年暑期社區職場體驗 需要大家幫忙按讚！！！', '本人今年暑假參加了青發署的暑期職場體驗\n這篇貼文是我的一點小心得\n請大家多多幫我按讚，支持青年回鄉服務，感謝', '2023-07-12 21:48:05.000000', 'https://seeiebucket.s3.ap-northeast-1.amazonaws.com/27ed5930-35b5-425a-8940-05d1d198a8ba.png', 0, 0, 0, 0),
(116, 5, 101, '年薪百萬', '怎樣才能年薪百萬', '2023-07-12 22:14:37.000000', 'https://seeiebucket.s3.ap-northeast-1.amazonaws.com/7018eb70-6d37-4141-91b2-0a644ae8c2a6.png', 0, 0, 0, 0),
(117, 8, 101, '處女作快樂嗎', '版面跑掉不快樂', '2023-07-12 22:16:10.000000', 'https://seeiebucket.s3.ap-northeast-1.amazonaws.com/c87f50d7-6054-4049-ae28-6ebea42f33b7.JPG', 0, 0, 0, 0),
(118, 11, 101, '貓咪好難捉摸', '喵喵喵喵喵', '2023-07-12 22:21:44.000000', 'https://seeiebucket.s3.ap-northeast-1.amazonaws.com/f08ad2e9-12af-44da-8651-d0c74be859d9.jpg', 0, 0, 0, 0),
(119, 11, 101, '曬貓我就要曬貓好可愛', 'meow', '2023-07-12 22:23:33.000000', 'https://seeiebucket.s3.ap-northeast-1.amazonaws.com/b5f1f85e-1b8e-4b5e-abd6-28001083cd9b.jpg', 0, 0, 0, 0),
(120, 11, 101, '你在看我嗎', '靠進一點啊', '2023-07-12 22:24:34.000000', 'https://seeiebucket.s3.ap-northeast-1.amazonaws.com/048f4cfb-b2cd-4798-9f09-5ee5b5007362.jpg', 0, 0, 0, 0),
(133, 1, 101, '貓貓', '貓貓好吃', '2023-07-12 22:41:03.000000', 'https://seeiebucket.s3.ap-northeast-1.amazonaws.com/3c3052ce-310d-414c-97f5-d1ba07ab9260.jpg', 0, 0, 0, 0),
(134, 6, 3, '#工作心得 青年暑期社區職場體驗 需要大家幫忙按讚！！！', '本人今年暑假參加了青發署的暑期職場體驗\n這篇貼文是我的一點小心得\n請大家多多幫我按讚，支持青年回鄉服務，感謝', '2023-07-12 22:42:07.000000', 'https://seeiebucket.s3.ap-northeast-1.amazonaws.com/065d5bb7-fe02-48a8-908f-9cdc61b233ce.png', 0, 0, 0, 0),
(137, 4, 101, '跟貓咪玩逗貓棒會喘誒', '好喘好喘喔喵喵喵', '2023-07-12 22:48:16.000000', 'https://seeiebucket.s3.ap-northeast-1.amazonaws.com/17a85d4a-bf33-4244-81ec-ddfe4ee0eeb8.jpg', 0, 0, 0, 0),
(138, 8, 101, '我的貓是雙子座見誰愛誰', '臭貓咪', '2023-07-12 22:50:47.000000', 'https://seeiebucket.s3.ap-northeast-1.amazonaws.com/33e73c34-549b-4f55-a922-83ad20614f4c.jpg', 0, 0, 0, 0),
(139, 6, 3, '#工作心得 青年暑期社區職場體驗 需要大家幫忙按讚！！！', '本人今年暑假參加了青發署的暑期職場體驗\n這篇貼文是我的一點小心得\n請大家多多幫我按讚，支持青年回鄉服務，感謝', '2023-07-12 22:53:02.000000', 'https://seeiebucket.s3.ap-northeast-1.amazonaws.com/cd35acfb-ca64-426f-80fa-a56436c0cecf.png', 0, 0, 0, 0),
(140, 9, 101, '我的兒字是貓', '遭喵喵', '2023-07-12 22:57:56.000000', 'https://seeiebucket.s3.ap-northeast-1.amazonaws.com/0a19a1ca-f4f6-4055-9141-e7d1a2d3dca3.jpg', 0, 0, 0, 0),
(141, 7, 101, '貓咪是穩賺不賠？', '擼貓在精神上絕對值得投資', '2023-07-12 23:00:31.000000', 'https://seeiebucket.s3.ap-northeast-1.amazonaws.com/8c2389c6-03ca-4aa9-912c-780386202259.jpg', 0, 0, 0, 0),
(142, 6, 101, '貓咪是我的一輩子誒', '看過渣男貓咪嗎', '2023-07-12 23:07:09.000000', 'https://seeiebucket.s3.ap-northeast-1.amazonaws.com/5159c461-8dda-445d-9d14-f0afa8183881.jpg', 0, 0, 0, 0),
(143, 3, 101, '喵星', '我是喵屆super star\r\n', '2023-07-12 23:12:33.000000', 'https://seeiebucket.s3.ap-northeast-1.amazonaws.com/e9919b97-2257-4c49-aa4b-4c0bb73a6ccf.jpg', 0, 0, 0, 0),
(144, 6, 3, '#工作心得 青年暑期社區職場體驗 需要大家幫忙按讚！！！', '本人今年暑假參加了青發署的暑期職場體驗\n這篇貼文是我的一點小心得\n請大家多多幫我按讚，支持青年回鄉服務，感謝', '2023-07-12 23:24:41.000000', 'https://seeiebucket.s3.ap-northeast-1.amazonaws.com/93201ad3-5ebf-4248-92cb-7b38fbc9dede.png', 0, 0, 0, 0),
(148, 3, 11, 'wewe', 'john ccccccc', '2023-07-13 08:04:12.000000', 'https://seeiebucket.s3.ap-northeast-1.amazonaws.com/0dc58db7-c92e-4884-8857-39521b728741.jpg', 0, 0, 0, 0),
(149, 1, 11, '101', '1-11001010101001000000111111', '2023-07-13 08:13:43.000000', 'https://seeiebucket.s3.ap-northeast-1.amazonaws.com/356b9e35-c786-4ee1-87b2-6ef6743ee955.png', 0, 0, 0, 0),
(150, 11, 107, '你好', '我敲可愛的', '2023-07-13 09:41:06.000000', 'https://seeiebucket.s3.ap-northeast-1.amazonaws.com/c8beb46d-7aff-4194-912b-b788c2f92fc1.jpg', 0, 0, 0, 0),
(151, 1, 3, '分量真大', '真好吃', '2023-07-13 10:19:10.000000', 'https://seeiebucket.s3.ap-northeast-1.amazonaws.com/10f3311e-ec7e-4679-b0b7-c653fb8762fd.jpg', 0, 0, 0, 0),
(152, 2, 101, '4545', '454545', '2023-07-13 10:21:10.000000', 'https://seeiebucket.s3.ap-northeast-1.amazonaws.com/7dacd19d-d11c-433c-8d35-c9eb4e3adbd4.jpg', 0, 0, 0, 0),
(153, 2, 3, '你好', 'RRRRRRRRRRR', '2023-07-13 10:28:58.000000', 'https://seeiebucket.s3.ap-northeast-1.amazonaws.com/706b15ff-5d51-4b6e-b14b-4e294e269ce2.jpg▲https://seeiebucket.s3.ap-northeast-1.amazonaws.com/2e7f48c3-fb63-4512-aa7d-00a9b09bb942.jpg▲https://seeiebucket.s3.ap-northeast-1.amazonaws.com/be4deab4-a29e-4360-8613-29ffba08b9b8.png▲https://seeiebucket.s3.ap-northeast-1.amazonaws.com/0a43722f-2e4b-42cf-ab01-1cc1cf653135.jpg', 1, 0, 0, 1),
(154, 2, 101, '909', 'rtrtrt', '2023-07-13 10:41:50.000000', 'https://seeiebucket.s3.ap-northeast-1.amazonaws.com/ba1ca159-6a3e-487d-be9c-09ad6afbb1b4.jpg', 0, 0, 0, 0),
(155, 7, 4, '4444', '4444', '2023-07-13 16:50:01.000000', 'https://seeiebucket.s3.ap-northeast-1.amazonaws.com/1b46e434-67f7-4852-89f9-42d0740c5340.png', 0, 0, 0, 0),
(156, 6, 3, '蝸牛蝸牛', '蝸牛', '2023-07-13 22:17:16.000000', 'https://seeiebucket.s3.ap-northeast-1.amazonaws.com/2951b016-53a1-41bc-b718-c6c86aa21109.jpg▲https://seeiebucket.s3.ap-northeast-1.amazonaws.com/181c13d8-31a1-4ad9-b35a-dd172cd78ad9.jpg▲https://seeiebucket.s3.ap-northeast-1.amazonaws.com/e83fabeb-621f-4e7a-afb3-08d86fa76764.jpg▲https://seeiebucket.s3.ap-northeast-1.amazonaws.com/18f1acf6-a615-41a1-9aa8-0a883f289554.jpg', 1, 0, 0, 1),
(157, 1, 101, 'xcxzCZCz', 'fdfafasfs', '2023-07-14 07:11:13.000000', NULL, 0, 0, 0, 0),
(159, 2, 101, 'sfsfafdsaf', 'asdfasfds', '2023-07-14 08:05:46.000000', 'https://seeiebucket.s3.ap-northeast-1.amazonaws.com/139c2609-bdd5-4f0a-82b4-3b5a9ad87c08.jpg', 0, 0, 0, 0),
(160, 10, 101, '34343', '343434', '2023-07-14 08:12:53.000000', 'https://seeiebucket.s3.ap-northeast-1.amazonaws.com/984fd2e3-f7e8-4fc9-a8f9-7473dfdf5422.jpg', 0, 0, 0, 0),
(163, 10, 8, '3333', '333', '2023-07-14 08:29:00.000000', 'https://seeiebucket.s3.ap-northeast-1.amazonaws.com/d50d5c2e-5be2-491e-aa38-cfe2911ace3b.jpg', 0, 0, 0, 0),
(164, 10, 8, '3333', '333', '2023-07-14 08:29:02.000000', 'https://seeiebucket.s3.ap-northeast-1.amazonaws.com/1a0365af-c890-4d78-a01a-3aefe772e61f.jpg', 0, 0, 0, 0),
(165, 1, 8, 'xczcZ', 'jlhjhl', '2023-07-14 08:31:33.000000', 'https://seeiebucket.s3.ap-northeast-1.amazonaws.com/8b4ce011-481b-4ce2-a4bc-adbada8f5844.jpg', 0, 0, 0, 0),
(166, 1, 8, 'dfsaffsd', 'fdasfsaf', '2023-07-14 08:33:29.000000', 'https://seeiebucket.s3.ap-northeast-1.amazonaws.com/1b81922e-2dec-45fa-a3d2-cab417216d76.jpg', 0, 0, 0, 0),
(167, 3, 8, 'adsfsfasf', 'dfasfasfsa', '2023-07-14 08:34:03.000000', 'https://seeiebucket.s3.ap-northeast-1.amazonaws.com/242b0245-4b93-498d-9a73-31c9bc5aa793.jpg', 0, 0, 0, 0),
(168, 5, 8, 'dfasfasfsdfs', 'dfafasfsafdsaf', '2023-07-14 08:34:52.000000', 'https://seeiebucket.s3.ap-northeast-1.amazonaws.com/d97074f8-af11-4c8d-a60f-4c7d4347baa4.jpg', 0, 0, 0, 0),
(169, 9, 8, 'Dffafasfd', 'fdasfsdfsdfsdf', '2023-07-14 08:35:23.000000', 'https://seeiebucket.s3.ap-northeast-1.amazonaws.com/fa2db137-16a1-43d8-83ac-27924f38c386.jpg', 0, 0, 0, 0),
(170, 1, 8, 'fdafsfsdfas', 'fdsafds', '2023-07-14 08:38:12.000000', 'https://seeiebucket.s3.ap-northeast-1.amazonaws.com/bb9dc5b4-109c-4448-be54-2673af19f50d.jpg', 0, 0, 0, 0),
(171, 1, 8, 'fdafasdf', 'fdsaffdsfas', '2023-07-14 09:04:52.000000', 'https://seeiebucket.s3.ap-northeast-1.amazonaws.com/122529ea-bac2-446e-b792-46a6bef55ad8.jpg', 0, 0, 0, 0),
(172, 2, 8, 'fdasffd', 'fdsafasdf', '2023-07-14 09:05:34.000000', 'https://seeiebucket.s3.ap-northeast-1.amazonaws.com/f6006dca-6ab9-4d9c-8fea-b1c57d97675e.jpg', 0, 0, 0, 0),
(173, 2, 8, 'fsfasdfds', 'fdasfsfd', '2023-07-14 09:15:35.000000', 'https://seeiebucket.s3.ap-northeast-1.amazonaws.com/edb1ea7c-bd71-40c4-ab6e-5968dabafb27.jpg', 0, 0, 0, 0),
(174, 2, 8, 'klmlkm', 'nklmklm', '2023-07-14 09:34:38.000000', 'https://seeiebucket.s3.ap-northeast-1.amazonaws.com/a7683802-5585-4619-8db8-25e5dc7e7f4c.jpg', 0, 0, 0, 0),
(175, 1, 8, 'cdcsc', 'cscsc', '2023-07-14 09:35:25.000000', 'https://seeiebucket.s3.ap-northeast-1.amazonaws.com/fc646065-049f-4414-8d3c-8d8ba2931829.jpg', 0, 0, 0, 0),
(176, 1, 8, 'cdcsc', 'cscsc', '2023-07-14 09:36:01.000000', 'https://seeiebucket.s3.ap-northeast-1.amazonaws.com/3f2855e1-c909-44b3-8d49-6a8260675715.jpg', 0, 0, 0, 0),
(177, 1, 8, 'cscdcsccs', 'sccscsc', '2023-07-14 09:36:34.000000', 'https://seeiebucket.s3.ap-northeast-1.amazonaws.com/3d0df312-36b4-4875-803f-591402c1029e.jpg', 0, 0, 0, 0),
(178, 3, 8, 'cscs s', ' s ss s s cs', '2023-07-14 09:45:20.000000', 'https://seeiebucket.s3.ap-northeast-1.amazonaws.com/69227a3c-dec3-4075-ab57-92687b49dc69.jpg', 0, 0, 0, 0),
(179, 3, 8, 'fdfafda', 'cccscacs', '2023-07-14 09:46:45.000000', 'https://seeiebucket.s3.ap-northeast-1.amazonaws.com/b2ff4b7f-0a12-46a6-a9bb-64156241c645.jpg', 0, 0, 0, 0),
(183, 6, 3, '#工作心得 青年暑期社區職場體驗 需要大家幫忙按讚！！！', '本人今年暑假參加了青發署的暑期職場體驗\n這篇貼文是我的一點小心得\n請大家多多幫我按讚，支持青年回鄉服務，感謝', '2023-07-14 10:04:40.000000', 'https://seeiebucket.s3.ap-northeast-1.amazonaws.com/d7ce9273-a831-40ee-91e7-64d36362b216.png▲https://seeiebucket.s3.ap-northeast-1.amazonaws.com/24d318eb-f317-4ff1-94eb-2377830304aa.png▲https://seeiebucket.s3.ap-northeast-1.amazonaws.com/895a0c78-d902-41b5-9c1a-9222ed876f32.png', 0, 0, 0, 0),
(191, 1, 109, '222', '222', '2023-07-14 10:28:43.000000', 'https://seeiebucket.s3.ap-northeast-1.amazonaws.com/8ba15b7a-dd09-403f-946f-a4fd0cdf19c8.jpg▲https://seeiebucket.s3.ap-northeast-1.amazonaws.com/d11ba6ff-1751-4f07-8cbd-3feb4ff27a63.jpg', 0, 0, 0, 0),
(192, 1, 101, '444', '4', '2023-07-14 10:32:42.000000', 'https://seeiebucket.s3.ap-northeast-1.amazonaws.com/4cdbabf6-538b-4160-9674-b68a7d0f8f16.png', 0, 0, 0, 0),
(193, 1, 101, '444', '4', '2023-07-14 10:32:42.000000', 'https://seeiebucket.s3.ap-northeast-1.amazonaws.com/be15c148-6880-4f0a-a12f-cb3d937bafe1.png', 0, 0, 0, 0),
(194, 8, 101, '909090', '123123123', '2023-07-14 10:35:08.000000', 'https://seeiebucket.s3.ap-northeast-1.amazonaws.com/2ca02fd8-e580-489e-a734-afb94465216d.jpg', 0, 0, 0, 0),
(195, 6, 101, 'break up ', 'break up with somebody who is annooyed', '2023-07-14 10:36:19.000000', 'https://seeiebucket.s3.ap-northeast-1.amazonaws.com/468e4265-2609-4b62-a7d7-d8d8d591f3e9.jpg', 0, 0, 0, 0),
(197, 3, 101, '123123', '3', '2023-07-14 10:43:12.000000', 'https://seeiebucket.s3.ap-northeast-1.amazonaws.com/22ef53c9-2166-4f6b-abe2-135b70e237e6.jpg', 0, 0, 0, 0),
(198, 9, 101, '787878787', '454545', '2023-07-14 10:46:27.000000', 'https://seeiebucket.s3.ap-northeast-1.amazonaws.com/0946a672-1229-46bd-a47f-b41f3d1fbfd7.jpg', 0, 0, 0, 0),
(199, 9, 101, '787878787', '454545', '2023-07-14 10:46:28.000000', 'https://seeiebucket.s3.ap-northeast-1.amazonaws.com/977c3eb7-3d37-4af3-b032-1ae65771e369.jpg', 0, 0, 0, 0),
(200, 9, 101, '787878787', '454545', '2023-07-14 10:46:28.000000', 'https://seeiebucket.s3.ap-northeast-1.amazonaws.com/222b58a9-0c9f-496a-9246-c9aaa1c7d7eb.jpg', 0, 0, 0, 0),
(201, 4, 101, '運動好好玩', '運動運動運動', '2023-07-14 10:47:25.000000', 'https://seeiebucket.s3.ap-northeast-1.amazonaws.com/16805557-c9e0-4792-a71e-744986b6fb3a.jpg', 0, 0, 0, 0),
(202, 4, 101, '運動好好玩', '運動運動運動', '2023-07-14 10:47:26.000000', 'https://seeiebucket.s3.ap-northeast-1.amazonaws.com/55c89f68-18a8-4c0b-a2f2-a8a4a9e4b476.jpg', 0, 0, 0, 0),
(203, 5, 101, '12312123', 'hehehe\r\n', '2023-07-14 10:48:16.000000', 'https://seeiebucket.s3.ap-northeast-1.amazonaws.com/41ada2fc-c233-4dd3-8ac2-b82165de5f2b.png', 0, 0, 0, 0),
(204, 10, 101, '2222', '222', '2023-07-14 10:49:09.000000', 'https://seeiebucket.s3.ap-northeast-1.amazonaws.com/9bfb2cb5-e23a-41a3-b7e6-88fd42c0b3cf.png', 0, 0, 0, 0),
(205, 6, 101, '貓咪好好吃', '貓咪好吃好吃好超貓咪好吃好吃好超貓咪好吃好吃好超貓咪好吃好吃好超貓咪好吃好吃好超貓咪好吃好吃好超貓咪好吃好吃好超貓咪好吃好吃好超貓咪好吃好吃好超貓咪好吃好吃好超貓咪好吃好吃好超貓咪好吃好吃好超貓咪好吃好吃好超貓咪好吃好吃好超貓咪好吃好吃好超貓咪好吃好吃好超', '2023-07-14 10:58:06.000000', 'https://seeiebucket.s3.ap-northeast-1.amazonaws.com/b5b3b66b-ccab-4645-966b-2d2fd72abce3.jpg', 0, 0, 0, 0),
(206, 8, 101, '處女寶寶', '處女寶寶最龜摸ㄌ', '2023-07-14 10:59:25.000000', 'https://seeiebucket.s3.ap-northeast-1.amazonaws.com/72697267-a19d-4ffb-a623-fb9f23e044d5.jpg', 0, 0, 0, 0),
(207, 3, 101, '韓星', '12312133', '2023-07-14 11:16:10.000000', 'https://seeiebucket.s3.ap-northeast-1.amazonaws.com/69d4d714-636b-49f8-a0a4-6f37e9c271fc.jpg', 0, 0, 0, 0),
(208, 7, 101, 'rtrtrt', 'rtrtrt', '2023-07-14 11:22:45.000000', 'https://seeiebucket.s3.ap-northeast-1.amazonaws.com/9ed7defd-7621-4762-984c-947749e286f6.png', 0, 0, 0, 0),
(209, 11, 101, '3333', '3333', '2023-07-14 11:25:43.000000', 'https://seeiebucket.s3.ap-northeast-1.amazonaws.com/45097d1a-db93-4dea-9bc6-ce70f11301eb.png', 0, 0, 0, 0),
(210, 4, 101, 'jijijiji', '343434', '2023-07-14 11:30:26.000000', 'https://seeiebucket.s3.ap-northeast-1.amazonaws.com/df070548-d5ee-4473-9267-b0b5456d7a86.jpg', 0, 0, 0, 0),
(211, 4, 101, 'jijijiji', '343434', '2023-07-14 11:30:26.000000', 'https://seeiebucket.s3.ap-northeast-1.amazonaws.com/6f8874e0-c042-42c8-9548-4bd97c80621c.jpg', 0, 0, 0, 0),
(212, 1, 3, '貓咪好好吃', '貓咪好吃好吃', '2023-07-14 12:37:36.000000', 'https://seeiebucket.s3.ap-northeast-1.amazonaws.com/eb05302e-9193-4925-8aa1-061c2e18f295.jpg', 0, 0, 0, 0),
(213, 1, 3, '貓咪美味嗎？', '好吃好吃', '2023-07-14 12:47:24.000000', 'https://seeiebucket.s3.ap-northeast-1.amazonaws.com/9b9340e5-2138-40d4-9ea4-a517976b8e40.jpg', 0, 0, 0, 0),
(214, 4, 3, '貓咪會後空翻嗎？', '我也不知道你來看案', '2023-07-14 12:51:37.000000', 'https://seeiebucket.s3.ap-northeast-1.amazonaws.com/682e6abb-02eb-4ded-87f5-353e25af30ce.jpg', 0, 0, 0, 0),
(215, 2, 101, '5656', '5656565656', '2023-07-14 15:21:55.000000', 'https://seeiebucket.s3.ap-northeast-1.amazonaws.com/40a630f7-b6db-4764-9fc4-a6ee797297c6.jpg', 0, 0, 0, 0),
(216, 2, 101, '5656', '5656565656', '2023-07-14 15:21:56.000000', 'https://seeiebucket.s3.ap-northeast-1.amazonaws.com/a89f0173-44a9-4468-8362-167ce1a62a8e.jpg', 0, 0, 0, 0),
(217, 9, 101, '3333', '333', '2023-07-14 15:29:08.000000', 'https://seeiebucket.s3.ap-northeast-1.amazonaws.com/6d4ced97-1b81-40a6-81d7-dc27024290ce.jpg', 0, 0, 0, 0),
(218, 9, 101, '3333', '333', '2023-07-14 15:29:10.000000', 'https://seeiebucket.s3.ap-northeast-1.amazonaws.com/1ade0f27-a1b7-4319-ade7-17d55bbd1b95.jpg', 0, 0, 0, 0),
(219, 8, 101, '33333', '貓孬孬孬孬孬孬孬孬貓貓貓貓', '2023-07-14 15:37:37.000000', 'https://seeiebucket.s3.ap-northeast-1.amazonaws.com/e86baee5-5617-4767-ac94-fa68ee1e5946.jpg', 0, 0, 0, 0),
(220, 8, 101, '232323', 'jijjjjjjjjj', '2023-07-14 15:38:20.000000', 'https://seeiebucket.s3.ap-northeast-1.amazonaws.com/9e1fa212-3151-4396-b2d8-89eaa42ca0b3.jpg', 0, 0, 0, 0),
(221, 7, 101, '34343434', '3434', '2023-07-14 15:38:52.000000', 'https://seeiebucket.s3.ap-northeast-1.amazonaws.com/4860ecbd-2224-4fe1-b8c0-fe767a046cdb.png', 0, 0, 0, 0),
(222, 2, 101, '34343', '3434', '2023-07-14 15:39:23.000000', 'https://seeiebucket.s3.ap-northeast-1.amazonaws.com/b5217ac7-e027-43cd-9cf9-13bf73e252b7.jpg', 0, 0, 0, 0),
(223, 6, 101, '1213123', '12313123', '2023-07-14 15:42:02.000000', 'https://seeiebucket.s3.ap-northeast-1.amazonaws.com/fe09b1eb-dc77-4aa4-87f7-18bcd88ca032.jpg', 0, 0, 0, 0),
(224, 11, 101, '12313', '344556677876i8i', '2023-07-14 15:46:00.000000', NULL, 0, 0, 0, 0),
(225, 6, 3, '#工作心得 青年暑期社區職場體驗 需要大家幫忙按讚！！！', '本人今年暑假參加了青發署的暑期職場體驗\n這篇貼文是我的一點小心得\n請大家多多幫我按讚，支持青年回鄉服務，感謝', '2023-07-14 15:51:05.000000', '', 0, 0, 0, 0),
(226, 6, 5, '232323', '2323', '2023-07-14 15:55:09.000000', 'https://seeiebucket.s3.ap-northeast-1.amazonaws.com/3ff76afd-c25a-4f9e-a19d-b6139f31ca6b.jpg', 0, 0, 0, 0),
(227, 5, 5, '343434', '3434343434', '2023-07-14 16:04:09.000000', 'https://seeiebucket.s3.ap-northeast-1.amazonaws.com/f0a29642-a314-42d0-ab07-78d47f70b88c.jpg', 0, 0, 0, 0),
(228, 4, 1, '早起的貓貓', 'catcatcatctatcatctatc', '2023-07-14 16:12:36.000000', 'https://seeiebucket.s3.ap-northeast-1.amazonaws.com/0431ba73-6128-4189-ab8b-1f761872ca0c.jpeg', 0, 0, 0, 0),
(229, 4, 1, '早起的貓貓', 'catcatcatctatcatctatc', '2023-07-14 16:14:36.000000', 'https://seeiebucket.s3.ap-northeast-1.amazonaws.com/22bf0cf8-408c-420a-810a-fe5b573e3789.jpeg', 0, 0, 0, 0),
(230, 4, 1, '早起的貓貓', 'catcatcatctatcatctatc', '2023-07-14 16:19:05.000000', 'https://seeiebucket.s3.ap-northeast-1.amazonaws.com/2c4d3e3b-f766-4854-ac95-3c43cf48442c.jpeg', 0, 0, 0, 0),
(231, 4, 1, '早起的貓貓', 'catcatcatctatcatctatc', '2023-07-14 16:24:18.000000', 'https://seeiebucket.s3.ap-northeast-1.amazonaws.com/785dcc13-d4ef-4f72-9111-26ea3fcf140a.jpeg▲https://seeiebucket.s3.ap-northeast-1.amazonaws.com/a9652a2c-d939-47dc-a524-ef5042118b97.jpeg', 0, 0, 0, 0),
(232, 1, 5, 'qwq', 'qqq', '2023-07-14 16:26:56.000000', 'https://seeiebucket.s3.ap-northeast-1.amazonaws.com/38496670-c8e4-43de-a483-1932209ef239.png▲https://seeiebucket.s3.ap-northeast-1.amazonaws.com/e96130d8-b567-4691-bc92-51dbae6ba42a.png▲https://seeiebucket.s3.ap-northeast-1.amazonaws.com/5cddb30d-c812-49c2-b302-c4acc184192e.png', 0, 0, 0, 0),
(234, 1, 3, 'as', 'as', '2023-07-14 23:09:17.000000', 'https://seeiebucket.s3.ap-northeast-1.amazonaws.com/d932e10f-aa38-4df0-88c7-c2de461757cf.png▲https://seeiebucket.s3.ap-northeast-1.amazonaws.com/69923718-3dc0-40ba-b547-3779ec61a556.jpg', 0, 0, 0, 0),
(235, 1, 3, 'aaaa', 'aaaaaaaaa', '2023-07-14 23:20:27.000000', 'https://seeiebucket.s3.ap-northeast-1.amazonaws.com/cf0dd002-f062-4d55-9789-4bca45d21a93.png▲https://seeiebucket.s3.ap-northeast-1.amazonaws.com/c56f9200-4b5a-4bf5-8e39-17f13b7fbf22.png', 0, 0, 0, 0),
(236, 3, 112, '分享你最喜歡的Taylor Swift歌曲', '最近趁著Taylor的The Eras Tour巡迴，一起來分享一下最愛的歌是哪首吧！！\r\n\r\n我先來\r\n\r\n1. All to well (10 Minute Version)\r\n---這首十分鐘版本很考驗能力，但不管是編曲還是製作都超讚的嗚嗚，尤其歌詞部分我覺得是他所有歌當中寫得最好的！\r\n\r\n2.Enchanted\r\n---這首是我入坑Taylor的契機，第一次聽到這首時覺得很浪漫，仔細看過歌詞後還能發現愛情的酸甜苦澀，真是太會寫了！\r\n\r\n3.Cruel Summer\r\n---這首是這次巡迴的開場的啊啊啊，超期待！！！！', '2023-07-15 03:46:22.000000', 'https://seeiebucket.s3.ap-northeast-1.amazonaws.com/2399c9e3-6165-4e84-a186-bf775cba5a50.jpg▲https://seeiebucket.s3.ap-northeast-1.amazonaws.com/5607ab5e-6048-4b9d-8a83-b06067c24616.jpg', 0, 0, 0, 0),
(237, 1, 112, '【食譜】韓式泡菜燒肉飯捲', '哈囉大家好～ 我又來分享食譜啦！\r\n這次分享的是韓式泡菜燒肉飯捲的做法，大家可以根據自己喜歡的配料進行搭配～\r\n\r\n以下是流程：\r\n\r\n1.雞蛋煎成蛋皮切絲，豬肉片用蒜泥、醬油、芝麻油、砂糖與肉片拌勻後，再放入泡菜與泡菜汁抓醃後醃漬10分鐘讓他入味後起油鍋炒熟備用\r\n2.蒸熟的米飯取出後，用適量麻油、鹽巴拌勻後放到溫涼的狀態後再做飯捲\r\n3.將海苔放在捲簾上鋪上麻油飯，將生菜鋪在⅔的位置、留下⅓米飯不放餡，接著在生菜上放泡菜燒肉、泡菜、蛋絲和小黃瓜後捲起來\r\n※加上沒炒過的泡菜會更爽口好吃\r\n4.在海苔上刷芝麻油、撒上白芝麻後就可以切片享用了😋', '2023-07-15 03:59:00.000000', 'https://seeiebucket.s3.ap-northeast-1.amazonaws.com/c6e692ce-141d-4a51-8a89-474a557b1e9d.jpg▲https://seeiebucket.s3.ap-northeast-1.amazonaws.com/71f815e2-ba1a-43b1-b0c0-9fde42c25f6c.jpg', 0, 0, 0, 0),
(238, 11, 109, '給大家看看我的嘟嘟', '超可愛的對吧', '2023-07-15 15:33:31.000000', 'https://seeiebucket.s3.ap-northeast-1.amazonaws.com/d58dea83-1f83-4167-bf87-340aab9bf3fb.jpg', 0, 0, 0, 0),
(239, 1, 109, '這間酒吧還不錯', '這酒吧裝潢讚\r\n但店名我忘了', '2023-07-15 15:35:43.000000', 'https://seeiebucket.s3.ap-northeast-1.amazonaws.com/3bb4b580-928d-4a6b-af1c-e5008a0ab172.jpg', 0, 0, 0, 0),
(240, 12, 109, '稀少的車牌', '路上看到VVV開頭的車牌\r\n跟大家分享一下\r\n不是假的，是真的', '2023-07-15 15:37:20.000000', 'https://seeiebucket.s3.ap-northeast-1.amazonaws.com/72f09e1a-0333-4057-9c2a-be3892cfeabc.jpg', 0, 0, 0, 0),
(241, 1, 109, '來台南的亡美店捐錢', '帶女友來台南的亡美店消業障\r\n但我還是忘記了店名', '2023-07-15 15:39:04.000000', 'https://seeiebucket.s3.ap-northeast-1.amazonaws.com/865eaf18-1de9-4d82-97b6-a03de1997377.jpg▲https://seeiebucket.s3.ap-northeast-1.amazonaws.com/af93e628-acd7-4fee-ba49-8f2912e3c3b0.jpg', 0, 0, 0, 0),
(242, 1, 109, '這家拉麵的雞很好吃', '週末炸雞拉麵部 WEEKEND RAMEN\r\n雞真的很好吃　給推', '2023-07-15 15:40:35.000000', 'https://seeiebucket.s3.ap-northeast-1.amazonaws.com/71fb9ac8-7f7b-418e-9a81-9c2e0b71ec5e.jpg', 0, 0, 0, 0),
(244, 1, 109, '來亡美店捐錢', '帶女友來台南走走\r\n去到間亡美店捐錢', '2023-07-15 15:43:38.000000', 'https://seeiebucket.s3.ap-northeast-1.amazonaws.com/aee31e20-e1a6-4b71-8996-d547789563fc.jpg', 0, 0, 0, 0),
(245, 11, 109, '嘟之合集', '嘟嘟超可愛', '2023-07-15 15:44:17.000000', 'https://seeiebucket.s3.ap-northeast-1.amazonaws.com/380ad56e-b862-4843-aa94-d223bebe72d0.jpg', 0, 0, 0, 0),
(246, 1, 109, '亡美店', '今天來亡美店捐錢', '2023-07-15 15:59:19.000000', 'https://seeiebucket.s3.ap-northeast-1.amazonaws.com/8f2e4047-8ddc-4d87-b5d4-dded927f6f2f.jpg', 0, 0, 0, 0),
(247, 1, 109, '亡美店', '今天來亡美店捐錢', '2023-07-15 16:02:04.000000', 'https://seeiebucket.s3.ap-northeast-1.amazonaws.com/bc8d9416-b71a-4a72-84b4-65b6ea718578.jpg', 0, 0, 0, 0),
(248, 11, 2, '好吉了', '可以再吉八點換一隻草尼馬', '2023-07-15 16:08:16.000000', 'https://seeiebucket.s3.ap-northeast-1.amazonaws.com/7fab90ab-be98-40ee-8aa0-0a156de7d29d.jpg', 0, 0, 0, 0),
(249, 11, 2, '吉吉可危', '破布吉待', '2023-07-15 16:10:18.000000', 'https://seeiebucket.s3.ap-northeast-1.amazonaws.com/7f7c6796-af7f-45b5-8f93-c411e9ad062b.jpg', 0, 0, 0, 0),
(250, 1, 2, '阿尼亞', '超吉馬利', '2023-07-15 16:16:21.000000', 'https://seeiebucket.s3.ap-northeast-1.amazonaws.com/1aba5a33-71e1-43d8-a0cb-e9d01271ac4a.jpg▲https://seeiebucket.s3.ap-northeast-1.amazonaws.com/9088fb3b-eeda-4943-9efd-ec483ae3e584.jpg', 0, 0, 0, 0),
(251, 1, 109, '超吉好吃', '一吉棒', '2023-07-15 16:41:13.000000', 'https://seeiebucket.s3.ap-northeast-1.amazonaws.com/ff3d7cfb-b847-45d2-b758-e106d4bc6556.jpg▲https://seeiebucket.s3.ap-northeast-1.amazonaws.com/15cf8811-814c-41bf-b72a-7cd048b3738b.jpg', 0, 0, 0, 0),
(252, 3, 109, '阿尼亞', '阿尼亞 阿尼娘', '2023-07-15 16:44:09.000000', 'https://seeiebucket.s3.ap-northeast-1.amazonaws.com/0a6d25df-b75e-4736-8b48-34b2a0215ed0.jpg▲https://seeiebucket.s3.ap-northeast-1.amazonaws.com/9f77c32e-0093-4820-9df6-56d80a67e4c4.jpg', 0, 0, 0, 0),
(253, 2, 109, '阿尼娘', '阿尼娘 超好看', '2023-07-15 16:48:49.000000', 'https://seeiebucket.s3.ap-northeast-1.amazonaws.com/69c0c593-3d51-4f03-aae2-f1d35edbdfcc.jpg▲https://seeiebucket.s3.ap-northeast-1.amazonaws.com/dce2e113-622c-47cb-8dc0-ea69c1d66b6f.jpg', 1, 0, 0, 1),
(254, 4, 109, '阿尼娘', '阿尼娘 你看了嗎?', '2023-07-15 16:52:42.000000', 'https://seeiebucket.s3.ap-northeast-1.amazonaws.com/c2b3b532-f054-4ddb-b6c8-3ec559159c61.jpg▲https://seeiebucket.s3.ap-northeast-1.amazonaws.com/ce925fba-e6fb-4c04-8ce7-639c9687cafc.jpg', 1, 0, 0, 1),
(255, 2, 109, '超吉好吃', '吉吉可危', '2023-07-15 16:56:44.000000', 'https://seeiebucket.s3.ap-northeast-1.amazonaws.com/1fad0c7a-38d8-44a7-9071-24433aceddd9.jpg▲https://seeiebucket.s3.ap-northeast-1.amazonaws.com/dc7ca29a-b8da-4a21-8a59-c1d1eb7d0174.jpg', 1, 0, 0, 1),
(256, 1, 109, '熱門漢堡排－挽肉と米', '熱門漢堡排－挽肉と米\r\n\r\n「原來漢堡排能這麼好吃啊。」\r\n\r\n還好在出發前恰巧看到推薦。\r\n\r\n到訪前，對於一塊漢堡排要說能有多好吃，實在滿懷狐疑，但這間卻莫名地吸引人，特別留意了會，便決定京都行第一天就要一試。\r\n\r\n午後第一站先來抽了號碼牌，紙條寫著約莫是五點半的時間再回來。\r\n\r\n鑽進狹窄廊道，低頭進門，濃厚炭烤香和油煙同時撲鼻而來。買完餐券便擠入了坐，店員收走餐券時一邊問著要吃幾顆漢堡排，當下充滿疑問著比了三，同時想著難道只吃一顆和吃上三顆，真是同樣價錢？\r\n\r\n不久後第一顆便被放上了眼前小小的烤爐，店員也解釋說準備要吃第二顆時再告訴他們就行。\r\n\r\n放上狀態絕佳的米飯，再就著碗入了第一口，柔嫩、肥嫩、多汁，淡雅的肉香輔以淡淡炭香，搭配的蛋黃滑嫩細膩。\r\n\r\n所有的調味和佐料水準皆足，簡單暴力、無須多言的美味，讓人在第一口之後便再也停不下來。\r\n\r\n對於即將開幕的台北店，無法再更期待。\r\n\r\n務必一試。', '2023-07-17 19:58:31.000000', 'https://seeiebucket.s3.ap-northeast-1.amazonaws.com/d5746358-b826-42d4-a61f-021547969d87.jpg▲https://seeiebucket.s3.ap-northeast-1.amazonaws.com/ab0cdef0-39d4-429c-b47a-e6a798b5cc96.jpg', 1, 0, 0, 1),
(257, 8, 102, '星座運勢 大眾占卜 7/17-7/23', '大家午安ʕ•̀ω•́ʔ✧\r\n\r\n歡迎追蹤我的🔮IG: fd.crystal\r\n除了星座運勢、大眾占卜還有每日大眾訊息🫶\r\n\r\n以上是本次的占卜內容\r\n\r\n大眾占卜為集體意識的能量集合，無法精準對應每個人，請斟酌參考\r\n如果對你有所幫助的話，歡迎留言告訴我😊\r\n\r\n那麼我們下次見', '2023-07-17 22:03:55.000000', 'https://seeiebucket.s3.ap-northeast-1.amazonaws.com/5fa4c368-1d84-4e2c-9ece-a16060ccd1a4.png▲https://seeiebucket.s3.ap-northeast-1.amazonaws.com/31a90ee0-2394-4540-a14d-c22e37b3d620.png▲https://seeiebucket.s3.ap-northeast-1.amazonaws.com/49c8f32f-0890-4fd5-a66e-606c9dba3d4a.png▲https://seeiebucket.s3.ap-northeast-1.amazonaws.com/021e9bf5-ff85-41d9-b314-61b8cf11aac2.png', 0, 0, 0, 0),
(258, 5, 102, '請益 PyTorch醫學影像分析相關課程或學習資源', '我非資工系出身的，近期因為專題需要，要實作3D的Segmentation模型。目前已有初步Training 出2D的ResUnet模型（輸入資料是將3D的Data切成2D的影像），不過在實作3D模型時遇上一些障礙，也不太知道如何調整模型參數才能讓Model的表現更好。先前有修過機器學習和深度學習的理論課程，也有讀完以下的這本書，不過自己的實作能力仍然待加強。\r\n請問各位有推薦的學習資源或深度學習家教之類的嗎？', '2023-07-17 22:06:09.000000', 'https://seeiebucket.s3.ap-northeast-1.amazonaws.com/351a8b2f-b771-48ce-ad79-ebce5a550580.png', 0, 0, 0, 0),
(259, 2, 102, '分享 Intel 最強生成式AI模型論壇明天線上見！', 'Intel生成式AI模型論壇\r\n明天下午兩點上線囉～\r\n\r\nIntel邀請多位技術專家線上分享「AI 技術發展最新趨勢」，包括友善、容易上手的模型範例，快速產出解決方案。\r\n\r\n由於ChatGPT讓大家看到了通用AI大模型的威力，也帶動NLP領域推陳出新～例如電腦視覺領域出現專屬的物體分割大模型，由Meta開源強大的SAM物體分割模型，Intel的OpenVINO可進行最佳化、加速推論，更快速地在Intel的CPU上部署執行。\r\n\r\n\r\n⚡️現在報名還來得及\r\n聚焦新版 OpenVINO 2023.0 與生成式 AI 模型\r\n7月18日(二) 2:00-3:45pm\r\n\r\n活動報名連結：\r\nhttps://webinar.intel.com/OpenVINO-DevCon-Taiwan?trackSrc=Dcard', '2023-07-17 22:07:27.000000', 'https://seeiebucket.s3.ap-northeast-1.amazonaws.com/ee84b2cc-7d58-47df-8484-3d3727dddfac.png', 0, 0, 0, 0),
(260, 5, 3, '新手 救命，python是不是有bug （已解決）', '如圖，明明改變的都是group_list_pre這個參數，但為甚麼group_list_2會跟著改變？\r\n不應該阿', '2023-07-17 22:10:47.000000', 'https://seeiebucket.s3.ap-northeast-1.amazonaws.com/0fe1346f-24ef-429a-a32d-5c3c3d63a03f.png▲https://seeiebucket.s3.ap-northeast-1.amazonaws.com/e52f6c13-2803-42d2-8090-84a6cdbc8be7.png', 0, 0, 0, 0),
(261, 12, 2, '#書單推薦 #校園 你港寶 《千層套路》', '書名：《千層套路》\r\n作者：你港寶\r\n\r\n✏️心得\r\n\r\n不知道有沒有人也看過這本\r\n這本是我之前在滑VIP金榜被文案吸引進來的\r\n互相套路又雙雙掉馬超級好笑\r\n因為我自己是偏好看不超過100章的小說\r\n但這本我是看到停不下來\r\n男女主都是學神智商都在線\r\n強烈推薦給大家～\r\n\r\n📚文案\r\n\r\n外號學神的季綰綰，在轉學到實驗一中的第一天，看上了她的新同桌。\r\n　　\r\n少年眼眸漆黑，桀驁不馴，下頜線條凌厲，生得十分好看。\r\n就是性子有點暴躁，剛開學就揍了隔壁職校的混混，成為一中不良少年的新大哥。\r\n　　\r\n季綰綰觀察多日，發現大佬不喜歡學霸，嫌悶，喜歡野一點，有個性的姑娘。\r\n於是她為愛獻身，改頭換面——\r\n\r\n門門考倒數第一的不良少女，與打遍全校無敵手的校園大佬狹路相逢，很快擦出愛情的火花。\r\n兩人性格契合，一起打架，一起逃課，一起手拉手發誓「誰先學習誰是狗」。\r\n　　\r\n直到有一天，季綰綰把花裡胡哨的頭髮染回黑色，換上乖乖仙女裙，請假參加某奧林匹克競賽的頒獎典禮。\r\n「恭喜季綰綰同學，」主持人說，「讓我們歡迎另一位金杯得主——周恪同學！」\r\n　　\r\n少年出現在頒獎台上，銀框眼鏡白襯衫，笑起來溫潤有禮：「恭喜。」\r\n　　\r\n季綰綰滿臉震驚：「你不是打架住院了嗎？」\r\n　　\r\n周恪神情懶散，不以為然：「你不也睡懶覺逃課了麼？」\r\n　　\r\n季綰綰：「……」\r\n\r\n誰先掉馬誰是狗，情侶雙雙傍地走:)\r\n　　\r\n【傻白甜X黑切黑】\r\n\r\n📌\r\n如果你也喜歡我分享的文章\r\n可以動動手指頭追蹤卡稱或ig 唷(*^o^*)\r\n想跟大家交流更多好看的書', '2023-07-17 22:13:49.000000', 'https://seeiebucket.s3.ap-northeast-1.amazonaws.com/07a39322-eeb3-46b8-b911-1469aa12fd2f.png', 0, 0, 0, 0),
(262, 4, 99, '配速（PACER)教練帶你跑拉松', '『小葉子特快車』\r\n小葉子成立跑班宗旨：\r\n\r\n希望所有的跑者都可以學會正確的跑步知識與懂得自己配速，在訓練跟比賽上可以有所突破，健康平安運動下去！\r\n\r\n課程資訊：\r\nundefined | Bravelog 運動趣\r\n課程\r\n\r\n\r\nhttps://www.bravelog.tw/training/course/?course_id=646afa0bc6111e2dbe802741&courseName=P.TEAM%EF%BD%9C%E5%B0%8F%E8%91%89%E5%AD%90%E7%89%B9%E5%BF%AB%E8%BB%8A&courseType=%E8%B7%91%E6%AD%A5\r\n\r\n感謝P.team專業營養團隊的信賴與支持，讓小葉子順利開設跑班！\r\n\r\n目標帶動整個台中南屯跟西屯區的跑步風氣🏃\r\n\r\n💪專業助教：\r\n娉請惠文高中長跑體育班的「張中毅」來給予學員更專業貼心細心的指導成效卓越～\r\n\r\n希望小葉子的親朋好友大力幫我推廣起來🙏\r\nP.TEAM #跑班 #小葉子特快車', '2023-07-17 22:27:27.000000', 'https://seeiebucket.s3.ap-northeast-1.amazonaws.com/64064852-8d23-4b21-bd65-37997c364f2a.png', 0, 0, 0, 0);
INSERT INTO `thread` (`threadId`, `categoryId`, `userId`, `title`, `content`, `createdAt`, `picture`, `love`, `favoriteCount`, `hotScore`, `loveStatus`) VALUES
(263, 1, 109, '熱門漢堡排－挽肉と米', '「原來漢堡排能這麼好吃啊。」\r\n\r\n還好在出發前恰巧看到推薦。\r\n\r\n到訪前，對於一塊漢堡排要說能有多好吃，實在滿懷狐疑，但這間卻莫名地吸引人，特別留意了會，便決定京都行第一天就要一試。\r\n\r\n午後第一站先來抽了號碼牌，紙條寫著約莫是五點半的時間再回來。\r\n\r\n鑽進狹窄廊道，低頭進門，濃厚炭烤香和油煙同時撲鼻而來。買完餐券便擠入了坐，店員收走餐券時一邊問著要吃幾顆漢堡排，當下充滿疑問著比了三，同時想著難道只吃一顆和吃上三顆，真是同樣價錢？\r\n\r\n不久後第一顆便被放上了眼前小小的烤爐，店員也解釋說準備要吃第二顆時再告訴他們就行。\r\n\r\n放上狀態絕佳的米飯，再就著碗入了第一口，柔嫩、肥嫩、多汁，淡雅的肉香輔以淡淡炭香，搭配的蛋黃滑嫩細膩。\r\n\r\n所有的調味和佐料水準皆足，簡單暴力、無須多言的美味，讓人在第一口之後便再也停不下來。\r\n\r\n對於即將開幕的台北店，無法再更期待。\r\n\r\n務必一試。', '2023-07-18 10:09:45.000000', 'https://seeiebucket.s3.ap-northeast-1.amazonaws.com/5508de21-ffc1-44cc-8ba4-56b7a30c00b6.jpg▲https://seeiebucket.s3.ap-northeast-1.amazonaws.com/5a6d2098-3a0c-401f-b4a2-045cbb9fa7e1.jpg', 2, 0, 0, 1),
(264, 1, 109, '熱門漢堡排－挽肉と米', '熱門漢堡排－挽肉と米\r\n\r\n「原來漢堡排能這麼好吃啊。」\r\n\r\n還好在出發前恰巧看到推薦。\r\n\r\n到訪前，對於一塊漢堡排要說能有多好吃，實在滿懷狐疑，但這間卻莫名地吸引人，特別留意了會，便決定京都行第一天就要一試。\r\n\r\n午後第一站先來抽了號碼牌，紙條寫著約莫是五點半的時間再回來。\r\n\r\n鑽進狹窄廊道，低頭進門，濃厚炭烤香和油煙同時撲鼻而來。買完餐券便擠入了坐，店員收走餐券時一邊問著要吃幾顆漢堡排，當下充滿疑問著比了三，同時想著難道只吃一顆和吃上三顆，真是同樣價錢？\r\n\r\n不久後第一顆便被放上了眼前小小的烤爐，店員也解釋說準備要吃第二顆時再告訴他們就行。\r\n\r\n放上狀態絕佳的米飯，再就著碗入了第一口，柔嫩、肥嫩、多汁，淡雅的肉香輔以淡淡炭香，搭配的蛋黃滑嫩細膩。\r\n\r\n所有的調味和佐料水準皆足，簡單暴力、無須多言的美味，讓人在第一口之後便再也停不下來。\r\n\r\n對於即將開幕的台北店，無法再更期待。\r\n\r\n務必一試。', '2023-07-18 15:38:23.000000', 'https://seeiebucket.s3.ap-northeast-1.amazonaws.com/99d8a0af-9aea-4ddd-8673-d8a414686a34.jpg▲https://seeiebucket.s3.ap-northeast-1.amazonaws.com/ad7bea10-a914-46e2-a3f0-478ece80d7a5.jpg', 1, 0, 0, 1),
(265, 11, 1, '養寵經驗 約克夏', ' \r\n我很喜歡小動物，一直想養貓或狗，但是媽媽卻反對，因為她對「毛」很過敏，所以我一直無法完成養寵物的心願。\r\n每到夏天，同學喜歡比賽找甲蟲，只要抓到鍬形蟲、獨角仙，第二天就是「獻寶」的時間，他們會帶來班上，讓大家一起觀察甲蟲的形態。去年六月，同學送我一隻「兩點鋸母鍬型蟲」，我把牠帶回家，媽媽答應讓我養，我高興得跳了一尺高，還打電話請爸爸幫我買一個飼養箱。我切水果給牠吃，幫牠舖了一層厚厚木屑。\r\n有一天放學回家，我找不到「兩點鋸」，原來牠正舒服的躺在木屑中，牠頑皮的樣子，似乎在跟我玩捉迷藏。有一次牠一動也不動，我緊張得要命，還以為牠已經死了。牠陪了我一個漫長的暑假，陪我度過無聊的日子。\r\n九月一個周末，爸爸抓了一隻超大的甲蟲回來，我把牠們被放在一起，沒想到，同學送我的「兩點鋸」因為太小了，竟然被大甲蟲夾死了，我非常傷心又後悔，生氣的將爸爸抓到的甲蟲放回牠棲息的地方，不想再有下一隻甲蟲受害了。\r\n「兩點鋸」死了以後，我仍然把牠放在飼養箱裡，每天再看看牠，雖然牠一動也不動，但是最起碼，可以讓我回憶起我們在一起的快樂時光。', '2023-07-18 18:23:42.000000', 'https://seeiebucket.s3.ap-northeast-1.amazonaws.com/c30f665c-9f76-444a-a14b-ef7ca8d61f52.jpg', 1, 0, 0, 1),
(268, 1, 109, '熱門漢堡排－挽肉と米', '熱門漢堡排－挽肉と米\r\n\r\n「原來漢堡排能這麼好吃啊。」\r\n\r\n還好在出發前恰巧看到推薦。\r\n\r\n到訪前，對於一塊漢堡排要說能有多好吃，實在滿懷狐疑，但這間卻莫名地吸引人，特別留意了會，便決定京都行第一天就要一試。\r\n\r\n午後第一站先來抽了號碼牌，紙條寫著約莫是五點半的時間再回來。\r\n\r\n鑽進狹窄廊道，低頭進門，濃厚炭烤香和油煙同時撲鼻而來。買完餐券便擠入了坐，店員收走餐券時一邊問著要吃幾顆漢堡排，當下充滿疑問著比了三，同時想著難道只吃一顆和吃上三顆，真是同樣價錢？\r\n\r\n不久後第一顆便被放上了眼前小小的烤爐，店員也解釋說準備要吃第二顆時再告訴他們就行。\r\n\r\n放上狀態絕佳的米飯，再就著碗入了第一口，柔嫩、肥嫩、多汁，淡雅的肉香輔以淡淡炭香，搭配的蛋黃滑嫩細膩。\r\n\r\n所有的調味和佐料水準皆足，簡單暴力、無須多言的美味，讓人在第一口之後便再也停不下來。\r\n\r\n對於即將開幕的台北店，無法再更期待。\r\n\r\n務必一試。', '2023-07-18 23:50:25.000000', 'https://seeiebucket.s3.ap-northeast-1.amazonaws.com/d23a23d6-584d-4283-b453-9907e932c3d3.jpg▲https://seeiebucket.s3.ap-northeast-1.amazonaws.com/3e4e8c15-750c-43a9-9f43-df6a8862ea3f.jpg▲https://seeiebucket.s3.ap-northeast-1.amazonaws.com/d2333020-d90d-47f4-ab30-da1d457c031e.jpg', 1, 0, 0, 1);

-- --------------------------------------------------------

--
-- Table structure for table `threadHashtag`
--

CREATE TABLE `threadHashtag` (
  `threadHashtagId` int NOT NULL,
  `threadId` int DEFAULT NULL,
  `hashtagId` int DEFAULT NULL
) ENGINE=InnoDB DEFAULT CHARSET=utf8mb4 COLLATE=utf8mb4_unicode_ci;

--
-- Dumping data for table `threadHashtag`
--

INSERT INTO `threadHashtag` (`threadHashtagId`, `threadId`, `hashtagId`) VALUES
(3, 66, 4),
(4, 47, 5),
(5, 9, 5),
(6, 33, 2),
(7, 32, 9),
(8, 28, 9),
(9, 18, 3),
(10, 12, 3),
(11, 56, 2),
(12, 16, 10),
(13, 20, 12),
(14, 9, 8),
(15, 59, 2),
(16, 24, 2),
(17, 62, 10),
(18, 31, 9),
(19, 31, 11),
(20, 19, 7),
(21, 68, 2),
(22, 44, 10),
(23, 6, 1),
(24, 4, 1),
(25, 12, 8),
(26, 54, 10),
(27, 44, 9),
(28, 64, 3),
(29, 17, 8),
(30, 27, 1),
(32, 45, 4),
(33, 50, 7),
(34, 38, 1),
(35, 53, 6),
(36, 7, 2),
(37, 22, 2),
(38, 61, 10),
(39, 21, 2),
(40, 63, 11),
(41, 69, 1),
(42, 13, 11),
(43, 54, 3),
(44, 44, 7),
(45, 61, 8),
(46, 38, 10),
(47, 16, 10),
(48, 32, 10),
(49, 33, 1),
(50, 53, 7),
(51, 50, 9),
(52, 33, 2),
(53, 30, 8),
(54, 54, 12),
(55, 34, 6),
(56, 2, 9),
(57, 27, 10),
(58, 54, 5),
(59, 54, 7),
(60, 27, 4),
(61, 27, 12),
(62, 49, 7),
(63, 41, 4),
(64, 44, 4),
(65, 34, 7),
(66, 35, 9),
(67, 66, 7),
(68, 4, 7),
(69, 46, 6),
(70, 42, 6),
(71, 29, 9),
(72, 25, 7),
(73, 56, 3),
(74, 40, 3),
(130, 139, 29),
(131, 139, 36),
(132, 139, 37),
(133, 139, 38),
(134, 144, 29),
(135, 144, 36),
(136, 144, 37),
(137, 144, 38),
(138, 148, 39),
(139, 149, 40),
(140, 150, 19),
(141, 150, 31),
(142, 151, 32),
(143, 152, 40),
(144, 153, 41),
(145, 154, 24),
(146, 154, 29),
(147, 155, 24),
(148, 155, 25),
(149, 155, 29),
(150, 156, 42),
(151, 157, 31),
(152, 159, 18),
(153, 160, 24),
(154, 160, 25),
(155, 160, 20),
(156, 163, 24),
(157, 163, 29),
(158, 164, 24),
(159, 164, 29),
(160, 165, 25),
(161, 165, 20),
(162, 166, 24),
(163, 166, 20),
(164, 167, 24),
(165, 167, 26),
(166, 168, 43),
(167, 168, 20),
(168, 169, 17),
(169, 169, 18),
(170, 170, 26),
(171, 171, 43),
(172, 171, 20),
(173, 172, 21),
(174, 172, 26),
(175, 173, 19),
(176, 173, 29),
(177, 174, 24),
(178, 174, 20),
(179, 175, 24),
(180, 175, 18),
(181, 176, 24),
(182, 176, 21),
(183, 176, 43),
(184, 176, 22),
(185, 177, 21),
(186, 177, 26),
(187, 178, 25),
(188, 178, 18),
(189, 179, 17),
(190, 179, 18),
(191, 183, 29),
(192, 183, 36),
(193, 183, 37),
(194, 183, 38),
(195, 191, 35),
(196, 192, 24),
(197, 192, 30),
(198, 193, 24),
(199, 193, 30),
(200, 194, 24),
(201, 194, 30),
(202, 195, 25),
(203, 195, 29),
(204, 197, 24),
(205, 197, 30),
(206, 198, 33),
(207, 198, 34),
(208, 199, 33),
(209, 199, 34),
(210, 200, 33),
(211, 200, 34),
(212, 201, 43),
(213, 201, 22),
(214, 202, 43),
(215, 202, 22),
(216, 203, 25),
(217, 203, 29),
(218, 204, 25),
(219, 204, 29),
(220, 205, 21),
(221, 205, 26),
(222, 206, 44),
(223, 206, 35),
(224, 207, 25),
(225, 207, 29),
(226, 208, 19),
(227, 208, 31),
(228, 209, 17),
(229, 209, 18),
(230, 210, 24),
(231, 210, 30),
(232, 211, 24),
(233, 211, 30),
(234, 212, 25),
(235, 212, 29),
(236, 213, 33),
(237, 213, 32),
(238, 214, 25),
(239, 214, 44),
(240, 214, 35),
(241, 215, 33),
(242, 215, 34),
(243, 216, 33),
(244, 216, 34),
(245, 217, 25),
(246, 217, 29),
(247, 218, 25),
(248, 218, 29),
(249, 219, 33),
(250, 219, 34),
(251, 220, 43),
(252, 220, 29),
(253, 221, 24),
(254, 221, 30),
(255, 222, 25),
(256, 222, 20),
(257, 223, 17),
(258, 223, 18),
(259, 224, 24),
(260, 224, 30),
(261, 225, 29),
(262, 225, 36),
(263, 225, 37),
(264, 225, 38),
(265, 226, 24),
(266, 226, 30),
(267, 227, 19),
(268, 227, 31),
(269, 228, 29),
(270, 228, 20),
(271, 229, 29),
(272, 229, 20),
(273, 230, 29),
(274, 230, 20),
(275, 231, 29),
(276, 231, 20),
(277, 232, 17),
(278, 232, 30),
(279, 234, 17),
(280, 234, 26),
(281, 235, 17),
(282, 235, 23),
(283, 235, 18),
(284, 236, 43),
(285, 236, 29),
(286, 237, 44),
(287, 237, 33),
(288, 237, 34),
(289, 238, 29),
(290, 239, 32),
(291, 240, 35),
(292, 241, 32),
(293, 242, 32),
(294, 244, 32),
(295, 245, 35),
(296, 246, 32),
(297, 247, 32),
(298, 248, 35),
(299, 249, 35),
(300, 250, 35),
(301, 251, 32),
(302, 252, 35),
(303, 253, 35),
(304, 254, 35),
(305, 255, 35),
(306, 256, 32),
(307, 257, 35),
(308, 258, 35),
(309, 259, 19),
(310, 259, 35),
(311, 260, 35),
(312, 261, 24),
(313, 261, 33),
(314, 261, 34),
(315, 262, 33),
(316, 262, 26),
(317, 263, 32),
(318, 264, 32),
(319, 265, 35),
(320, 268, 32);

-- --------------------------------------------------------

--
-- Table structure for table `user`
--

CREATE TABLE `user` (
  `userId` int NOT NULL,
  `email` varchar(100) DEFAULT NULL COMMENT 'login account',
  `password` varchar(100) DEFAULT NULL,
  `userName` varchar(100) DEFAULT NULL,
  `avatar` varchar(1000) DEFAULT NULL,
  `level` varchar(100) DEFAULT NULL,
  `point` varchar(100) DEFAULT NULL,
  `profile` varchar(10000) DEFAULT NULL,
  `isGoogle` varchar(10) NOT NULL DEFAULT '0',
  `HotScore` int NOT NULL DEFAULT '0',
  `followingCount` int DEFAULT '0',
  `followedByCount` int DEFAULT '0',
  `friendshipStatus` int DEFAULT '0'
) ENGINE=InnoDB DEFAULT CHARSET=utf8mb4 COLLATE=utf8mb4_0900_ai_ci;

--
-- Dumping data for table `user`
--

INSERT INTO `user` (`userId`, `email`, `password`, `userName`, `avatar`, `level`, `point`, `profile`, `isGoogle`, `HotScore`, `followingCount`, `followedByCount`, `friendshipStatus`) VALUES
(1, '2b5jc9p1m@gmail.com', '$2a$10$p6JL.Mn7SOr1iddPy4D8u.LOAHw/oz4G5oiQ8ds/fjhW984IhY6mq', '彩虹破碎', 'https://seeiebucket.s3.ap-northeast-1.amazonaws.com/ec6188c2-3b0b-414a-b9dd-bdafcd4a85be.png', NULL, NULL, '我是一個喜愛閱讀的人', '0', 862, 27, 25, 1),
(2, 'esw4uopm83@hotmail.com', '$2a$10$HTCzate860qJE6Ne3kDO0OKb/PYi02oBE/AGsb.He9E.5bmuzDwfC', '超吉馬利', 'https://seeiebucket.s3.ap-northeast-1.amazonaws.com/525c2079-9e98-4110-a9db-caab34769a17.jpg', NULL, NULL, '喜吉兒契', '0', 4989, 21, 19, 0),
(3, 'be1v740hdbqap@hotmail.com', '$2a$10$D6OGcKSV0OGhPjjpTSa9Oe.vSvkolLyHEGRfW2wsgQUtL9aGfJHse', '嘟嘟嘟', 'https://seeiebucket.s3.ap-northeast-1.amazonaws.com/d20c3e3d-5d4f-4ee4-af8f-ed41af48dcae.jpg', NULL, NULL, '我是嘟大爺', '0', 1481, 18, 30, 1),
(4, 'kd06k752@hotmail.com', '$2a$10$5rk689To3BMn9x765hakC.WopN8NXXg.898Nt/8u5w92eDTlvVdYW', '⚡黑暗預言者⚡', 'https://pgw.udn.com.tw/gw/photo.php?u=https://uc.udn.com.tw/photo/2023/02/22/2/20249194.jpg&x=0&y=0&sw=0&sh=0&exp=3600&w=767', NULL, NULL, '我是一名音樂愛好者，喜歡彈奏吉他和創作音樂，用音樂表達自己的情感和思考。', '0', 1220, 24, 21, 0),
(5, 'vtl2y6pk@gmail.com', '$2a$10$HMCtY5fuFFOU6gT7uKqY8um7NzBScWN8GHEihItc6QFs22QXkfXWK', '☠寂靜破壞者☠', 'https://pgw.udn.com.tw/gw/photo.php?u=https://uc.udn.com.tw/photo/2023/02/22/2/20249194.jpg&x=0&y=0&sw=0&sh=0&exp=3600&w=767', NULL, NULL, '我是一名健身教練，喜歡幫助人們達到健康和體能目標，並且鼓勵他們保持積極的生活態度。', '0', 733, 26, 27, 0),
(6, 'gyfhw7bymm9@hotmail.com', '$2a$10$oee.sK5BWLeIpvlhQ6jgtOPFhUsW.fztrbnJtYlZlel/mvcX7UlBu', '嘟嘟嘟', 'https://seeiebucket.s3.ap-northeast-1.amazonaws.com/07a1b91e-c2bb-45b9-9c85-a3dd2b9049de.png', NULL, NULL, '我是一名旅遊愛好者，喜歡探索不同的國家和文化，並且喜歡與當地人交流和學習。', '0', 2428, 22, 19, 0),
(7, '3m2kd31njlwd@hotmail.com', '$2a$10$XPygMJiUJACTqG53mayqD.OIhnY0ifaGqhAtxIgEgDIxA2AYv.vKW', '∞無情裁決者∞', 'https://pgw.udn.com.tw/gw/photo.php?u=https://uc.udn.com.tw/photo/2023/02/22/2/20249194.jpg&x=0&y=0&sw=0&sh=0&exp=3600&w=767', NULL, NULL, '我是一名藝術家，喜歡用畫筆表達自己的情感和思想，並且希望能夠啟發觀眾的共鳴。', '0', 656, 21, 25, 0),
(8, 'sgcvcb0izrpler@yahoo.com', '$2a$10$OWWaz6sfZjHvrJrxpY9UP.TBBZixdfnQrHCNxPaXqHMLsgFlPaq3O', '⚡最終魔導士⚡', 'https://seeiebucket.s3.ap-northeast-1.amazonaws.com/8982197c-40b4-4e52-97eb-9aabc259bb03.jpg', NULL, NULL, '我是一名創業家，喜歡挑戰自己和創造新的商業機會，並且希望能夠為社會帶來積極的影響。', '0', 4399, 29, 26, 0),
(9, '3aehg8ba@gmail.com', '$2a$10$sHBvF3ZhfGYaINmqyRO2Z.o/lwnpLLbW9hnUn1qpH0XWO5xpNrWnm', '†末日旅行者†', 'https://seeiebucket.s3.ap-northeast-1.amazonaws.com/b006a6b7-cb4d-4ab9-9657-89191624e8b3.jpg', NULL, NULL, '我是一名教育工作者，喜歡與學生互動和啟發他們的學習興趣，並且希望能夠培養他們的才能。', '0', 3921, 24, 28, 1),
(10, 'wce69acqx76dth9@gmail.com', '$2a$10$vQQVRYvgtzE6x9TKTWidfOATimOL052rQ/I44bbuUSwqmkBghNIIO', '★混沌風暴★', 'https://seeiebucket.s3.ap-northeast-1.amazonaws.com/4db4e32c-3530-48e1-85b5-eeaf2e32c141.jpg', NULL, NULL, '我是一名社會運動者，關注社會公益事務，並且積極參與各種促進社會進步的活動。', '0', 1056, 24, 26, 0),
(11, 'hi887db5@hotmail.com', '$2a$10$XRymvx.ySHQBfcLlxEkHaeRmZ1cmXa6g7uT36PZufjmZBMhOJx8b.', '∞憤怒狩獵者∞', 'https://seeiebucket.s3.ap-northeast-1.amazonaws.com/28f3a1fd-e9a4-4321-a85a-cb85ccd9fab9.jpg', NULL, NULL, '我是一名工程師，熱愛解決問題和創新技術，並且喜歡參與有挑戰性的工程項目。', '0', 2048, 29, 21, 0),
(12, 'g3rlpj7vd@hotmail.com', '$2a$10$Yv4apxeA1bVS4PIZyr4I6uGRDS6z4MMRFnlFY5sKB2VIRBxnahTKm', '⚔秘密斬殺者⚔', 'https://seeiebucket.s3.ap-northeast-1.amazonaws.com/4f2dcf85-be49-4c18-a04c-56c6112f0489.png', NULL, NULL, '我是一名作家，喜歡寫作並分享我的故事和觀點，希望能夠觸動讀者的心靈。', '0', 3007, 22, 27, 1),
(13, 'fta6uiscg@yahoo.com', '$2a$10$gjPgij1h2VY2.qmZeC5BnOW3m8wkqcUSgNgA.Ys.0YXeHAV6tn9Z2', '⚡暴風雪劍士⚡', 'https://seeiebucket.s3.ap-northeast-1.amazonaws.com/9a0ca8a7-91c4-423b-ac66-bafe7eaa3614.jpg', NULL, NULL, '我是一名設計師，對於美學和創意有著獨特的見解，喜歡設計各種富有創意的產品和環境。', '0', 595, 25, 34, 0),
(14, 'gyr5h3f8@gmail.com', '$2a$10$U0ZnCz9.tnf1phxpJve9HehibR9qmUgutvXXGZUr8YEloL0H8P4ly', '†無盡火焰†', 'https://pgw.udn.com.tw/gw/photo.php?u=https://uc.udn.com.tw/photo/2023/02/22/2/20249194.jpg&x=0&y=0&sw=0&sh=0&exp=3600&w=767', NULL, NULL, '我是一名醫生，熱愛醫學科學，並且致力於提供高品質的醫療服務，幫助病人恢復健康。', '0', 0, 30, 14, 0),
(15, 'nmd7b04uevrzh9@yahoo.com', '$2a$10$NskmF9rtx7XuOIdoW9cdvOHZJNu16TztnN1OQkRH9rhBhWAKq4VyO', '★不滅幻影★', 'https://pgw.udn.com.tw/gw/photo.php?u=https://uc.udn.com.tw/photo/2023/02/22/2/20249194.jpg&x=0&y=0&sw=0&sh=0&exp=3600&w=767', NULL, NULL, '我是一名律師，擁有豐富的法律知識和專業技巧，並且致力於維護客戶的權益和正義。', '0', 0, 21, 26, 0),
(16, '6sgxyxmqjwaw6h9@hotmail.com', '$2a$10$e84QJxXwTmQVdjUXeMUPFOoQZu4DXfWCYCHZqF89fSS2oHQgkYJm2', '∞絕對統治者∞', 'https://pgw.udn.com.tw/gw/photo.php?u=https://uc.udn.com.tw/photo/2023/02/22/2/20249194.jpg&x=0&y=0&sw=0&sh=0&exp=3600&w=767', NULL, NULL, '我是一名數據分析師，喜歡從大數據中發現趨勢和洞察，並且應用於業務決策中。', '0', 245, 22, 28, 0),
(17, '302swnjb82a084@yahoo.com', '$2a$10$HTl3BuZtlGOkis4.dPWpt.dnAErRdNxvKuT78LeVMFLdgCRL5/Qn.', '⚔輝煌騎士⚔', 'https://pgw.udn.com.tw/gw/photo.php?u=https://uc.udn.com.tw/photo/2023/02/22/2/20249194.jpg&x=0&y=0&sw=0&sh=0&exp=3600&w=767', NULL, NULL, '我是一名環保志工，關注環境保護和可持續發展，並且積極參與各種環保行動。', '0', 984, 25, 26, 0),
(18, 'xi47pumex6@hotmail.com', '$2a$10$4LuPIGQ4xNEE.IhYIMjvS.z9oKp4DaEc02X.9AALUvfRq07fMh2Gu', '⚡黑夜守護者⚡', 'https://pgw.udn.com.tw/gw/photo.php?u=https://uc.udn.com.tw/photo/2023/02/22/2/20249194.jpg&x=0&y=0&sw=0&sh=0&exp=3600&w=767', NULL, NULL, '我是一名市場營銷專家，喜歡研究消費者行為和市場趨勢，並且制定有效的營銷策略。', '0', 0, 28, 32, 0),
(19, 't4bf2h70@yahoo.com', '$2a$10$Tv.lMQEU9YSNtYrBdl0xlOZWy9/iigDzmrAO.6Ih/ut3s2uiPfXPi', '†鋼鐵獅心†', 'https://pgw.udn.com.tw/gw/photo.php?u=https://uc.udn.com.tw/photo/2023/02/22/2/20249194.jpg&x=0&y=0&sw=0&sh=0&exp=3600&w=767', NULL, NULL, '我是一名人力資源專家，擁有豐富的招聘和培訓經驗，並且致力於打造優秀的團隊。', '0', 1826, 31, 22, 0),
(20, 'anyxh8d89jj14d@gmail.com', '$2a$10$dRBXAOKxtu1NfP.vm4IcaepciIxYmj0EIF.HWrDzA9hl7gYp96Tnu', '★超絕刺客★', 'https://pgw.udn.com.tw/gw/photo.php?u=https://uc.udn.com.tw/photo/2023/02/22/2/20249194.jpg&x=0&y=0&sw=0&sh=0&exp=3600&w=767', NULL, NULL, '我是一名社交媒體經營者，喜歡與粉絲互動和分享有趣的內容，並且建立品牌形象。', '0', 2644, 20, 21, 0),
(21, 'd44ii08x9r9ea@hotmail.com', '$2a$10$yAZ/aORQ8hPf9LRbjhQ0pO.v8KJlvQaH0qCqp9XBcI.l9iIvUe9WC', '∞神秘貴族∞', 'https://pgw.udn.com.tw/gw/photo.php?u=https://uc.udn.com.tw/photo/2023/02/22/2/20249194.jpg&x=0&y=0&sw=0&sh=0&exp=3600&w=767', NULL, NULL, '我是一名心理學家，對於人類行為和思維有著濃厚的興趣，並且提供心理諮詢服務。', '0', 1688, 16, 34, 0),
(22, '67h2kagrmv@yahoo.com', '$2a$10$Eviz7/3LiOvDjdo.7pZOU.FzGgJ/eNZ/ykebCz6OYWS2C7aVuXADW', 'connectU', 'https://seeiebucket.s3.ap-northeast-1.amazonaws.com/5245a99d-28db-4ea8-b0b7-2346bd17f637.jpg', NULL, NULL, '我是一名網路安全專家，致力於保護網絡系統免受黑客和惡意軟體的攻擊。', '0', 2089, 24, 21, 0),
(23, '8y0dx04p@gmail.com', '$2a$10$9MtJRljjmxcqFOMGdq6wjeks4JErQqdb.cLjlODy4/JFDWuiNdJKm', '⚡激流勇士⚡', 'https://pgw.udn.com.tw/gw/photo.php?u=https://uc.udn.com.tw/photo/2023/02/22/2/20249194.jpg&x=0&y=0&sw=0&sh=0&exp=3600&w=767', NULL, NULL, '我是一名數學教師，喜歡教授數學知識並啟發學生的數學思維和解決問題能力。', '0', 0, 28, 33, 0),
(24, '4lk1k592vuaxh9y@yahoo.com', '$2a$10$KiTzdyTJc/V9QrYlGjRM..1Ps0xkXFOXxvAj9NV2J5ZJGsncDl72W', '†狂野之魂†', 'https://pgw.udn.com.tw/gw/photo.php?u=https://uc.udn.com.tw/photo/2023/02/22/2/20249194.jpg&x=0&y=0&sw=0&sh=0&exp=3600&w=767', NULL, NULL, '我是一名銷售經理，擁有豐富的銷售經驗和客戶關係管理技巧，並且達成業績目標。', '0', 1596, 23, 29, 0),
(25, 'crmxmnwrr9edu@gmail.com', '$2a$10$YPy5ZzQSmhPE8/gA7peHuuMgQBrrxy7zfkh79TKrJQYHAnpZUUJF6', '★永恆月影★', 'https://pgw.udn.com.tw/gw/photo.php?u=https://uc.udn.com.tw/photo/2023/02/22/2/20249194.jpg&x=0&y=0&sw=0&sh=0&exp=3600&w=767', NULL, NULL, '我是一名翻譯家，擁有流利的多語言能力，並且將不同語言之間的溝通橋梁。', '0', 2256, 21, 21, 0),
(26, 'fr8crcbuzmhoh3@gmail.com', '$2a$10$3WrP2igVIXRsC6XghPgnUu10jLXOixJJVuOWr.KtxCTfSq5y3xNvu', '∞極光魔劍∞', 'https://seeiebucket.s3.ap-northeast-1.amazonaws.com/5dcf64c0-9955-43ca-b3af-bc0b726bf642.png', NULL, NULL, '我是一名建築師，喜歡設計創新的建築物和城市規劃，並且追求美學和功能性的結合。', '0', 2169, 29, 31, 1),
(27, 'jozau0n1zbs8i@yahoo.com', '$2a$10$zmHcdNK/lObixCWe2Rn75.cmGkCQtL1y.BnumAZm0kZ69dRfuHXpW', '⚔天界先知⚔', 'https://pgw.udn.com.tw/gw/photo.php?u=https://uc.udn.com.tw/photo/2023/02/22/2/20249194.jpg&x=0&y=0&sw=0&sh=0&exp=3600&w=767', NULL, NULL, '我是一名投資顧問，擁有豐富的投資知識和技巧，並且幫助客戶實現財務目標。', '0', 2732, 25, 27, 0),
(28, 't6ibvnc4mr52j@hotmail.com', '$2a$10$cy78BRXosTSigOxbluGdeOoMAOqgjqQwgsHU2ilbj3pZicPNl3chC', '⚡熾炎之翼⚡', 'https://pgw.udn.com.tw/gw/photo.php?u=https://uc.udn.com.tw/photo/2023/02/22/2/20249194.jpg&x=0&y=0&sw=0&sh=0&exp=3600&w=767', NULL, NULL, '我是一名瑜伽教師，喜歡教授瑜伽和冥想，並且幫助學生達到身心靈的平衡。', '0', 0, 28, 28, 0),
(29, 'eijr3anugxef@hotmail.com', '$2a$10$kL1dszd9s04iKGVAIYH5S.IST2OOxsgNRpqWzQxGrxXvPLBPcipLC', '†幽靈王者†', 'https://pgw.udn.com.tw/gw/photo.php?u=https://uc.udn.com.tw/photo/2023/02/22/2/20249194.jpg&x=0&y=0&sw=0&sh=0&exp=3600&w=767', NULL, NULL, '我是一名電影導演，喜歡創作有深度和影響力的電影作品，並且表達自己的觀點。', '0', 923, 24, 24, 0),
(30, 'zf1g9itm@yahoo.com', '$2a$10$OqJD6Ej1h8flSvNIS7mQGevyjzssRY/8s0ZUGafkTQWNcL4mrwSdO', '★破曉旋風★', 'https://pgw.udn.com.tw/gw/photo.php?u=https://uc.udn.com.tw/photo/2023/02/22/2/20249194.jpg&x=0&y=0&sw=0&sh=0&exp=3600&w=767', NULL, NULL, '我是一名資訊技術顧問，擁有豐富的IT知識和解決問題的能力，並且幫助企業提升效率。', '0', 0, 25, 27, 0),
(31, 'hcz3gkuzsz@gmail.com', '$2a$10$augX7q.1Zo8Q.SVBqkEMv.6XCVkhd3DSRDF55nrGHNBGqwxUqcm3q', '∞災厄之手∞', 'https://pgw.udn.com.tw/gw/photo.php?u=https://uc.udn.com.tw/photo/2023/02/22/2/20249194.jpg&x=0&y=0&sw=0&sh=0&exp=3600&w=767', NULL, NULL, '我是一名設計師，擁有豐富的設計經驗和創意思維，並且喜歡將美學融入到設計中。', '0', 785, 33, 23, 0),
(32, '021mn5srgpps2yj@yahoo.com', '$2a$10$WlkRU1q9x18cxmdfb36A8.w7oxJbSRjLz0cxHbZ.QMeILnT9D/QsW', '⚔疾風亡靈⚔', 'https://pgw.udn.com.tw/gw/photo.php?u=https://uc.udn.com.tw/photo/2023/02/22/2/20249194.jpg&x=0&y=0&sw=0&sh=0&exp=3600&w=767', NULL, NULL, '我是一名音樂家，對於音樂有著濃厚的熱情和創作能力，並且追求音樂的表達和感染力。', '0', 898, 22, 26, 0),
(33, '0d40qxnu6zsvwd@hotmail.com', '$2a$10$qyzhUhnR4UBbGmA23mvojumz.AarjqPCVUd0L87rVE1itY96/DBdu', '⚔夜色劍聖⚔', 'https://pgw.udn.com.tw/gw/photo.php?u=https://uc.udn.com.tw/photo/2023/02/22/2/20249194.jpg&x=0&y=0&sw=0&sh=0&exp=3600&w=767', NULL, NULL, '我是一名旅遊愛好者，喜歡探索世界各地的風景和文化，並且紀錄旅程中的美好瞬間。', '0', 0, 16, 17, 0),
(34, 'vj75jgv0gzkia@yahoo.com', '$2a$10$E.mkm9fvUGb/ZbjusIt2d.h.84KVN/EH/nsRPyBdQvvYq98/iqwNW', '⚡永恆暗殺者⚡', 'https://seeiebucket.s3.ap-northeast-1.amazonaws.com/8611f6f4-4fa1-400b-9a66-1df977624a34.jpg', NULL, NULL, '我是一名健身教練，致力於幫助人們改善身體健康和塑造理想的身材，並且提供專業指導。', '0', 2866, 23, 27, 1),
(35, '9t93eufu@yahoo.com', '$2a$10$r9ArVaA5IIcUlPl.mxRN7OvuZjJvzlwOm9GNMr/CZNhcMMVri30GC', '†劍魂無畏†', 'https://pgw.udn.com.tw/gw/photo.php?u=https://uc.udn.com.tw/photo/2023/02/22/2/20249194.jpg&x=0&y=0&sw=0&sh=0&exp=3600&w=767', NULL, NULL, '我是一名作家，喜歡寫作和分享故事，並且通過文字傳達思想和情感。', '0', 3595, 23, 34, 0),
(36, 'hhyvik8h7ufuh@gmail.com', '$2a$10$7o.HSXBEgeNA0AnPI.Zvd.OTsRz/Rz7sF.huML/PV4wjW5XePMOge', '★深海幽靈★', 'https://pgw.udn.com.tw/gw/photo.php?u=https://uc.udn.com.tw/photo/2023/02/22/2/20249194.jpg&x=0&y=0&sw=0&sh=0&exp=3600&w=767', NULL, NULL, '我是一名廚師，對於烹飪有著熱愛和創新的精神，並且喜歡用美食帶給人們驚喜和享受。', '0', 0, 31, 20, 0),
(37, '3j5rr9nf7x@gmail.com', '$2a$10$/GQt8MT3oQpicbOjIP2YE.oRnM1C3ozobNLoOcgR8i3MAb33oiv4.', '∞毀滅天使∞', 'https://pgw.udn.com.tw/gw/photo.php?u=https://uc.udn.com.tw/photo/2023/02/22/2/20249194.jpg&x=0&y=0&sw=0&sh=0&exp=3600&w=767', NULL, NULL, '我是一名攝影師，喜歡捕捉生活中的美麗瞬間和紀錄重要時刻，並且表達自己的攝影風格。', '0', 2512, 19, 22, 0),
(38, 'wm4ecefcyhjf35l@hotmail.com', '$2a$10$xYT6vHYR1raRNxA.y6HV4u.hbKuqKcKEMr5H6P.irHrkAFz0j.dbG', '⚔凜冬獅子⚔', 'https://pgw.udn.com.tw/gw/photo.php?u=https://uc.udn.com.tw/photo/2023/02/22/2/20249194.jpg&x=0&y=0&sw=0&sh=0&exp=3600&w=767', NULL, NULL, '我是一名教育工作者，致力於培養學生的學習興趣和能力，並且啟發他們的創造力和思考能力。', '0', 1486, 20, 26, 0),
(39, '9gtvhour3h4@yahoo.com', '$2a$10$hDCuSui0YdBC6OImFATBX.MB0ZChmstkg0skYpOt/Cg5PpjkWwjwK', '⚡烈火鳳凰⚡', 'https://pgw.udn.com.tw/gw/photo.php?u=https://uc.udn.com.tw/photo/2023/02/22/2/20249194.jpg&x=0&y=0&sw=0&sh=0&exp=3600&w=767', NULL, NULL, '我是一名社會工作者，關注社會問題和弱勢群體，並且致力於改善社會公平和正義。', '0', 0, 20, 25, 0),
(40, 'qo4tmp9x26usq@gmail.com', '$2a$10$TdVzo4nbziyz/JPimpTT7u7j3q.LN0A0pCOotIUJr1OsoNglMAcO.', '†死靈術士†', 'https://pgw.udn.com.tw/gw/photo.php?u=https://uc.udn.com.tw/photo/2023/02/22/2/20249194.jpg&x=0&y=0&sw=0&sh=0&exp=3600&w=767', NULL, NULL, '我是一名律師，擁有豐富的法律知識和辯論技巧，並且為客戶提供專業的法律服務。', '0', 1228, 16, 24, 0),
(41, 'dtulrxn1@yahoo.com', '$2a$10$YIgClWUYS9qGql2hxdsB2uZnHkx8LMJl6GWw1Ke1zV/X32MkYDoDK', '★寒冰龍騎★', 'https://pgw.udn.com.tw/gw/photo.php?u=https://uc.udn.com.tw/photo/2023/02/22/2/20249194.jpg&x=0&y=0&sw=0&sh=0&exp=3600&w=767', NULL, NULL, '我是一名醫生，熱衷於醫療事業，並且關心患者的健康和幸福，並且致力於提供優質的醫療服務。', '0', 847, 19, 25, 0),
(42, '9q5qrj7dn@gmail.com', '$2a$10$5lO7wcIcCW5M97j7kyPFc.o9qYcsEucZQluk8SJnUMEP.upqVvccC', '∞幽夜潛影∞', 'https://pgw.udn.com.tw/gw/photo.php?u=https://uc.udn.com.tw/photo/2023/02/22/2/20249194.jpg&x=0&y=0&sw=0&sh=0&exp=3600&w=767', NULL, NULL, '我是一名救援人員，擁有急救知識和技能，並且在緊急情況下挺身而出，保護他人的安全。', '0', 2394, 27, 17, 0),
(43, '36lamw4i@gmail.com', '$2a$10$iJf2iObo4jhe6Qppw4BIc.jGqIyEN.9NWu8dvkd4l2TSLR61hFgoi', '⚔破曉巨人⚔', 'https://pgw.udn.com.tw/gw/photo.php?u=https://uc.udn.com.tw/photo/2023/02/22/2/20249194.jpg&x=0&y=0&sw=0&sh=0&exp=3600&w=767', NULL, NULL, '我是一名國際銀行家，擁有豐富的金融知識和經驗，並且為客戶提供全面的金融解決方案。', '0', 2991, 22, 25, 1),
(44, 'd7mxicxtpqzd@gmail.com', '$2a$10$6Xnf1tf1UWX8m50hGtdGvOYveIMaxGiDNP8j60jtktV7H4n2gAreO', '⚡銀翼獵鷹⚡', 'https://seeiebucket.s3.ap-northeast-1.amazonaws.com/f23d7a68-046b-4661-9055-c10adb10a900.jpg', NULL, NULL, '我是一名藝術家，喜歡創作和表達自己的想法和情感，並且追求藝術的創新和突破。', '0', 1815, 30, 26, 0),
(45, '5oe3l5gsiggx@hotmail.com', '$2a$10$a.D/S53p30BgscOUxdT2keKkxvsUivtSFrL5zm1ohLX0/8FqSIXdy', '†風暴龍王†', 'https://pgw.udn.com.tw/gw/photo.php?u=https://uc.udn.com.tw/photo/2023/02/22/2/20249194.jpg&x=0&y=0&sw=0&sh=0&exp=3600&w=767', NULL, NULL, '我是一名企業家，喜歡創業和開拓新市場，並且具有領導能力和商業洞察力。', '0', 0, 25, 20, 0),
(46, '4msyt9vxayc0@hotmail.com', '$2a$10$MNrzTUhPBSEa3HkDe9sE4.Nd9PDjlRhFVmQxfrZ5sPfLt.dmzZiOi', '★無盡海皇★', 'https://pgw.udn.com.tw/gw/photo.php?u=https://uc.udn.com.tw/photo/2023/02/22/2/20249194.jpg&x=0&y=0&sw=0&sh=0&exp=3600&w=767', NULL, NULL, '我是一名市場營銷專家，擁有豐富的行銷策略和市場分析能力，並且善於創造品牌價值。', '0', 1167, 24, 30, 1),
(47, '2atb5z3j@hotmail.com', '$2a$10$wUqMQqn3xUrJ75WKfZlnN.Y12yIn2dFJZ6A0RaXGvzIlNtTJxK8zm', '∞星辰旅者∞', 'https://pgw.udn.com.tw/gw/photo.php?u=https://uc.udn.com.tw/photo/2023/02/22/2/20249194.jpg&x=0&y=0&sw=0&sh=0&exp=3600&w=767', NULL, NULL, '我是一名數據分析師，對於數據有著深入的理解和應用，並且喜歡從數據中發現商業價值。', '0', 1804, 24, 25, 1),
(48, 'oha6ytlvsqcq9vj@gmail.com', '$2a$10$gUKN1hnrws6f8ZuPkN4aIu84cwNvfEmYZtcf0pxIBYCfflRR/3zM.', '⚔夢魘裁決者⚔', 'https://pgw.udn.com.tw/gw/photo.php?u=https://uc.udn.com.tw/photo/2023/02/22/2/20249194.jpg&x=0&y=0&sw=0&sh=0&exp=3600&w=767', NULL, NULL, '我是一名人力資源專家，熟悉招聘、培訓和組織發展，並且致力於打造優秀的團隊。', '0', 689, 31, 22, 0),
(49, 'y2k0vdqfue8vcq@yahoo.com', '$2a$10$UvOVFM7Ay9hBb7B/BQIfbe5cvsr4RMLSQ5qbfOBf3iK4ehz64mUM6', '⚡魔導巨獸⚡', 'https://pgw.udn.com.tw/gw/photo.php?u=https://uc.udn.com.tw/photo/2023/02/22/2/20249194.jpg&x=0&y=0&sw=0&sh=0&exp=3600&w=767', NULL, NULL, '我是一名網路行銷專家，熟悉SEO和社群媒體，並且善於利用網路平台推廣產品和服務。', '0', 1180, 24, 27, 0),
(50, '6usya4dex1@hotmail.com', '$2a$10$zE8kwp0qdhHOFXCmuf4xCOxkWsoCazva4lxATpm.A9wdXxHj3OVhi', '†紅蓮劍聖†', 'https://pgw.udn.com.tw/gw/photo.php?u=https://uc.udn.com.tw/photo/2023/02/22/2/20249194.jpg&x=0&y=0&sw=0&sh=0&exp=3600&w=767', NULL, NULL, '我是一名專案經理，擁有良好的項目管理和溝通能力，並且善於協調各方利益。', '0', 1776, 22, 26, 1),
(51, '313tf0j5q8p@gmail.com', '$2a$10$4DfchQeJMOXg7DUQW1bfp.mFYW1MadCmze/cGjOJSDzJ5wZ9Qk0l.', '★絕對零度★', 'https://pgw.udn.com.tw/gw/photo.php?u=https://uc.udn.com.tw/photo/2023/02/22/2/20249194.jpg&x=0&y=0&sw=0&sh=0&exp=3600&w=767', NULL, NULL, '我是一名營運管理者，擁有供應鏈和生產管理的專業知識，並且追求效率和品質。', '0', 0, 20, 23, 0),
(52, 'k1nzgh8o1k28w@yahoo.com', '$2a$10$8zm40OHy0LmJWJr3hBxiZ.ql/TnYe7/TjECh0H.sNMSxxmULTHtZq', '∞破晓之光∞', 'https://pgw.udn.com.tw/gw/photo.php?u=https://uc.udn.com.tw/photo/2023/02/22/2/20249194.jpg&x=0&y=0&sw=0&sh=0&exp=3600&w=767', NULL, NULL, '我是一名客戶服務代表，善於與客戶溝通和解決問題，並且致力於提供優質的客戶體驗。', '0', 0, 29, 26, 1),
(53, 'v9rtai9vnty@gmail.com', '$2a$10$FfiqMcgKXqzOWFCBKHYWreHyHFsO6b.M9loQUdKWAENB3GIjDJpp6', '⚔黑夜鬼魂⚔', 'https://pgw.udn.com.tw/gw/photo.php?u=https://uc.udn.com.tw/photo/2023/02/22/2/20249194.jpg&x=0&y=0&sw=0&sh=0&exp=3600&w=767', NULL, NULL, '我是一名品牌經理，擁有品牌定位和推廣的專業知識，並且善於打造獨特的品牌形象。', '0', 0, 25, 20, 0),
(54, 'baiy4mwva@hotmail.com', '$2a$10$5e46QPJ3B2sCcjt2pOjENOC3.EuAowYUC48nrmSou1JbkSbHg9kE6', '⚡雷霆裁决⚡', 'https://pgw.udn.com.tw/gw/photo.php?u=https://uc.udn.com.tw/photo/2023/02/22/2/20249194.jpg&x=0&y=0&sw=0&sh=0&exp=3600&w=767', NULL, NULL, '我是一名資訊科技專家，熟悉軟體開發和系統管理，並且追求技術創新和卓越。', '0', 0, 24, 33, 0),
(55, 'kxna4biib@yahoo.com', '$2a$10$bRhS9qKm74bN5CS9x3DmO.EzvXsKMhA7fGCD.0XEJSSDwpJ4z2fVi', '†烈焰破坏者†', 'https://pgw.udn.com.tw/gw/photo.php?u=https://uc.udn.com.tw/photo/2023/02/22/2/20249194.jpg&x=0&y=0&sw=0&sh=0&exp=3600&w=767', NULL, NULL, '我是一名財務分析師，擁有財務報表分析和投資評估的專業能力，並且追求經濟效益和風險控制。', '0', 0, 28, 24, 1),
(56, 'eoaefrtfsn3l@gmail.com', '$2a$10$e6xRS1uwOCp/ZRyYouk24uFoDA2NkQz0KPaQANuh4fCUUiie2P3qe', '★寂静刺客★', 'https://pgw.udn.com.tw/gw/photo.php?u=https://uc.udn.com.tw/photo/2023/02/22/2/20249194.jpg&x=0&y=0&sw=0&sh=0&exp=3600&w=767', NULL, NULL, '我是一名市場調研分析師，善於收集和分析市場資訊，並且提供市場洞察和競爭策略。', '0', 0, 24, 23, 1),
(57, 'vl5vk84coxvi@gmail.com', '$2a$10$Q9.NZTNXT/Tjv0wX94EWwOkn24ePdrIgQ.iIgmFXIsz7Hi3/I0Dru', '∞无尽之翼∞', 'https://pgw.udn.com.tw/gw/photo.php?u=https://uc.udn.com.tw/photo/2023/02/22/2/20249194.jpg&x=0&y=0&sw=0&sh=0&exp=3600&w=767', NULL, NULL, '我是一名產品經理，擁有產品開發和產品管理的專業知識，並且致力於開發有競爭力的產品。', '0', 0, 24, 18, 0),
(58, 'w0kw27psnat7@hotmail.com', '$2a$10$SVl6WGnJLnUhMYlsXTpnFu1RRWrXc82WHM5JEBFFzMCgpZQttEjay', '⚔疾风剑豪⚔', 'https://pgw.udn.com.tw/gw/photo.php?u=https://uc.udn.com.tw/photo/2023/02/22/2/20249194.jpg&x=0&y=0&sw=0&sh=0&exp=3600&w=767', NULL, NULL, '我是一名銷售代表，善於與客戶建立良好的關係和推銷產品，並且追求銷售目標的達成。', '0', 0, 40, 24, 0),
(59, '793i331j9gag@yahoo.com', '$2a$10$h.yHLvc5/1zhf.GuV0Exf.GmJSaQ0I4Q5iles5CcykGJMhrjd/2cy', '⚡狂野獠牙⚡', 'https://pgw.udn.com.tw/gw/photo.php?u=https://uc.udn.com.tw/photo/2023/02/22/2/20249194.jpg&x=0&y=0&sw=0&sh=0&exp=3600&w=767', NULL, NULL, '我是一名市場策略師，擁有市場分析和策略制定的專業能力，並且致力於為企業創造價值。', '0', 0, 27, 24, 0),
(60, 't9txpy4x1o67mn5@hotmail.com', '$2a$10$kUcPVCSvm.9ZKoiHblox6eHM4dSc6GaE3fDSmJYy7CxCZLrZklq8m', '†死神使者†', 'https://pgw.udn.com.tw/gw/photo.php?u=https://uc.udn.com.tw/photo/2023/02/22/2/20249194.jpg&x=0&y=0&sw=0&sh=0&exp=3600&w=767', NULL, NULL, '我是一名人力資源總監，負責人力資源策略和人才發展，並且致力於打造優秀的人才團隊。', '0', 0, 19, 30, 0),
(61, 'ew4h73di@yahoo.com', '$2a$10$iJkQpKKnZmeHFh9s/Pfxe.3F6gTHTi6MoO.lvUjctlYBVOFT/w8pu', '★凶星落尽★', 'https://pgw.udn.com.tw/gw/photo.php?u=https://uc.udn.com.tw/photo/2023/02/22/2/20249194.jpg&x=0&y=0&sw=0&sh=0&exp=3600&w=767', NULL, NULL, '我是一名設計師，擁有豐富的創意和設計能力，並且喜歡將想法變為現實的作品。', '0', 0, 32, 18, 0),
(62, 'gur9u00ykoo1@yahoo.com', '$2a$10$e1QarcMB9aYo.4c/0QNINuGR/vYQaEMZ845wPuFlK2JPOBJMPj9nC', '∞黑暗游侠∞', 'https://pgw.udn.com.tw/gw/photo.php?u=https://uc.udn.com.tw/photo/2023/02/22/2/20249194.jpg&x=0&y=0&sw=0&sh=0&exp=3600&w=767', NULL, NULL, '我是一名市場推廣專家，熟悉各種推廣手段和市場趨勢，並且善於制定有效的推廣策略。', '0', 0, 26, 27, 0),
(63, 'n1z934fm9@hotmail.com', '$2a$10$PRIuOPQWLNtecIGJ0wIXJ.b8wwS49bQ03/sICs8ClQXAK/gjPef92', '⚔狂热幻象⚔', 'https://pgw.udn.com.tw/gw/photo.php?u=https://uc.udn.com.tw/photo/2023/02/22/2/20249194.jpg&x=0&y=0&sw=0&sh=0&exp=3600&w=767', NULL, NULL, '我是一名經濟學家，對經濟理論和市場環境有深入的研究，並且喜歡分析和解讀數據。', '0', 0, 19, 30, 0),
(64, 'i180xauhifipst8@yahoo.com', '$2a$10$grn7/B8BzwdoyO9fxt6oWuEE41nRFLc9sunnlyxtwzngeebuYPY1G', '⚡惊雷剑豪⚡', 'https://pgw.udn.com.tw/gw/photo.php?u=https://uc.udn.com.tw/photo/2023/02/22/2/20249194.jpg&x=0&y=0&sw=0&sh=0&exp=3600&w=767', NULL, NULL, '我是一名專案經理，擁有良好的項目管理和團隊合作能力，並且致力於順利完成項目。', '0', 0, 16, 23, 0),
(65, 'ap8cq53nbzr5r3@hotmail.com', '$2a$10$a2O88yB9GjjWI0z9h/QM4.Bh7OPHuWCNCUy8e7deeD0M7XaJw0FEy', '†灵魂收割者†', 'https://pgw.udn.com.tw/gw/photo.php?u=https://uc.udn.com.tw/photo/2023/02/22/2/20249194.jpg&x=0&y=0&sw=0&sh=0&exp=3600&w=767', NULL, NULL, '我是一名人力資源專家，熟悉招聘和培訓，並且善於發現和培養優秀的人才。', '0', 0, 29, 24, 0),
(66, 'llf63hdth1v@gmail.com', '$2a$10$66/ojmkWE5y6gOBvaXKzrOLVuoZCk7XxCW1SzD4/1hPzB56.1QAiO', '★破晓先锋★', 'https://pgw.udn.com.tw/gw/photo.php?u=https://uc.udn.com.tw/photo/2023/02/22/2/20249194.jpg&x=0&y=0&sw=0&sh=0&exp=3600&w=767', NULL, NULL, '我是一名軟體工程師，擁有軟體開發和編程的專業知識，並且追求高品質的程式碼。', '0', 0, 27, 25, 0),
(67, 'jiurqrb0@hotmail.com', '$2a$10$aKybut1GXRiJzKMTu050Ze.Wv7Bix6Ac59blMVl22I7sY2HGHcEg.', '∞末日领主∞', 'https://pgw.udn.com.tw/gw/photo.php?u=https://uc.udn.com.tw/photo/2023/02/22/2/20249194.jpg&x=0&y=0&sw=0&sh=0&exp=3600&w=767', NULL, NULL, '我是一名銷售經理，善於與客戶溝通和洽談合作，並且致力於達成銷售目標。', '0', 0, 24, 23, 0),
(68, 'dzpaek9dlysde@yahoo.com', '$2a$10$Funwn/CyKlq72FU9P4r4mOaiBOlnEFyS6c4veN.QYlU3YZxFcCaKW', '⚔寒冰剑士⚔', 'https://pgw.udn.com.tw/gw/photo.php?u=https://uc.udn.com.tw/photo/2023/02/22/2/20249194.jpg&x=0&y=0&sw=0&sh=0&exp=3600&w=767', NULL, NULL, '我是一名市場研究分析師，熟悉市場調查和分析方法，並且善於提供市場洞察和建議。', '0', 0, 23, 20, 0),
(69, 'l0s1xva16z8jk@hotmail.com', '$2a$10$3hfPx7NLOQGbR/h3ESLrGexCot/opGxWpa1rN3Xn93R8mqdfTBC6a', '⚡绝望使者⚡', 'https://pgw.udn.com.tw/gw/photo.php?u=https://uc.udn.com.tw/photo/2023/02/22/2/20249194.jpg&x=0&y=0&sw=0&sh=0&exp=3600&w=767', NULL, NULL, '我是一名財務專家，擁有財務管理和投資分析的專業能力，並且追求經濟效益和風險控制。', '0', 0, 23, 23, 0),
(70, '35cqoglmccn1@gmail.com', '$2a$10$0p8CbpZVN228TtJp/l6XE.5LMEqMnXCHq/4lN/g00lNb99EvbdY0u', '†地狱领主†', 'https://pgw.udn.com.tw/gw/photo.php?u=https://uc.udn.com.tw/photo/2023/02/22/2/20249194.jpg&x=0&y=0&sw=0&sh=0&exp=3600&w=767', NULL, NULL, '我是一名品牌經理，熟悉品牌定位和推廣策略，並且致力於打造有競爭力的品牌形象。', '0', 0, 24, 27, 0),
(71, '575s2w9zg@hotmail.com', '$2a$10$mbniNLBGF7GojjnFA9Jy9OAZAi1bc3QzYBLjjfjUv2h88iu0AcrMy', '★星际亡灵★', 'https://pgw.udn.com.tw/gw/photo.php?u=https://uc.udn.com.tw/photo/2023/02/22/2/20249194.jpg&x=0&y=0&sw=0&sh=0&exp=3600&w=767', NULL, NULL, '我是一名客戶服務代表，善於與客戶溝通和解決問題，並且致力於提供優質的客戶體驗。', '0', 0, 22, 33, 0),
(72, '50ce8btyt0lfe3b@yahoo.com', '$2a$10$dAD/Z35HEaYh/wKzxwpFeulF.AWxodLgvRUl78jeDWX8ooLjGkHnO', '∞神秘潜行者∞', 'https://pgw.udn.com.tw/gw/photo.php?u=https://uc.udn.com.tw/photo/2023/02/22/2/20249194.jpg&x=0&y=0&sw=0&sh=0&exp=3600&w=767', NULL, NULL, '我是一名市場策略師，擁有市場分析和策略制定的專業能力，並且致力於為企業創造價值。', '0', 0, 28, 21, 0),
(73, 'x26isqxn4@gmail.com', '$2a$10$/PwOmo2Z4QXoFKV1JJGWLO3/Z0JF47qbDk.wSJVCzlCHj/3il55..', '⚔霸道剑皇⚔', 'https://pgw.udn.com.tw/gw/photo.php?u=https://uc.udn.com.tw/photo/2023/02/22/2/20249194.jpg&x=0&y=0&sw=0&sh=0&exp=3600&w=767', NULL, NULL, '我是一名人力資源總監，負責人力資源策略和人才發展，並且致力於打造優秀的人才團隊。', '0', 0, 36, 21, 1),
(74, 'dlyta9cu3ea@hotmail.com', '$2a$10$J8USD6ERG0udjaQKq0qJC.dLaTeQq81TYdaBbRUQ/5NwVLwov2UA.', '⚡无尽战神⚡', 'https://pgw.udn.com.tw/gw/photo.php?u=https://uc.udn.com.tw/photo/2023/02/22/2/20249194.jpg&x=0&y=0&sw=0&sh=0&exp=3600&w=767', NULL, NULL, '我是一名營運經理，擁有供應鏈和生產管理的專業知識，並且追求效率和品質。', '0', 0, 25, 22, 1),
(75, 'ubdm2dhd387s2@gmail.com', '$2a$10$B.//.uNb6oPydsK.uqqk/ua8NLeojw3PImtZ/FRV.3bL2.jVICqnK', '†彩虹破碎者†', 'https://pgw.udn.com.tw/gw/photo.php?u=https://uc.udn.com.tw/photo/2023/02/22/2/20249194.jpg&x=0&y=0&sw=0&sh=0&exp=3600&w=767', NULL, NULL, '我是一名數據分析師，對於數據有著深入的理解和應用，並且喜歡從數據中發現商業價值。', '0', 0, 28, 19, 0),
(76, 't3ot5a266f@yahoo.com', '$2a$10$CKZDsg9wErigAlc0LgKA9etcqJ0A4sfZCozE5v2cJ2ngg0b02DLm2', '★血色黎明★', 'https://pgw.udn.com.tw/gw/photo.php?u=https://uc.udn.com.tw/photo/2023/02/22/2/20249194.jpg&x=0&y=0&sw=0&sh=0&exp=3600&w=767', NULL, NULL, '我是一個熱愛旅遊的人，喜歡探索新的地方和文化。', '0', 0, 29, 26, 0),
(77, 'vgptcxxks2bp4@yahoo.com', '$2a$10$w9oj40e1HDY3gz7LK05RdOow8su.gtmk5ixNj.YlEPTW4rveMdEkO', '∞絕望使者∞', 'https://pgw.udn.com.tw/gw/photo.php?u=https://uc.udn.com.tw/photo/2023/02/22/2/20249194.jpg&x=0&y=0&sw=0&sh=0&exp=3600&w=767', NULL, NULL, '我熱衷於攝影，喜歡捕捉美麗的風景和人物。', '0', 0, 26, 17, 0),
(78, 'fn8keda9a3fp5nz@hotmail.com', '$2a$10$GTyfiXwDMCN8fhctHQjjbeH7MwAxFBXKuhIEr4NQDWmT9TJYCGUBy', '⚔黑暗預言者⚔', 'https://pgw.udn.com.tw/gw/photo.php?u=https://uc.udn.com.tw/photo/2023/02/22/2/20249194.jpg&x=0&y=0&sw=0&sh=0&exp=3600&w=767', NULL, NULL, '我是一個音樂愛好者，喜歡彈奏吉他和創作音樂。', '0', 0, 37, 22, 0),
(79, 'aihjl6p1neb6@hotmail.com', '$2a$10$sp6wOVmC2.3voSCI8AmqruQoMeJBoeUYgoXVFm/YxQix8Jw8SEFoa', '⚡寂靜破壞者⚡', 'https://pgw.udn.com.tw/gw/photo.php?u=https://uc.udn.com.tw/photo/2023/02/22/2/20249194.jpg&x=0&y=0&sw=0&sh=0&exp=3600&w=767', NULL, NULL, '我是一個書蟲，喜歡閱讀各種類型的書籍。', '0', 0, 21, 24, 0),
(80, '7odpvzm4d6ja93@gmail.com', '$2a$10$/MiT6gIKzzM7TCN5zRZ03.Vqoysr6UAkdvN.t5kaGd5rE2I2jXfzu', '†禁忌孤狼†', 'https://pgw.udn.com.tw/gw/photo.php?u=https://uc.udn.com.tw/photo/2023/02/22/2/20249194.jpg&x=0&y=0&sw=0&sh=0&exp=3600&w=767', NULL, NULL, '我熱愛運動，特別是籃球和足球。', '0', 0, 19, 28, 0),
(81, 's1h0r3c0okodqbb@yahoo.com', '$2a$10$cdys1pl6LSzUwxsaDT.RcOrxJjptyS2ElZl.zo81Vmj.9.jfa0Lx6', '★無情裁決者★', 'https://pgw.udn.com.tw/gw/photo.php?u=https://uc.udn.com.tw/photo/2023/02/22/2/20249194.jpg&x=0&y=0&sw=0&sh=0&exp=3600&w=767', NULL, NULL, '我是一個愛狗人士，喜歡和狗狗一起散步和玩耍。', '0', 0, 21, 27, 0),
(82, '1h7bex1e@gmail.com', '$2a$10$aoh6M9InMGyEbjIpqA4ozu6ddKQKKq9M0b5jy75xmgyX2cqMpTwpm', '∞最終魔導士∞', 'https://pgw.udn.com.tw/gw/photo.php?u=https://uc.udn.com.tw/photo/2023/02/22/2/20249194.jpg&x=0&y=0&sw=0&sh=0&exp=3600&w=767', NULL, NULL, '我喜歡烹飪，特別是嘗試新的食譜和美食。', '0', 0, 26, 25, 0),
(83, '3ispe1k2sk3t5@hotmail.com', '$2a$10$25ZAzydKouWm5EK7VLLt9uhd/rsYCCCKBjGwmLoGecTA2E/1JTKvC', '⚔末日旅行者⚔', 'https://pgw.udn.com.tw/gw/photo.php?u=https://uc.udn.com.tw/photo/2023/02/22/2/20249194.jpg&x=0&y=0&sw=0&sh=0&exp=3600&w=767', NULL, NULL, '我是一個藝術愛好者，喜歡繪畫和創作藝術作品。', '0', 0, 25, 24, 0),
(84, 'j5dwjthctm@gmail.com', '$2a$10$oI/8forE5nkUgeuq5a2Jz.aDRH.q6duG8YgwCTD8593IDMSblsnhG', '⚡混沌風暴⚡', 'https://pgw.udn.com.tw/gw/photo.php?u=https://uc.udn.com.tw/photo/2023/02/22/2/20249194.jpg&x=0&y=0&sw=0&sh=0&exp=3600&w=767', NULL, NULL, '我熱愛大自然，喜歡在森林中散步和露營。', '0', 0, 24, 22, 0),
(85, 'rtu7m78of8hz@gmail.com', '$2a$10$41tMQvoLF57NpO864W8nTO5YfHnKKvA5UjdBt9OmukcoMzGfUx8c.', '†憤怒狩獵者†', 'https://pgw.udn.com.tw/gw/photo.php?u=https://uc.udn.com.tw/photo/2023/02/22/2/20249194.jpg&x=0&y=0&sw=0&sh=0&exp=3600&w=767', NULL, NULL, '我是一個科技迷，喜歡追蹤最新的科技趨勢和發展。', '0', 0, 26, 31, 0),
(86, 'd0n1gwhj8xs5@hotmail.com', '$2a$10$w4eCsZsPZqKnipLeWexnZOyklKl/punHgx/qkJLG.8NxaXVlQhg.K', '★秘密斬殺者★', 'https://pgw.udn.com.tw/gw/photo.php?u=https://uc.udn.com.tw/photo/2023/02/22/2/20249194.jpg&x=0&y=0&sw=0&sh=0&exp=3600&w=767', NULL, NULL, '我喜歡學習新的語言，目前正在學習法語。', '0', 0, 27, 25, 0),
(87, '3dfc6r9voka@gmail.com', '$2a$10$xm1snwf8D72Argn1s1X6FuNGa8/Ze5DLV3xu49LNxyzi36XEzMfKi', '∞暴風雪劍士∞', 'https://pgw.udn.com.tw/gw/photo.php?u=https://uc.udn.com.tw/photo/2023/02/22/2/20249194.jpg&x=0&y=0&sw=0&sh=0&exp=3600&w=767', NULL, NULL, '我熱愛音樂，喜歡彈鋼琴和聆聽不同類型的音樂。', '0', 0, 21, 26, 0),
(88, 'b7xaezs9a8us1@gmail.com', '$2a$10$XHl5P8xgUvtfbHdai5a.pOPs19YgBZ02a8maoozB82rB5gvp.hKVG', '⚔無盡火焰⚔', 'https://pgw.udn.com.tw/gw/photo.php?u=https://uc.udn.com.tw/photo/2023/02/22/2/20249194.jpg&x=0&y=0&sw=0&sh=0&exp=3600&w=767', NULL, NULL, '我是一個自由行者，喜歡獨自旅行並體驗不同的文化。', '0', 0, 17, 30, 0),
(89, 'hzmymul3brp@yahoo.com', '$2a$10$ghjk5.XsUEAa.CjxLhePb.pGxiYV1itBDpzwI7jo2obQifxG6ZP.S', '⚡不滅幻影⚡', 'https://pgw.udn.com.tw/gw/photo.php?u=https://uc.udn.com.tw/photo/2023/02/22/2/20249194.jpg&x=0&y=0&sw=0&sh=0&exp=3600&w=767', NULL, NULL, '我喜歡戶外活動，特別是登山和露營。', '0', 0, 19, 21, 0),
(90, 'tk80gww988dqh@hotmail.com', '$2a$10$8TPohgr.q3IP2NGI2CQjLOtrX3xKI8wzMSkDoSHKOWIdOXt1G0Rx.', '†絕對統治者†', 'https://pgw.udn.com.tw/gw/photo.php?u=https://uc.udn.com.tw/photo/2023/02/22/2/20249194.jpg&x=0&y=0&sw=0&sh=0&exp=3600&w=767', NULL, NULL, '我是一名網路行銷專家，擁有豐富的網路推廣經驗，並且熟悉各種網路行銷工具和平台。', '0', 0, 36, 24, 0),
(91, 'bnwyvlvopdtwj1w@yahoo.com', '$2a$10$4/FiQw1ZTKV5WL9uSDOxKOKWAqaNMnGYjYLf26NTpVPx7ej7ySyPi', '★輝煌騎士★', 'https://pgw.udn.com.tw/gw/photo.php?u=https://uc.udn.com.tw/photo/2023/02/22/2/20249194.jpg&x=0&y=0&sw=0&sh=0&exp=3600&w=767', NULL, NULL, '我是一名人力資源經理，負責招聘和培訓，並且致力於打造優秀的人才團隊。', '0', 0, 23, 18, 0),
(92, 'vtqsks8gqggsdn@yahoo.com', '$2a$10$jk3fR5QHsU3d3q6i0roBVeNVP.pL1o0jtPinlpuJQRydQyMOVKeCC', '∞黑夜守護者∞', 'https://pgw.udn.com.tw/gw/photo.php?u=https://uc.udn.com.tw/photo/2023/02/22/2/20249194.jpg&x=0&y=0&sw=0&sh=0&exp=3600&w=767', NULL, NULL, '我是一名產品經理，擁有產品開發和管理的專業知識，並且善於市場分析和產品定位。', '0', 0, 18, 20, 0),
(93, 'n00sww2s@hotmail.com', '$2a$10$tALzxUFSiAA4PoV.qBQ9RuTZYA5/XASIwQUR1hjLtGWwonCGF1ekO', '⚔鋼鐵獅心⚔', 'https://pgw.udn.com.tw/gw/photo.php?u=https://uc.udn.com.tw/photo/2023/02/22/2/20249194.jpg&x=0&y=0&sw=0&sh=0&exp=3600&w=767', NULL, NULL, '我是一名財務分析師，熟悉財務報表和投資評估，並且善於提供財務建議和策略。', '0', 0, 21, 23, 0),
(94, 'j3khcfqgtw@hotmail.com', '$2a$10$ciI8c5h68MtIpSw.BFpZjOfEW7lTGTk.cRf6c1lN5n8TRlrMtuStm', '⚡超絕刺客⚡', 'https://pgw.udn.com.tw/gw/photo.php?u=https://uc.udn.com.tw/photo/2023/02/22/2/20249194.jpg&x=0&y=0&sw=0&sh=0&exp=3600&w=767', NULL, NULL, '我是一名客戶關係經理，善於與客戶建立良好的關係，並且致力於提供優質的客戶服務。', '0', 0, 24, 23, 0),
(95, 'm14k4uh4i@hotmail.com', '$2a$10$EI87TVpednOZ89bKQ4TeWOEmcftHo.BZdpuf5nBZlutmslaruGEum', '†神秘貴族†', 'https://pgw.udn.com.tw/gw/photo.php?u=https://uc.udn.com.tw/photo/2023/02/22/2/20249194.jpg&x=0&y=0&sw=0&sh=0&exp=3600&w=767', NULL, NULL, '我是一名市場推廣專員，負責品牌宣傳和市場活動，並且善於制定創意的推廣策略。', '0', 0, 21, 20, 0),
(96, '2ng4wbp8aoe@hotmail.com', '$2a$10$YqG/jSzMJjBE78E93KaQnefYzhUEpHpylcAdSGNazW2hk0p3N0c46', '★深淵巫師★', 'https://pgw.udn.com.tw/gw/photo.php?u=https://uc.udn.com.tw/photo/2023/02/22/2/20249194.jpg&x=0&y=0&sw=0&sh=0&exp=3600&w=767', NULL, NULL, '我是一名業務經理，擁有豐富的銷售經驗和客戶開發能力，並且致力於達成銷售目標。', '0', 0, 33, 23, 0),
(97, 'rtmcpo713lzit@gmail.com', '$2a$10$eBfsblYtU02hse5l7oO7Q.vQ5hJ/i.z23udbziH/VoqC1fqBUbTcG', '∞激流勇士∞', 'https://pgw.udn.com.tw/gw/photo.php?u=https://uc.udn.com.tw/photo/2023/02/22/2/20249194.jpg&x=0&y=0&sw=0&sh=0&exp=3600&w=767', NULL, NULL, '我是一名資料科學家，對於資料分析和機器學習有深入的研究，並且喜歡從數據中發現洞察。', '0', 0, 22, 20, 0),
(98, '3aehg8ba@gmail.com', '$2a$10$hr2gvRvu/dcWnzdF72m0pe9SrZ5YCxfyt6Crkm7.jTvfX2.hEMS/O', '⚔狂野之魂⚔', 'https://pgw.udn.com.tw/gw/photo.php?u=https://uc.udn.com.tw/photo/2023/02/22/2/20249194.jpg&x=0&y=0&sw=0&sh=0&exp=3600&w=767', NULL, NULL, '我是一名人力資源專員，負責招聘和員工福利，並且致力於營造良好的工作環境。', '0', 0, 21, 25, 0),
(99, '4a690103@gmail.com', 'google', '洪偉哲', 'https://lh3.googleusercontent.com/a/AAcHTtfNf2K_kOAxMLyYMbZROXsjz4ipTnwgAAbydb4bhyBM=s96-c', NULL, NULL, NULL, '1', 0, 0, 4, 0),
(100, 'star159357tw@gmail.com', 'google', 'とかげ', 'https://lh3.googleusercontent.com/a/AAcHTtcYZkcCEfrmoQwkjfVDWzMS8MJ3eAYSUXXN-XCKR-4FWg=s96-c', NULL, NULL, NULL, '1', 0, 4, 0, 1),
(101, 'shps950421@gmail.com', 'google', 'Cherry Haung', 'https://lh3.googleusercontent.com/a/AAcHTtfErkw_NPfWS53DphsLDnURzgSvYygaJ7dS0-5BllbJRnxD=s96-c', NULL, NULL, NULL, '1', 0, 3, 0, 0),
(102, 'yang87924@gmail.com', 'google', 'yang', 'https://lh3.googleusercontent.com/a/AAcHTtdER13A2ekoKaBbTyToMPi5Vcg2eznRylc0GvQp07ma1g=s96-c', NULL, NULL, NULL, '1', 0, 2, 6, 1),
(103, 'gpx5992189@gmail.com', 'google', 'px Kao', 'https://seeiebucket.s3.ap-northeast-1.amazonaws.com/2ba185d5-7005-44bf-aa87-deea2d826f87.jpg', NULL, NULL, 'null', '1', 0, 3, 1, 0),
(104, 'zch@eeit64.com', '$2a$10$fCcvMf200E.pSdY4lZPdauKfs9QTg4I/ZAYixu2dRbpi5gjKq4nvK', '你好世界', NULL, NULL, NULL, NULL, '0', 0, 0, 0, 0),
(105, 'chih.chung.li.1991@gmail.com', 'google', 'chihchung Li', 'https://lh3.googleusercontent.com/a/AAcHTtczpRQF2k_-nU8QE5z72xm_sLi8cybCPt9ky_DYj7IvJBg=s96-c', NULL, NULL, NULL, '1', 0, 5, 0, 0),
(106, 'chainheaven@gmail.com', '$2a$10$9xTIIOtx2nnVJikmBMb7nen06qqGAdOXhbT1j86kcRexeVQF4nfFe', '嘟嘟', NULL, NULL, NULL, NULL, '0', 0, 0, 0, 0),
(107, 'chainheaven1@gmail.com', '$2a$10$PgaVEgRnRXnt.1heI3tr3O55YChyn176gFFKu5ZHMD2P3/31TWwJS', '嘟嘟嘟嘟', 'https://seeiebucket.s3.ap-northeast-1.amazonaws.com/7e253211-ecba-4223-bffb-f1db1ddfeb42.jpg', NULL, NULL, '你好我是嘟嘟', '0', 0, 0, 0, 0),
(108, '1231@', '$2a$10$2Rggi6Xy4euoVPSwppnyTu7I2/MDQIDAJJJWsI4w3k4BzXyNvi0oW', 'esw4uopm83@hotmail.com', NULL, NULL, NULL, NULL, '0', 0, 0, 0, 0),
(109, 'chainheaven@gmail.com', 'google', '嘟之呼吸', 'https://seeiebucket.s3.ap-northeast-1.amazonaws.com/7d79ccc8-6f86-4a07-b157-6258fb8ffb76.jpg', NULL, NULL, '我是嘟大爺', '1', 0, 6, 7, 0),
(110, '0909@11', '$2a$10$v6WUZlOV5Kh6u3iv3dQT9uTjB9pe7wVFV9FUzY/DcTGppTfmbr4rq', '123', NULL, NULL, NULL, NULL, '0', 0, 0, 0, 0),
(111, '109@111', '$2a$10$2vWjTxs30YQpBlk5EDP38ucgInzLGKZcCHa0z/.cDKXGH5sQtFIcS', '213', NULL, NULL, NULL, NULL, '0', 0, 0, 0, 0),
(112, '409578076@gms.tku.edu.tw', 'google', 'JH', 'https://seeiebucket.s3.ap-northeast-1.amazonaws.com/76dafe26-ab0e-49a6-add0-7e73643f5187.jpg', NULL, NULL, 'Lumos🪄', '1', 0, 3, 6, 1),
(113, 'jason@jason.com', '1314520', '元素風暴秘書長', 'https://seeiebucket.s3.ap-northeast-1.amazonaws.com/ae0d08b4-4040-4c5d-8297-bd16b7987d4b.png', NULL, NULL, 'nulllllllll', '0', 0, 0, 0, 0),
(114, 'polaris1212owo@gmail.com', 'polaris1212', '夏洛特', NULL, NULL, NULL, NULL, '0', 0, 0, 0, 0);

-- --------------------------------------------------------

--
-- Table structure for table `userDyThreadLove`
--

CREATE TABLE `userDyThreadLove` (
  `userDyThreadLoveId` int NOT NULL,
  `userId` int DEFAULT NULL,
  `dyThreadId` int DEFAULT NULL,
  `loveStatus` int DEFAULT NULL,
  `deleted` int NOT NULL DEFAULT '1'
) ENGINE=InnoDB DEFAULT CHARSET=utf8mb4 COLLATE=utf8mb4_0900_ai_ci;

--
-- Dumping data for table `userDyThreadLove`
--

INSERT INTO `userDyThreadLove` (`userDyThreadLoveId`, `userId`, `dyThreadId`, `loveStatus`, `deleted`) VALUES
(1, 2, 50, 0, 0),
(5, 2, 1, 0, 0),
(6, 2, 1, 0, 0),
(7, 2, 1, 0, 0),
(8, 2, 1, 0, 0),
(9, 2, 1, 0, 0),
(10, 2, 1, 0, 0),
(11, 2, 1, 0, 0),
(12, 2, 1, 0, 0),
(13, 2, 1, 0, 0),
(14, 2, 1, 0, 0),
(15, 1, 5, 0, 0),
(16, 1, 5, 0, 0),
(17, 2, 1, 0, 0),
(18, 1, 5, 1, 1),
(19, 1, 1, 0, 0),
(20, 2, 1, 0, 0),
(21, 2, 4, 0, 0),
(22, 2, 4, 0, 0),
(23, 2, 4, 0, 0),
(24, 2, 4, 0, 0),
(25, 2, 4, 0, 0),
(26, 2, 4, 0, 0),
(27, 2, 4, 0, 0),
(28, 2, 4, 0, 0),
(29, 2, 4, 0, 0),
(30, 2, 4, 0, 0),
(31, 2, 4, 0, 0),
(32, 2, 4, 0, 0),
(33, 2, 4, 0, 0),
(34, 2, 4, 0, 0),
(35, 2, 4, 0, 0),
(36, 2, 4, 0, 0),
(37, 2, 4, 0, 0),
(38, 2, 4, 0, 0),
(39, 2, 4, 0, 0),
(40, 2, 4, 0, 0),
(41, 2, 4, 0, 0),
(42, 2, 4, 0, 0),
(43, 2, 4, 0, 0),
(44, 2, 4, 0, 0),
(45, 2, 4, 0, 0),
(46, 2, 4, 0, 0),
(47, 2, 4, 0, 0),
(48, 2, 4, 0, 0),
(49, 2, 4, 0, 0),
(50, 2, 4, 0, 0),
(51, 2, 4, 0, 0),
(52, 2, 4, 0, 0),
(53, 2, 4, 0, 0),
(54, 2, 4, 0, 0),
(55, 2, 4, 0, 0),
(56, 2, 1, 0, 0),
(57, 2, 2, 0, 0),
(58, 2, 2, 0, 0),
(59, 2, 3, 0, 0),
(60, 2, 3, 0, 0),
(61, 4, 5, 0, 0),
(62, 4, 5, 0, 0),
(63, 4, 5, 1, 1),
(64, 2, 6, 0, 0),
(65, 2, 6, 0, 0),
(66, 2, 6, 0, 0),
(67, 2, 4, 0, 0),
(68, 2, 2, 0, 0),
(69, 2, 3, 0, 0),
(70, 2, 4, 0, 0),
(71, 2, 4, 0, 0),
(72, 2, 3, 0, 0),
(73, 2, 5, 0, 0),
(74, 2, 3, 0, 0),
(75, 2, 7, 1, 1),
(76, 2, 9, 1, 1),
(77, 2, 10, 1, 1),
(78, 2, 11, 1, 1),
(79, 2, 12, 0, 0),
(80, 2, 12, 0, 0),
(81, 2, 12, 0, 0),
(82, 2, 12, 0, 0),
(83, 2, 12, 0, 0),
(84, 2, 4, 0, 0),
(85, 2, 1, 0, 0),
(86, 2, 2, 0, 0),
(87, 2, 3, 1, 1),
(88, 2, 4, 0, 0),
(89, 2, 4, 0, 0),
(90, 2, 4, 0, 0),
(91, 2, 4, 0, 0),
(92, 2, 4, 0, 0),
(93, 2, 1, 0, 0),
(94, 2, 4, 0, 0),
(95, 1, 4, 0, 0),
(96, 1, 19, 0, 0),
(97, 1, 20, 1, 1),
(98, 1, 19, 0, 0),
(99, 1, 1, 0, 0),
(100, 1, 2, 0, 0),
(101, 1, 3, 1, 1),
(102, 2, 4, 0, 0),
(103, 2, 4, 0, 0),
(104, 2, 1, 0, 0),
(105, 2, 1, 0, 0),
(106, 2, 1, 0, 0),
(107, 2, 4, 1, 1),
(108, 1, 4, 0, 0),
(109, 3, 2, 1, 1),
(110, 3, 4, 0, 0),
(111, 3, 4, 0, 0),
(112, 3, 4, 0, 0),
(113, 3, 4, 0, 0),
(114, 3, 4, 0, 0),
(115, 3, 4, 0, 0),
(116, 1, 4, 0, 0),
(117, 3, 22, 0, 0),
(118, 3, 22, 1, 1),
(119, 3, 100, 0, 0),
(120, 3, 15, 0, 0),
(121, 3, 100, 0, 0),
(122, 2, 15, 0, 0),
(123, 2, 15, 0, 0),
(124, 2, 15, 0, 0),
(125, 2, 15, 0, 0),
(126, 2, 15, 0, 0),
(127, 6, 15, 0, 0),
(128, 3, 100, 0, 0),
(129, 3, 100, 0, 0),
(130, 2, 15, 0, 0),
(131, 2, 15, 0, 0),
(132, 2, 15, 0, 0),
(133, 2, 15, 0, 0),
(134, 2, 15, 0, 0),
(135, 2, 15, 1, 1),
(136, 6, 145, 1, 1),
(137, 7, 145, 0, 0),
(138, 7, 144, 1, 1),
(139, 9, 144, 0, 0),
(140, 11, 143, 1, 1),
(141, 11, 141, 1, 1),
(142, 13, 145, 1, 1),
(143, 13, 144, 1, 1),
(144, 13, 142, 1, 1),
(145, 10, 145, 0, 0),
(146, 10, 144, 0, 0),
(147, 10, 143, 0, 0),
(148, 10, 142, 0, 0),
(149, 3, 40, 0, 0),
(150, 101, 147, 0, 0),
(151, 101, 147, 0, 0),
(152, 2, 105, 1, 1),
(153, 2, 104, 0, 0),
(154, 2, 103, 0, 0),
(155, 2, 103, 1, 1),
(156, 2, 104, 0, 0),
(157, 2, 104, 0, 0),
(158, 2, 104, 0, 0),
(159, 2, 104, 0, 0),
(160, 2, 104, 0, 0),
(161, 2, 104, 1, 1),
(162, 1, 2, 0, 0),
(163, 3, 100, 0, 0),
(164, 1, 2, 0, 0),
(165, 1, 2, 0, 0),
(166, 1, 2, 0, 0),
(167, 1, 69, 0, 0),
(168, 1, 69, 0, 0),
(169, 2, 172, 0, 0),
(170, 99, 181, 0, 0),
(171, 2, 108, 0, 0),
(172, 2, 108, 1, 1),
(173, 3, 131, 0, 0),
(174, 3, 131, 1, 1),
(175, 100, 132, 1, 1),
(176, 102, 133, 1, 1),
(177, 1, 69, 0, 0),
(178, 2, 133, 0, 0),
(179, 2, 133, 0, 0),
(180, 2, 133, 1, 1),
(181, 1, 35, 1, 1),
(182, 105, 156, 1, 1),
(183, 105, 155, 1, 1),
(184, 1, 156, 1, 1),
(185, 3, 100, 1, 1),
(186, 3, 156, 1, 1),
(187, 3, 157, 1, 1),
(188, 1, 69, 0, 0),
(189, 1, 69, 0, 0),
(190, 1, 69, 1, 1),
(191, 3, 161, 0, 0),
(192, 3, 161, 1, 1),
(193, 3, 158, 0, 0),
(194, 3, 163, 1, 1),
(195, 3, 164, 1, 1),
(196, 112, 171, 1, 1),
(197, 112, 170, 1, 1),
(198, 112, 169, 1, 1),
(199, 112, 168, 1, 1),
(200, 109, 169, 1, 1),
(201, 109, 172, 1, 1),
(202, 109, 168, 0, 0),
(203, 109, 173, 1, 1),
(204, 2, 175, 1, 1),
(205, 2, 177, 1, 1),
(206, 2, 176, 1, 1),
(207, 109, 177, 0, 0),
(208, 102, 190, 1, 1),
(209, 102, 189, 1, 1),
(210, 99, 190, 0, 0),
(211, 99, 190, 1, 1),
(212, 99, 189, 0, 0),
(213, 99, 189, 1, 1),
(214, 113, 191, 1, 1),
(215, 113, 190, 0, 0),
(216, 113, 190, 1, 1);

-- --------------------------------------------------------

--
-- Table structure for table `userThreadLove`
--

CREATE TABLE `userThreadLove` (
  `userThreadLoveId` int NOT NULL,
  `userId` int DEFAULT NULL,
  `threadId` int DEFAULT NULL,
  `loveStatus` int DEFAULT NULL,
  `deleted` int DEFAULT '1'
) ENGINE=InnoDB DEFAULT CHARSET=utf8mb4 COLLATE=utf8mb4_0900_ai_ci;

--
-- Dumping data for table `userThreadLove`
--

INSERT INTO `userThreadLove` (`userThreadLoveId`, `userId`, `threadId`, `loveStatus`, `deleted`) VALUES
(1, 2, 50, 0, 0),
(5, 2, 1, 0, 0),
(98, 2, 1, 0, 0),
(99, 3, 2, 0, 0),
(100, 3, 2, 0, 0),
(101, 3, 2, 0, 0),
(102, 3, 2, 0, 0),
(103, 3, 2, 0, 0),
(104, 3, 2, 0, 0),
(105, 3, 2, 0, 0),
(106, 3, 2, 0, 0),
(107, 3, 2, 0, 0),
(108, 2, 2, 0, 0),
(109, 2, 2, 0, 0),
(110, 2, 2, 1, 1),
(111, 3, 2, 1, 1),
(112, 3, 69, 0, 0),
(113, 3, 69, 0, 0),
(114, 3, 19, 1, 1),
(115, 2, 1, 0, 0),
(116, 2, 1, 1, 1),
(117, 3, 22, 0, 0),
(118, 3, 22, 0, 0),
(119, 3, 22, 1, 1),
(120, 3, 69, 1, 1),
(121, 100, 1, 1, 1),
(122, 3, 1, 0, 0),
(123, 3, 1, 1, 1),
(124, 3, 153, 0, 0),
(125, 3, 153, 0, 0),
(126, 3, 153, 0, 0),
(127, 3, 153, 1, 1),
(128, 3, 156, 1, 1),
(129, 109, 253, 1, 1),
(130, 109, 255, 1, 1),
(131, 109, 254, 1, 1),
(132, 109, 256, 1, 1),
(133, 109, 263, 0, 0),
(134, 109, 263, 0, 0),
(135, 109, 263, 1, 1),
(136, 100, 263, 1, 1),
(137, 109, 264, 1, 1),
(138, 109, 265, 1, 1),
(139, 109, 268, 0, 0),
(140, 109, 268, 0, 0),
(141, 109, 268, 0, 0),
(142, 109, 268, 0, 0),
(143, 109, 268, 0, 0),
(144, 109, 268, 0, 0),
(145, 109, 268, 1, 1);

--
-- Indexes for dumped tables
--

--
-- Indexes for table `category`
--
ALTER TABLE `category`
  ADD PRIMARY KEY (`categoryId`);

--
-- Indexes for table `dyHashtag`
--
ALTER TABLE `dyHashtag`
  ADD PRIMARY KEY (`dyHashtagId`);

--
-- Indexes for table `dyReply`
--
ALTER TABLE `dyReply`
  ADD PRIMARY KEY (`dyReplyId`),
  ADD KEY `userId` (`userId`),
  ADD KEY `dyReply_ibfk_2` (`dyThreadId`);

--
-- Indexes for table `dyThread`
--
ALTER TABLE `dyThread`
  ADD PRIMARY KEY (`dyThreadId`),
  ADD KEY `userId` (`userId`);

--
-- Indexes for table `dyThreadHashtag`
--
ALTER TABLE `dyThreadHashtag`
  ADD PRIMARY KEY (`dyThreadHashtagId`),
  ADD KEY `dyThreadId` (`dyThreadId`),
  ADD KEY `dyHashtagId` (`dyHashtagId`);

--
-- Indexes for table `favoriteDyThread`
--
ALTER TABLE `favoriteDyThread`
  ADD PRIMARY KEY (`favoriteDyThreadId`),
  ADD KEY `userId` (`userId`),
  ADD KEY `favoriteDyThread_ibfk_2` (`dyThreadId`);

--
-- Indexes for table `favoriteThread`
--
ALTER TABLE `favoriteThread`
  ADD PRIMARY KEY (`favoriteThreadId`),
  ADD KEY `userId` (`userId`),
  ADD KEY `favoriteThread_ibfk_2` (`threadId`);

--
-- Indexes for table `friendship`
--
ALTER TABLE `friendship`
  ADD PRIMARY KEY (`friendshipId`),
  ADD KEY `friendship_ibfk_1` (`followerId`),
  ADD KEY `friendship_ibfk_2` (`followingId`);

--
-- Indexes for table `hashtag`
--
ALTER TABLE `hashtag`
  ADD PRIMARY KEY (`hashtagId`);

--
-- Indexes for table `reply`
--
ALTER TABLE `reply`
  ADD PRIMARY KEY (`replyId`),
  ADD KEY `userId` (`userId`),
  ADD KEY `reply_ibfk_2` (`threadId`);

--
-- Indexes for table `thread`
--
ALTER TABLE `thread`
  ADD PRIMARY KEY (`threadId`),
  ADD KEY `thread_ibfk_1` (`userId`),
  ADD KEY `thread_ibfk_2` (`categoryId`);

--
-- Indexes for table `threadHashtag`
--
ALTER TABLE `threadHashtag`
  ADD PRIMARY KEY (`threadHashtagId`),
  ADD KEY `threadId` (`threadId`),
  ADD KEY `hashtagId` (`hashtagId`);

--
-- Indexes for table `user`
--
ALTER TABLE `user`
  ADD PRIMARY KEY (`userId`);

--
-- Indexes for table `userDyThreadLove`
--
ALTER TABLE `userDyThreadLove`
  ADD PRIMARY KEY (`userDyThreadLoveId`),
  ADD KEY `userId` (`userId`),
  ADD KEY `dyThreadId` (`dyThreadId`);

--
-- Indexes for table `userThreadLove`
--
ALTER TABLE `userThreadLove`
  ADD PRIMARY KEY (`userThreadLoveId`),
  ADD KEY `userId` (`userId`),
  ADD KEY `threadId` (`threadId`);

--
-- AUTO_INCREMENT for dumped tables
--

--
-- AUTO_INCREMENT for table `category`
--
ALTER TABLE `category`
  MODIFY `categoryId` int NOT NULL AUTO_INCREMENT, AUTO_INCREMENT=14;

--
-- AUTO_INCREMENT for table `dyHashtag`
--
ALTER TABLE `dyHashtag`
  MODIFY `dyHashtagId` int NOT NULL AUTO_INCREMENT, AUTO_INCREMENT=89;

--
-- AUTO_INCREMENT for table `dyReply`
--
ALTER TABLE `dyReply`
  MODIFY `dyReplyId` int NOT NULL AUTO_INCREMENT, AUTO_INCREMENT=51;

--
-- AUTO_INCREMENT for table `dyThread`
--
ALTER TABLE `dyThread`
  MODIFY `dyThreadId` int NOT NULL AUTO_INCREMENT, AUTO_INCREMENT=197;

--
-- AUTO_INCREMENT for table `dyThreadHashtag`
--
ALTER TABLE `dyThreadHashtag`
  MODIFY `dyThreadHashtagId` int NOT NULL AUTO_INCREMENT, AUTO_INCREMENT=1552;

--
-- AUTO_INCREMENT for table `favoriteDyThread`
--
ALTER TABLE `favoriteDyThread`
  MODIFY `favoriteDyThreadId` int NOT NULL AUTO_INCREMENT, AUTO_INCREMENT=3972;

--
-- AUTO_INCREMENT for table `favoriteThread`
--
ALTER TABLE `favoriteThread`
  MODIFY `favoriteThreadId` int NOT NULL AUTO_INCREMENT, AUTO_INCREMENT=3189;

--
-- AUTO_INCREMENT for table `friendship`
--
ALTER TABLE `friendship`
  MODIFY `friendshipId` int UNSIGNED NOT NULL AUTO_INCREMENT, AUTO_INCREMENT=2527;

--
-- AUTO_INCREMENT for table `hashtag`
--
ALTER TABLE `hashtag`
  MODIFY `hashtagId` int NOT NULL AUTO_INCREMENT, AUTO_INCREMENT=45;

--
-- AUTO_INCREMENT for table `reply`
--
ALTER TABLE `reply`
  MODIFY `replyId` int NOT NULL AUTO_INCREMENT, AUTO_INCREMENT=555;

--
-- AUTO_INCREMENT for table `thread`
--
ALTER TABLE `thread`
  MODIFY `threadId` int NOT NULL AUTO_INCREMENT, AUTO_INCREMENT=269;

--
-- AUTO_INCREMENT for table `threadHashtag`
--
ALTER TABLE `threadHashtag`
  MODIFY `threadHashtagId` int NOT NULL AUTO_INCREMENT, AUTO_INCREMENT=321;

--
-- AUTO_INCREMENT for table `user`
--
ALTER TABLE `user`
  MODIFY `userId` int NOT NULL AUTO_INCREMENT, AUTO_INCREMENT=115;

--
-- AUTO_INCREMENT for table `userDyThreadLove`
--
ALTER TABLE `userDyThreadLove`
  MODIFY `userDyThreadLoveId` int NOT NULL AUTO_INCREMENT, AUTO_INCREMENT=217;

--
-- AUTO_INCREMENT for table `userThreadLove`
--
ALTER TABLE `userThreadLove`
  MODIFY `userThreadLoveId` int NOT NULL AUTO_INCREMENT, AUTO_INCREMENT=146;

--
-- Constraints for dumped tables
--

--
-- Constraints for table `dyReply`
--
ALTER TABLE `dyReply`
  ADD CONSTRAINT `dyReply_ibfk_1` FOREIGN KEY (`userId`) REFERENCES `user` (`userId`),
  ADD CONSTRAINT `dyReply_ibfk_2` FOREIGN KEY (`dyThreadId`) REFERENCES `dyThread` (`dyThreadId`);

--
-- Constraints for table `dyThread`
--
ALTER TABLE `dyThread`
  ADD CONSTRAINT `dyThread_ibfk_1` FOREIGN KEY (`userId`) REFERENCES `user` (`userId`);

--
-- Constraints for table `friendship`
--
ALTER TABLE `friendship`
  ADD CONSTRAINT `friendship_ibfk_1` FOREIGN KEY (`followerId`) REFERENCES `user` (`userId`) ON DELETE RESTRICT ON UPDATE RESTRICT,
  ADD CONSTRAINT `friendship_ibfk_2` FOREIGN KEY (`followingId`) REFERENCES `user` (`userId`) ON DELETE RESTRICT ON UPDATE RESTRICT;

--
-- Constraints for table `reply`
--
ALTER TABLE `reply`
  ADD CONSTRAINT `reply_ibfk_1` FOREIGN KEY (`userId`) REFERENCES `user` (`userId`),
  ADD CONSTRAINT `reply_ibfk_2` FOREIGN KEY (`threadId`) REFERENCES `thread` (`threadId`);

--
-- Constraints for table `thread`
--
ALTER TABLE `thread`
  ADD CONSTRAINT `thread_ibfk_1` FOREIGN KEY (`userId`) REFERENCES `user` (`userId`) ON DELETE RESTRICT ON UPDATE RESTRICT,
  ADD CONSTRAINT `thread_ibfk_2` FOREIGN KEY (`categoryId`) REFERENCES `category` (`categoryId`) ON DELETE RESTRICT ON UPDATE RESTRICT;

--
-- Constraints for table `threadHashtag`
--
ALTER TABLE `threadHashtag`
  ADD CONSTRAINT `threadHashtag_ibfk_1` FOREIGN KEY (`threadId`) REFERENCES `thread` (`threadId`),
  ADD CONSTRAINT `threadHashtag_ibfk_2` FOREIGN KEY (`hashtagId`) REFERENCES `hashtag` (`hashtagId`);

--
-- Constraints for table `userThreadLove`
--
ALTER TABLE `userThreadLove`
  ADD CONSTRAINT `userThreadLove_ibfk_1` FOREIGN KEY (`userId`) REFERENCES `user` (`userId`),
  ADD CONSTRAINT `userThreadLove_ibfk_2` FOREIGN KEY (`threadId`) REFERENCES `thread` (`threadId`);
COMMIT;

/*!40101 SET CHARACTER_SET_CLIENT=@OLD_CHARACTER_SET_CLIENT */;
/*!40101 SET CHARACTER_SET_RESULTS=@OLD_CHARACTER_SET_RESULTS */;
/*!40101 SET COLLATION_CONNECTION=@OLD_COLLATION_CONNECTION */;
